NO,YEAR,Y_distress,X1_gross_profit,X2_net_profit_margin,X3_current_ratio,X4_quick_ratio,X5_cash_ratio,X6_receivable_turnover,X7_inventory_turnover,X8_leverage_asset,X9_leverage_equity,X10_dscr,X11_asset_coverage,X12_mbv,X13_indep_commissioner,X14_board_diversity,X15_corruption_index,SHARE_CODE,IEQ_equity_to_liability,equity_negative,equity_negative_2yr,X1_gross_profit_frac,X2_net_profit_margin_frac,X8_leverage_asset_frac,X9_leverage_equity_frac,flag_extreme_X1_gross_profit,flag_extreme_X2_net_profit_margin,flag_extreme_X3_current_ratio,flag_extreme_X4_quick_ratio,flag_extreme_X5_cash_ratio,flag_extreme_X6_receivable_turnover,flag_extreme_X7_inventory_turnover,flag_extreme_X8_leverage_asset,flag_extreme_IEQ_equity_to_liability,flag_extreme_X10_dscr,flag_extreme_X11_asset_coverage,flag_extreme_X12_mbv,n_extreme_flags
11,2013,0,32.2,15.01,0.45,0.24,0.18862463806089755,616.6682397586844,15.784989127971128,31.37921125107681,45.728432772596506,0.6399007865473169,11.969161362553494,3.849497689829983,0.5,0.0,32,AALI,2.1868232505865937,0,,0.322,0.1501,0.3137921125107681,0.45728432772596506,0,0,0,0,0,1,0,0,0,0,0,0,1
10,2014,0,30.37,16.08,0.58,0.27,0.14867129413968286,343.6351394069672,12.757668294056897,36.23820096324473,56.83371785409529,0.5534633762223489,5.526001282786301,3.2269970122812848,0.0,0.2222222222222222,34,AALI,1.759518887304225,0,0.0,0.3037,0.16079999999999997,0.36238200963244727,0.5683371785409529,0,0,0,0,0,1,0,0,0,0,0,0,1
9,2015,0,23.6,5.33,0.8,0.32,0.08359735421689073,148.35634926044577,7.720151929414895,45.618328170335104,83.88548317017825,0.18883549577809697,2.859473593611394,2.133529591572186,0.6,0.0,36,AALI,1.1921013770300433,0,0.0,0.23600000000000002,0.0533,0.45618328170335104,0.8388548317017824,0,0,0,0,0,0,0,0,0,0,0,0,0
8,2016,0,26.03,14.97,1.1,0.5,0.13481801901968746,24.383940627773576,5.907582933431951,27.162110122031336,37.29118205859376,0.40022315843857736,7.59791610413479,1.8124957636345387,0.5,0.0,37,AALI,2.681599093396262,0,0.0,0.26030000000000003,0.1497,0.27162110122031335,0.37291182058593764,0,0,0,0,0,0,0,0,0,0,0,0,0
7,2017,0,23.95,11.96,1.94,0.96,0.1135749845090774,24.555817745041143,7.681782226913622,25.506495742031653,34.23989245250642,0.4761723342050702,5.5665638044617545,1.3525548530507212,0.3333333333333333,0.0,37,AALI,2.9205699211441254,0,0.0,0.2395,0.11960000000000001,0.25506495742031654,0.34239892452506415,0,0,0,0,0,0,0,0,0,0,0,0,0
6,2018,0,18.55,7.97,1.46,0.64,0.015953688083652686,28.766283958042234,7.504113731180132,27.48800711562106,37.90822182952681,0.3150590353195994,5.522737211486989,1.168677697852096,0.3333333333333333,0.5,38,AALI,2.637950164207115,0,0.0,0.1855,0.0797,0.2748800711562106,0.3790822182952681,0,0,0,0,0,0,0,0,0,0,0,0,0
5,2019,0,12.29,1.4,2.85,1.48,0.24468634415499452,23.01730841259542,8.07704244248497,29.64172997795962,42.129702689781986,0.12010460257063982,3.952095652833983,1.4781090467916713,0.6666666666666666,0.25,40,AALI,2.373622257349889,0,0.0,0.1229,0.013999999999999999,0.2964172997795962,0.42129702689781984,0,0,0,0,0,0,0,0,0,0,0,0,0
4,2020,0,15.75,4.75,3.31,1.96,0.5461024956122881,13.53040250823031,7.759523001051682,30.716554640793277,44.33462348983993,0.2158751508917216,3.8553613736737553,1.2324416867839505,0.4,0.3333333333333333,37,AALI,2.2555734576818227,0,0.0,0.1575,0.0475,0.30716554640793275,0.44334623489839925,0,0,0,0,0,0,0,0,0,0,0,0,0
3,2021,0,19.86,8.5,1.58,1.02,0.6536515359046614,41.631873088253165,7.337036334276429,30.357768211520124,43.591032957880984,0.37162826143090283,7.477659127562427,0.8636526263093689,0.3333333333333333,0.0,38,AALI,2.2940497899332444,0,0.0,0.1986,0.085,0.30357768211520125,0.4359103295788098,0,0,0,0,0,0,0,0,0,0,0,0,0
2,2022,0,17.51,8.21,3.6,1.95,0.7889255355371008,24.296373674075888,6.429239050590745,23.953084069589263,31.497771837990552,0.33690735198759825,5.490695068622582,0.694396907369216,0.5,0.5,34,AALI,3.1748277470022988,0,0.0,0.1751,0.0821,0.23953084069589262,0.3149777183799055,0,0,0,0,0,0,0,0,0,0,0,0,0
1,2023,0,13.36,5.25,1.83,1.06,0.538235988852543,23.607182929021892,6.865838063245685,21.77142097846156,27.830520828541832,0.19923053859273146,10.409967741074587,0.5991727352784538,0.0,0.16666666666666666,34,AALI,3.5931774549272584,0,0.0,0.1336,0.0525,0.2177142097846156,0.2783052082854183,0,0,0,0,0,0,0,0,0,0,0,0,0
35,2013,0,44.82,10.05,0.93,0.88,0.05964040933899524,2.37,13.84,13.65,1.7297527689462442,0.01819419289320568,3.218866817047258,3.2992853561498876,0.3333333333333333,0.3333333333333333,32,ABBA,57.81172997394272,0,,0.4482,0.1005,0.1365,0.017297527689462442,0,0,0,0,0,0,0,0,0,0,0,0,0
34,2014,0,40.75,2.43,1.37,1.31,0.15149945616707822,2.47,20.28,8.96,1.5202463949226968,-0.02800370841732405,2.431179383206151,1.9036645788424544,0.3333333333333333,0.0,34,ABBA,65.77881081249656,0,0.0,0.4075,0.024300000000000002,0.08960000000000001,0.015202463949226967,0,0,0,0,0,0,0,0,0,0,0,0,0
33,2015,0,42.29,-15.62,1.34,1.27,0.17506095857543508,2.36,20.22,18.99,2.038723872823131,-0.05961076254349859,1.9046561465124399,2.065140322142884,0.4,0.16666666666666666,36,ABBA,49.050291377382365,0,0.0,0.4229,-0.1562,0.18989999999999999,0.02038723872823131,0,0,0,0,0,0,0,0,0,0,0,0,0
32,2016,0,37.98,-14.59,1.34,1.3,0.35037927500232835,2.7,25.5,15.97,1.8553351879559032,-0.07454982960695763,1.9001086282942543,1.656834506704459,0.0,0.0,37,ABBA,53.89861662149252,0,0.0,0.37979999999999997,-0.1459,0.1597,0.018553351879559032,0,0,0,0,0,0,0,0,0,0,0,0,0
31,2017,0,49.94,-13.17,1.21,1.17,0.39870609452247924,3.02,25.01,16.4,2.6057187046631554,-0.02891219172500614,1.634969383339474,2.3125253978917093,0.5,0.0,37,ABBA,38.37712789989245,0,0.0,0.49939999999999996,-0.1317,0.16399999999999998,0.026057187046631555,0,0,0,0,0,0,0,0,0,0,0,0,0
30,2018,0,44.15,-17.0,0.7,0.66,0.2154085323279502,2.79,20.61,15.11,1.591876052868456,-0.11828281274621823,2.535316024470147,2.6367199821596294,0.4,0.0,38,ABBA,62.81896119977845,0,0.0,0.4415,-0.17,0.15109999999999998,0.01591876052868456,0,0,0,0,0,0,0,0,0,0,0,0,0
29,2019,0,40.83,-17.64,0.8,0.74,0.1981897954820668,3.93,21.54,17.85,3.4854067604588033,-0.08833245259155696,1.4536904022685289,6.324837515955771,0.4444444444444444,0.125,40,ABBA,28.691055843030625,0,0.0,0.4083,-0.1764,0.17850000000000002,0.034854067604588035,0,0,0,0,0,0,0,0,0,0,0,0,0
28,2020,0,48.26,-36.78,0.4,0.36,0.206469989291132,4.26,14.13,47.61,-3.1372327450973816,-0.12060864339709675,0.4706675872305306,-4.343043561422988,0.4,0.0,37,ABBA,-31.87522511878408,1,0.0,0.4826,-0.3678,0.47609999999999997,-0.03137232745097382,0,0,0,0,0,0,0,0,0,0,0,1,1
27,2021,0,45.81,-21.27,0.36,0.33,0.1283594898032357,8.94,19.31,19.84,2.1820918523136204,-0.07794167402316204,1.7707704928975703,11.793919120724997,0.3333333333333333,0.0,38,ABBA,45.827585073457094,0,0.0,0.4581,-0.2127,0.1984,0.021820918523136203,0,0,0,0,0,0,0,0,0,0,0,0,0
26,2022,0,42.22,-18.19,1.08,1.05,0.43107395476542776,5.23,21.7,27.19,12.219117925411576,-0.0895714907831882,1.1575189645127482,20.20235604677396,0.5,0.0,34,ABBA,8.183896792749197,0,0.0,0.42219999999999996,-0.1819,0.27190000000000003,0.12219117925411575,0,0,0,0,0,0,0,0,0,0,0,0,0
25,2023,0,29.49,-26.1,0.55,0.53,0.13763300223072755,4.09,32.21,37.98,-3.562918183422035,-0.12917552007339803,0.28699448100455216,-1.9346098317557907,0.42857142857142855,0.0,34,ABBA,-28.066880812838132,1,0.0,0.2949,-0.261,0.37979999999999997,-0.03562918183422035,0,0,0,0,0,0,0,0,0,0,0,0,0
59,2013,0,22.65,0.27,0.97,0.87,0.27054423060282445,3.62,10.92,50.73,191.1,0.05369250822265039,1.6369893410540708,2.1023318109485625,0.3333333333333333,0.5,32,ABMM,0.5232862375719518,0,,0.22649999999999998,0.0027,0.5073,1.911,0,0,0,0,0,0,0,0,0,0,0,0,0
58,2014,0,20.12,-15.98,0.98,0.9,0.35834064871953825,4.03,17.04,57.31,318.95,0.002393795361999643,1.3486609927614646,3.315286803288524,0.5,0.0,34,ABMM,0.31352876626430476,0,0.0,0.20120000000000002,-0.1598,0.5731,3.1895,0,0,0,0,0,0,0,0,0,0,0,0,0
57,2015,0,19.37,-6.93,0.88,0.83,0.3633372567262263,4.27,21.61,50.57,346.7,0.0037334769650531697,1.2749799066277396,3.3384191080153767,0.0,0.0,36,ABMM,0.2884338044418806,0,0.0,0.1937,-0.0693,0.5057,3.467,0,0,0,0,0,0,0,0,0,0,0,0,0
56,2016,0,21.6,1.17,0.79,0.72,0.24610215396135166,3.91,19.74,49.34,332.6,0.045724792087722,1.2953153232102224,2.6060313503553236,0.6666666666666666,0.5,37,ABMM,0.30066145520144316,0,0.0,0.21600000000000003,0.011699999999999999,0.49340000000000006,3.326,0,0,0,0,0,0,0,0,0,0,0,0,0
55,2017,0,21.9,0.55,1.6,1.46,0.6618018904622023,4.7,19.41,49.59,318.56,0.06155840783205627,1.2430854846013406,2.875809740357726,0.3333333333333333,0.5,37,ABMM,0.3139126067302863,0,0.0,0.21899999999999997,0.0055000000000000005,0.4959,3.1856,0,0,0,0,0,0,0,0,0,0,0,0,0
54,2018,0,22.52,8.7,1.46,1.32,0.7051447023752201,5.75,19.78,42.45,145.92,0.14964790830198818,1.6499138648238612,1.7325857949963743,0.5,0.0,38,ABMM,0.6853070175438597,0,0.0,0.22519999999999998,0.087,0.42450000000000004,1.4591999999999998,0,0,0,0,0,0,0,0,0,0,0,0,0
53,2019,0,18.12,0.66,1.2,1.07,0.4705734744613173,4.94,16.08,47.26,164.65,0.0895285292889378,1.6248049339287765,1.2341703502724883,0.6,0.2,40,ABMM,0.6073489219556635,0,0.0,0.1812,0.0066,0.47259999999999996,1.6465,0,0,0,0,0,0,0,0,0,0,0,0,0
52,2020,0,16.65,-6.22,1.2,1.05,0.41622064599383324,4.7,14.99,52.29,267.43,0.06262796309715522,1.4015653669366466,0.9213756559152092,0.42857142857142855,0.16666666666666666,37,ABMM,0.37392962644430316,0,0.0,0.16649999999999998,-0.0622,0.5229,2.6743,0,0,0,0,0,0,0,0,0,0,0,0,0
51,2021,0,35.73,18.22,1.65,1.52,0.7918807286565144,6.6,16.97,37.39,108.62,0.44771877428266427,1.9388802962543097,0.7687274958092445,0.5,0.2,38,ABMM,0.9206407659731173,0,0.0,0.35729999999999995,0.1822,0.3739,1.0862,0,0,0,0,0,0,0,0,0,0,0,0,0
50,2022,0,35.96,23.65,1.15,1.06,0.5202446233991653,6.7,19.42,47.35,152.02,0.27649359230517784,1.8254270968882391,0.9395178462012694,0.3333333333333333,0.4,34,ABMM,0.6578081831337982,0,0.0,0.35960000000000003,0.2365,0.47350000000000003,1.5202,0,0,0,0,0,0,0,0,0,0,0,0,0
49,2023,0,26.17,21.14,0.99,0.9,0.30751492902471833,4.88,20.24,48.23,137.06,0.2162534691204827,1.9906625986059219,0.8011825446817359,0.25,0.0,34,ABMM,0.7296074711805048,0,0.0,0.26170000000000004,0.2114,0.48229999999999995,1.3706,0,0,0,0,0,0,0,0,0,0,0,0,0
83,2013,0,48.99,12.91,3.98,0.81,0.37637992567554546,139.31,2.06,1.42,1.84,1.1074708134294016,16.42954849909139,5.282437092503952,0.3333333333333333,0.0,32,ACES,54.34782608695652,0,,0.4899,0.1291,0.014199999999999999,0.0184,0,0,0,0,0,0,0,0,0,0,0,0,0
82,2014,0,47.62,12.26,5.09,1.45,0.9317139380285329,202.92,1.69,0.9,1.15,1.141067556782794,12.495071142294499,5.780206187291788,0.3333333333333333,0.0,34,ACES,86.95652173913044,0,0.0,0.47619999999999996,0.1226,0.009000000000000001,0.0115,0,0,0,0,0,1,0,0,0,0,0,0,1
81,2015,0,46.84,12.33,5.98,2.07,1.5121931107706221,264.0,1.67,0.71,0.88,1.1560620739693215,12.60960910971372,5.382156370367568,0.4,0.0,36,ACES,113.63636363636363,0,0.0,0.46840000000000004,0.1233,0.0070999999999999995,0.0088,0,0,0,0,0,1,0,0,0,0,0,0,1
80,2016,0,47.06,14.31,7.26,2.4,1.8193392077652306,222.89,1.57,0.14,0.18,1.1569003167040635,11.379673940318307,4.6971233358837,0.5,0.0,37,ACES,555.5555555555555,0,0.0,0.4706,0.1431,0.0014000000000000002,0.0018,0,0,0,0,0,1,0,0,0,0,0,0,1
79,2017,0,47.14,13.15,7.02,2.51,1.9073585601832708,100.67,1.63,0.47,0.59,1.0249293518772429,8.974422852735577,5.642697903236433,0.3333333333333333,0.0,37,ACES,169.49152542372883,0,0.0,0.4714,0.1315,0.004699999999999999,0.0059,0,0,0,0,0,0,0,0,0,0,0,0,0
78,2018,0,47.0,13.48,5.02,1.78,1.0333064834678076,114.48,1.72,12.48,17.48,0.7075651437197548,5.665269708159032,6.109985600172536,0.4,0.0,38,ACES,5.720823798627002,0,0.0,0.47,0.1348,0.12480000000000001,0.1748,0,0,0,0,0,0,0,0,0,0,0,0,0
77,2019,0,47.19,12.57,5.58,1.84,1.6112815594788918,129.7,1.66,13.08,18.58,0.6882937434562619,4.955822319550642,5.482805402512552,0.4,0.16666666666666666,40,ACES,5.382131324004306,0,0.0,0.4719,0.1257,0.1308,0.1858,0,0,0,0,0,0,0,0,0,0,0,0,0
76,2020,0,48.81,9.87,5.96,2.84,2.6295981699381286,63.79,1.44,12.19,16.92,0.48127373297444964,5.4260295551525575,5.632111050686206,0.3333333333333333,0.0,37,ACES,5.910165484633569,0,0.0,0.48810000000000003,0.0987,0.1219,0.16920000000000002,0,0,0,0,0,0,0,0,0,0,0,0,0
75,2021,0,48.55,10.77,7.19,3.74,3.5385013605934383,62.24,1.4,12.22,15.71,0.5566045191209499,7.415417650576114,3.9347692423892533,0.3333333333333333,0.25,38,ACES,6.365372374283895,0,0.0,0.4855,0.10769999999999999,0.1222,0.15710000000000002,0,0,0,0,0,0,0,0,0,0,0,0,0
74,2022,0,47.77,9.96,8.01,3.55,3.1852770493175626,83.59,1.39,10.42,12.73,0.6334194037755587,10.192895797582208,1.4335046002819123,0.5,0.0,34,ACES,7.855459544383347,0,0.0,0.4777,0.09960000000000001,0.1042,0.1273,0,0,0,0,0,0,0,0,0,0,0,0,0
73,2023,0,48.06,10.04,7.42,3.54,3.0394358441778455,51.85,1.42,12.22,15.32,0.6216610187807253,8.701743549965483,1.9959919198497502,0.4,0.1,34,ACES,6.527415143603133,0,0.0,0.4806,0.10039999999999999,0.1222,0.1532,0,0,0,0,0,0,0,0,0,0,0,0,0
107,2013,0,20.49,9.78,1.48,0.0,0.06810816656347166,2.16,0.0,7.88,18.25,0.2074783127122204,25.796048035576252,1.7753826478937886,0.5,0.25,32,ACST,5.47945205479452,0,,0.20489999999999997,0.0978,0.0788,0.1825,0,0,0,1,0,0,0,0,0,0,0,0,1
106,2014,0,18.43,7.68,1.57,1.56,0.06414620768109361,2.08,0.0,15.45,35.16,0.2138535849395689,13.105754775564645,2.8771757501457174,0.3333333333333333,0.14285714285714285,34,ACST,2.8441410693970424,0,0.0,0.1843,0.0768,0.1545,0.35159999999999997,0,0,0,0,0,0,0,0,0,0,0,0,0
105,2015,0,16.54,3.11,1.33,1.32,0.050585007174498306,1.59,149.42,19.91,57.77,0.10352045129084268,11.189097652179244,2.2711582455828982,0.4,0.0,36,ACST,1.7310022503029254,0,0.0,0.1654,0.0311,0.1991,0.5777,0,0,0,0,0,0,0,0,0,0,0,0,0
104,2016,0,15.59,3.77,1.8,1.79,0.11946360442585559,1.5,487.09,11.68,22.46,0.15150098257326036,36.540942860264394,1.5170320275125362,0.0,0.5,37,ACST,4.452359750667854,0,0.0,0.1559,0.0377,0.1168,0.22460000000000002,0,0,0,0,0,0,0,0,0,0,0,0,0
103,2017,0,15.39,5.08,1.27,1.27,0.05803220489412958,1.31,671.23,34.55,127.57,0.08030336862606452,9.845927047555737,1.198223956546638,0.4,0.2857142857142857,37,ACST,0.7838833581563065,0,0.0,0.1539,0.0508,0.3455,1.2756999999999998,0,0,0,0,0,0,1,0,0,0,0,0,1
102,2018,0,18.77,0.57,1.1,1.09,0.030075974071234406,0.84,169.75,34.8,217.98,0.06628424051460544,14.391333320819177,0.7628997338787056,0.4,0.2,38,ACST,0.45875768419121027,0,0.0,0.1877,0.005699999999999999,0.348,2.1797999999999997,0,0,0,0,0,0,0,0,0,0,0,0,0
101,2019,0,-2.53,-28.67,0.95,0.94,0.018185838405910204,0.57,121.7,39.26,1431.59,-0.04235956481680245,2.7349248741846988,2.3701810971948785,0.4,0.25,40,ACST,0.06985240187483847,0,0.0,-0.0253,-0.2867,0.3926,14.3159,0,0,0,0,0,0,0,0,0,0,0,0,0
100,2020,0,-24.56,-111.26,0.84,0.83,0.02801243385688089,0.25,37.17,33.75,318.17,-0.3961932192243784,3.924239005856925,8.724664230693264,0.4,0.0,37,ACST,0.3142973881887041,0,0.0,-0.24559999999999998,-1.1126,0.3375,3.1817,0,0,0,0,0,0,0,0,0,0,0,0,0
99,2021,0,-9.88,-46.39,1.4,1.38,0.3659912889701415,1.17,40.5,2.08,4.62,-0.4506816671093235,16.022431366212924,2.3856857970245517,0.5,0.0,38,ACST,21.645021645021647,0,0.0,-0.09880000000000001,-0.4639,0.0208,0.0462,0,0,0,0,0,0,0,0,0,0,0,0,0
98,2022,0,-30.09,-43.56,1.15,1.13,0.14724123893666022,0.92,42.65,1.05,3.3,-0.3225731184206963,16.870316934720908,2.965736240251447,0.42857142857142855,0.0,34,ACST,30.3030303030303,0,0.0,-0.3009,-0.43560000000000004,0.0105,0.033,0,0,0,0,0,0,0,0,0,0,0,0,0
97,2023,0,-1.7,-11.77,1.0,0.99,0.13763423616717727,1.65,88.18,1.66,10.94,-0.08605497745991933,10.282078323841665,4.352458762248868,0.42857142857142855,0.0,34,ACST,9.140767824497258,0,0.0,-0.017,-0.1177,0.0166,0.1094,0,0,0,0,0,0,0,0,0,0,0,0,0
131,2013,0,56.02,11.08,1.81,1.03,0.21215855789570495,6.66,2.77,19.9,33.15,0.30875962923885053,4.919385398780271,4.455784090823256,0.3333333333333333,0.0,32,ADES,3.01659125188537,0,,0.5602,0.1108,0.19899999999999998,0.33149999999999996,0,0,0,0,0,0,0,0,0,0,0,0,0
130,2014,0,51.64,5.37,1.52,0.93,0.18556806159258646,6.26,3.16,11.36,19.56,0.23980175010078494,6.415809280166101,2.7763887795444044,0.5,0.3333333333333333,34,ADES,5.112474437627812,0,0.0,0.5164,0.0537,0.11359999999999999,0.1956,0,0,0,0,0,0,0,0,0,0,0,0,0
129,2015,0,50.72,4.9,1.39,0.89,0.12072390200838667,5.76,3.44,25.45,50.63,0.15110741715534623,3.616673705684073,1.8233915259966684,0.3333333333333333,0.0,36,ADES,1.9751135690302193,0,0.0,0.5072,0.049,0.2545,0.5063,0,0,0,0,0,0,0,0,0,0,0,0,0
128,2016,0,51.8,6.3,1.64,1.15,0.1806759231784556,6.32,4.4,26.2,52.31,0.20445272794192504,3.0487035309793473,1.5346389585522962,0.5,0.0,37,ADES,1.9116803670426303,0,0.0,0.518,0.063,0.262,0.5231,0,0,0,0,0,0,0,0,0,0,0,0,0
127,2017,0,53.89,4.7,1.2,0.76,0.10415781908464278,5.49,3.69,23.97,47.61,0.1773599376835041,3.454557059714397,1.2341491545137124,0.3333333333333333,0.16666666666666666,37,ADES,2.1003990758244067,0,0.0,0.5389,0.047,0.2397,0.47609999999999997,0,0,0,0,0,0,0,0,0,0,0,0,0
126,2018,0,48.38,6.58,1.39,0.97,0.38976436468404746,5.82,3.82,19.43,35.53,0.22795165276529256,4.518545019129114,1.1261450300261042,0.5,0.3333333333333333,38,ADES,2.8145229383619474,0,0.0,0.4838,0.0658,0.1943,0.3553,0,0,0,0,0,0,0,0,0,0,0,0,0
125,2019,0,45.43,10.97,2.0,1.55,0.7366188902397954,5.65,4.44,3.2,4.63,0.5062215549564137,8.166668769795702,1.0854058742430939,0.3333333333333333,0.0,40,ADES,21.598272138228943,0,0.0,0.4543,0.1097,0.032,0.0463,0,0,0,0,0,0,0,0,0,0,0,0,0
124,2020,0,50.87,20.17,2.97,2.53,1.8440283505575863,5.21,4.16,0.88,1.2,0.6911023954344653,10.374605213853648,1.2294639433097123,0.5,0.2,37,ADES,83.33333333333333,0,0.0,0.5086999999999999,0.20170000000000002,0.0088,0.012,0,0,0,0,0,0,0,0,0,0,0,0,0
123,2021,0,53.43,28.42,2.51,2.14,1.4541169368812112,6.5,4.88,0.31,0.41,0.9785097415126343,15.71113706692555,2.001161530474306,0.5,0.0,38,ADES,243.90243902439028,0,0.0,0.5343,0.2842,0.0031,0.0040999999999999995,0,0,0,0,0,0,0,0,0,0,0,0,0
122,2022,0,51.96,28.27,3.2,2.62,1.5221557873578335,7.23,5.03,0.15,0.18,1.4309950892368688,24.82487015189105,3.1708086536473394,0.3333333333333333,0.0,34,ADES,555.5555555555555,0,0.0,0.5196000000000001,0.2827,0.0015,0.0018,0,0,0,0,0,0,0,0,0,0,0,0,0
121,2023,0,53.16,25.95,4.12,3.59,2.5613960523937966,7.26,4.69,0.03,0.04,1.367221575016743,31.583592644978783,3.299355500726092,0.3333333333333333,0.0,34,ADES,2500.0,0,0.0,0.5316,0.2595,0.0003,0.0004,0,0,0,0,0,0,0,1,1,0,0,0,2
155,2013,0,12.66,4.14,1.39,1.23,0.2965548100344629,1.95,10.89,17.58,110.35,0.08196463245297483,1.9494868044702947,2.0951067979396365,0.4,0.0,32,ADHI,0.9062075215224287,0,,0.1266,0.0414,0.17579999999999998,1.1035,0,0,0,0,0,0,0,0,0,0,0,0,0
154,2014,0,11.54,3.83,1.3,1.13,0.11524721454830822,1.62,6.72,21.7,138.3,0.06704154245188762,1.9230925412068594,4.556787108399462,0.5,0.0,34,ADHI,0.7230657989877078,0,0.0,0.11539999999999999,0.0383,0.217,1.383,0,0,0,0,0,0,0,0,0,0,0,0,0
153,2015,0,10.38,4.95,1.56,1.38,0.4585867887945643,1.58,5.72,18.61,60.41,0.054754862882089576,3.363105236970272,1.7606677531468125,0.3333333333333333,0.16666666666666666,36,ADHI,1.655355073663301,0,0.0,0.1038,0.0495,0.1861,0.6041,0,0,0,0,0,0,0,0,0,0,0,0,0
152,2016,0,10.08,2.85,1.29,1.12,0.2579588440159993,1.37,4.98,21.26,78.49,0.039148151615769615,4.384210546181293,1.6230626467422207,0.5,0.0,37,ADHI,1.274047649382087,0,0.0,0.1008,0.0285,0.2126,0.7848999999999999,0,0,0,0,0,0,0,0,0,0,0,0,0
151,2017,0,13.58,3.41,1.41,1.2,0.2342826528498741,1.22,4.4,29.83,144.0,0.06574044419669324,2.2153688993809086,1.3638672090802253,0.4,0.2,37,ADHI,0.6944444444444444,0,0.0,0.1358,0.0341,0.2983,1.44,0,0,0,0,0,0,0,0,0,0,0,0,0
150,2018,0,16.01,4.12,1.34,1.11,0.17233104947399788,1.03,3.27,28.42,136.09,0.07556524870837722,2.2901785180836414,1.0710208418343234,0.4,0.0,38,ADHI,0.7348078477478139,0,0.0,0.16010000000000002,0.0412,0.2842,1.3609,0,0,0,0,0,0,0,0,0,0,0,0,0
149,2019,0,15.26,4.34,1.23,1.04,0.13251826105492492,0.88,2.84,28.81,153.96,0.04858193086615974,2.3351344539718766,0.7301913780591125,0.6666666666666666,0.14285714285714285,40,ADHI,0.6495193556767991,0,0.0,0.15259999999999999,0.0434,0.28809999999999997,1.5396,0,0,0,0,0,0,0,0,0,0,0,0,0
148,2020,0,16.03,0.22,1.11,0.88,0.0872753998723725,0.59,1.64,25.58,174.81,0.030711178722129327,2.025454536429651,1.1694213000438918,0.3333333333333333,0.0,37,ADHI,0.5720496539099594,0,0.0,0.1603,0.0022,0.25579999999999997,1.7481,0,0,0,0,0,0,0,0,0,0,0,0,0
147,2021,0,15.23,0.75,1.02,0.78,0.10127005434213726,0.7,1.42,26.35,185.82,0.03095996798486033,2.816174212031459,0.6718545961900243,0.5,0.16666666666666666,38,ADHI,0.5381552039608224,0,0.0,0.1523,0.0075,0.2635,1.8581999999999999,0,0,0,0,0,0,0,0,0,0,0,0,0
146,2022,0,13.26,1.29,1.2,0.92,0.17616731365174232,0.91,1.63,26.17,118.59,0.028845646107001258,2.348266462384589,0.5817220874146019,0.3333333333333333,0.3333333333333333,34,ADHI,0.8432414200185513,0,0.0,0.1326,0.0129,0.26170000000000004,1.1859,0,0,0,0,0,0,0,0,0,0,0,0,0
145,2023,0,11.57,1.44,1.14,0.92,0.19055138300358518,1.33,2.8,29.77,130.75,0.0362344976858474,2.465146459134158,0.3589268831881816,0.3333333333333333,0.0,34,ADHI,0.7648183556405354,0,0.0,0.1157,0.0144,0.2977,1.3075,0,0,0,0,0,0,0,0,0,0,0,0,0
179,2013,0,2.91,0.39,2.64,1.44,0.6027440476165927,8.73,4.68,43.03598390796338,75.54942024879396,0.03134935334327073,3.141137463674509,0.2202864987060931,0.5,0.3333333333333333,32,ADMG,1.3236368945080865,0,,0.0291,0.0039000000000000003,0.43035983907963377,0.7554942024879396,0,0,0,0,0,0,0,0,0,0,0,0,0
178,2014,0,-3.52,-5.5,2.55,1.39,0.4915057997382529,9.63,4.93,36.723208984605215,58.03582703122654,-0.16509973895100946,3.838411530709621,0.17576358756906157,0.3333333333333333,0.0,34,ADMG,1.7230735756758386,0,0.0,-0.0352,-0.055,0.36723208984605216,0.5803582703122654,0,0,0,0,0,0,0,0,0,0,0,0,0
177,2015,0,-4.81,-7.77,2.56,1.52,0.5921586426552204,7.75,4.68,36.2473400410785,56.8562002971107,-0.19521629427028997,3.8747454971755055,0.09377413150278956,0.3333333333333333,0.0,36,ADMG,1.7588231270720665,0,0.0,-0.0481,-0.07769999999999999,0.362473400410785,0.568562002971107,0,0,0,0,0,0,0,0,0,0,0,0,0
176,2016,0,-9.11,-7.35,1.86,1.05,0.3297722218144477,7.05,5.13,35.549402104288866,55.15759863362649,-0.26069732864218403,4.827213301956417,0.14821182641669112,0.8,0.5,37,ADMG,1.8129868318639168,0,0.0,-0.0911,-0.0735,0.3554940210428887,0.5515759863362649,0,0,0,0,0,0,0,0,0,0,0,0,0
175,2017,0,1.64,-0.48,2.15,1.26,0.5074092285201086,7.75,5.23,35.9568883618443,56.144817829903594,-0.01768289216535816,4.684266411295603,0.2943751935378446,0.75,0.0,37,ADMG,1.7811082814973258,0,0.0,0.016399999999999998,-0.0048,0.35956888361844297,0.5614481782990359,0,0,0,0,0,0,0,0,0,0,0,0,0
174,2018,0,2.09,-0.16,4.69,2.55,1.0912222737864892,10.61,5.89,13.148037336516499,15.138445848897932,-0.01664446140025132,24.349270957749745,0.34848886843860777,0.42857142857142855,0.2857142857142857,38,ADMG,6.605697903082959,0,0.0,0.0209,-0.0016,0.131480373365165,0.15138445848897933,0,0,0,0,0,0,0,0,0,0,0,0,0
173,2019,0,-9.26,-12.68,3.25,1.71,0.7686937633962035,10.59,4.68,18.573507131529883,22.810152417508696,-0.6520775693579525,16.468977989181568,0.25077664842946396,0.2857142857142857,0.0,40,ADMG,4.384012792621308,0,0.0,-0.0926,-0.1268,0.18573507131529884,0.22810152417508697,0,0,0,0,0,0,0,0,0,0,0,0,0
172,2020,0,-14.37,-25.33,3.49,1.94,0.8299313930695223,7.89,4.03,18.619616997649466,22.879736259181367,-0.7920060063486752,11.500816415450172,0.3870947365955863,0.3333333333333333,0.2,37,ADMG,4.370679752039151,0,0.0,-0.1437,-0.25329999999999997,0.18619616997649466,0.22879736259181369,0,0,0,0,0,0,0,0,0,0,0,0,0
171,2021,0,-0.42,0.19,3.46,1.98,1.1257913858923776,11.18,5.48,15.613190336650506,18.501932231989045,-0.24478415451740546,22.36543232498299,0.3207721547309174,0.8333333333333334,0.4166666666666667,38,ADMG,5.404840896947201,0,0.0,-0.0042,0.0019,0.15613190336650506,0.18501932231989046,0,0,0,0,0,0,0,0,0,0,0,0,0
170,2022,0,-7.83,-18.73,2.72,1.32,0.8200133627787011,12.44,4.74,15.545131186564154,18.406435774395923,-0.7367577936993526,28.19050939291284,0.25973605131731037,0.3333333333333333,0.0,34,ADMG,5.432882347548455,0,0.0,-0.0783,-0.1873,0.15545131186564154,0.18406435774395924,0,0,0,0,0,0,0,0,0,0,0,0,0
169,2023,0,-2.67,-18.24,2.01,0.97,0.44774900712808524,11.04,3.67,20.61310618952669,25.965376902932803,-0.49627873328121297,24.856314454887354,0.2746820877661321,0.3333333333333333,0.16666666666666666,34,ADMG,3.8512824356000377,0,0.0,-0.026699999999999998,-0.18239999999999998,0.2061310618952669,0.259653769029328,0,0,0,0,0,0,0,0,0,0,0,0,0
203,2013,0,22.65,7.06,1.77,1.64,0.880085927109305,6.35,30.39,33.17,69.96,0.14445354255134868,2.155058861117166,0.9032729617169002,0.3333333333333333,0.0,32,ADRO,1.4293882218410523,0,,0.22649999999999998,0.0706,0.3317,0.6995999999999999,0,0,0,0,0,0,0,0,0,0,0,0,0
202,2014,0,21.65,5.52,1.64,1.52,0.9621131042673914,9.34,26.12,29.32,57.69,0.16282514406069679,2.3696428729005037,0.824375083578955,0.5,0.0,34,ADRO,1.733402669440111,0,0.0,0.2165,0.0552,0.2932,0.5769,0,0,0,0,0,0,0,0,0,0,0,0,0
201,2015,0,20.24,5.63,2.4,2.24,1.5456407751395573,9.68,25.26,26.3,46.74,0.15394521720209633,2.5587479597771012,0.35638609635921625,0.3333333333333333,0.0,36,ADRO,2.1394950791613176,0,0.0,0.2024,0.056299999999999996,0.263,0.46740000000000004,0,0,0,0,0,0,0,0,0,0,0,0,0
200,2016,0,27.15,13.5,2.47,2.36,1.6708395714873052,9.4,25.16,22.23,38.29,0.19155750572392874,2.8098507519767475,1.0631497715773843,0.5,0.0,37,ADRO,2.6116479498563594,0,0.0,0.27149999999999996,0.135,0.2223,0.3829,0,0,0,0,0,0,0,0,0,0,0,0,0
199,2017,0,35.03,16.46,2.56,2.45,1.8800610886820415,10.03,26.65,20.44,34.05,0.35176168725919504,3.0991120541673634,1.0719055690522963,0.5,0.0,37,ADRO,2.9368575624082234,0,0.0,0.3503,0.1646,0.20440000000000003,0.34049999999999997,0,0,0,0,0,0,0,0,0,0,0,0,0
198,2018,0,33.43,13.19,1.96,1.82,1.2456999447603814,10.06,24.4,20.27,33.27,0.32646976879895656,3.216031973300646,0.6283296912723476,0.3333333333333333,0.25,38,ADRO,3.00571085061617,0,0.0,0.3343,0.1319,0.2027,0.33270000000000005,0,0,0,0,0,0,0,0,0,0,0,0,0
197,2019,0,27.9,12.58,1.71,1.61,1.2838558462957599,9.45,21.39,27.11,49.12,0.22239998542082848,2.9905937157845974,0.8995948702584746,0.4,0.5,40,ADRO,2.035830618892508,0,0.0,0.27899999999999997,0.1258,0.2711,0.49119999999999997,0,0,0,0,0,0,0,0,0,0,0,0,0
196,2020,0,22.75,6.25,1.51,1.42,1.158603679024703,8.25,17.32,23.63,38.16,0.21309709197265167,4.0754337399187035,0.8244092216600095,0.3333333333333333,0.25,37,ADRO,2.6205450733752627,0,0.0,0.2275,0.0625,0.23629999999999998,0.38159999999999994,0,0,0,0,0,0,0,0,0,0,0,0,0
195,2021,0,44.32,25.76,2.08,1.99,1.492291184070014,9.08,19.26,21.19,36.05,0.5027046997811608,3.5230085175231443,1.1328080345672253,0.3333333333333333,0.0,38,ADRO,2.7739251040221915,0,0.0,0.4432,0.2576,0.2119,0.3605,0,0,0,0,0,0,0,0,0,0,0,0,0
194,2022,0,57.43,34.94,2.17,2.09,1.7047029800058182,10.96,21.23,14.68,24.25,0.9572341905097639,4.611337918412444,1.212090142944944,0.3333333333333333,0.0,34,ADRO,4.123711340206186,0,0.0,0.5743,0.3494,0.14679999999999999,0.2425,0,0,0,0,0,0,0,0,0,0,0,0,0
193,2023,0,38.93,28.46,2.01,1.93,1.5733652611376552,8.84,21.5,13.74,19.43,0.7130450617263727,8.97731733867972,0.6674392468768413,0.3333333333333333,0.0,34,ADRO,5.14668039114771,0,0.0,0.3893,0.2846,0.1374,0.1943,0,0,0,0,0,0,0,0,0,0,0,0,0
227,2013,0,22.52,8.55,1.75,1.02,0.3056074905540949,5.54,3.87,53.057426568089305,113.02624182938774,0.44040358139030583,2.8586331293401854,1.773520710272456,0.5,0.0,32,AISA,0.8847502879105654,0,,0.22519999999999998,0.0855,0.530574265680893,1.1302624182938774,0,0,0,0,0,0,0,0,0,0,0,0,0
226,2014,0,20.25,7.35,2.66,1.83,0.8238742442952157,4.57,3.62,51.369674640229526,105.63300627785883,0.4535360421292861,2.5627553795305897,1.8803924554147091,0.0,0.0,34,AISA,0.9466738051263857,0,0.0,0.2025,0.0735,0.5136967464022952,1.0563300627785883,0,0,0,0,0,0,0,0,0,0,0,0,0
225,2015,0,21.19,6.22,1.62,1.05,0.21872482235672921,3.62,3.37,56.21988529054091,128.41420280334276,0.2671222517284407,2.6926437607526146,0.9817487528696791,0.3333333333333333,0.0,36,AISA,0.7787300611377302,0,0.0,0.2119,0.0622,0.562198852905409,1.2841420280334277,0,0,0,0,0,0,0,0,0,0,0,0,0
224,2016,0,25.72,10.99,2.38,1.55,0.2801799283640734,2.67,2.67,53.92098947338165,117.01854891661195,0.4944847524088279,2.7154978520071333,1.4680088640840447,0.3333333333333333,0.3333333333333333,37,AISA,0.8545653738302681,0,0.0,0.2572,0.1099,0.5392098947338165,1.1701854891661194,0,0,0,0,0,0,0,0,0,0,0,0,0
223,2017,0,28.61,-268.34,0.21,0.19,0.034621140292030644,1.14,1.29,268.9204012230441,-159.19948051032574,-1.2268541485985913,-1.8482738847759173,-0.45761616009553446,0.3333333333333333,0.125,37,AISA,-0.6281427532265971,1,0.0,0.2861,-2.6834,2.6892040122304413,-1.5919948051032575,0,0,0,0,0,0,0,1,0,0,0,0,1
222,2018,1,29.04,-7.8,0.15,0.14,0.009069243293039748,3.51,14.09,289.98737066492845,-152.63507761069297,0.00012321764136713644,-37.5502580486606,-0.15668904316560522,0.3333333333333333,0.0,38,AISA,-0.6551573960938217,1,1.0,0.2904,-0.078,2.8998737066492843,-1.5263507761069297,0,0,0,0,0,0,0,1,0,0,1,0,2
221,2019,1,29.62,75.13,0.41,0.34,0.053385178368373254,4.83,14.69,188.70428889557112,-212.73412057643228,1.3678485033258942,0.3016320007279173,-0.9436194885795062,0.3333333333333333,0.0,40,AISA,-0.47007033817159316,1,1.0,0.2962,0.7513,1.8870428889557112,-2.127341205764323,0,0,0,0,0,0,0,0,0,0,0,0,0
220,2020,0,24.79,93.89,0.75,0.64,0.25800740583739573,5.48,11.08,57.75068765140635,136.69024284919203,2.435544619206893,4.0416447455540405,4.273131506149771,0.16666666666666666,0.2,37,AISA,0.7315811130010813,0,0.0,0.24789999999999998,0.9389,0.5775068765140635,1.3669024284919202,0,0,0,0,0,0,0,0,0,0,0,0,0
219,2021,0,22.37,0.38,0.6,0.46,0.08138107274797922,6.26,12.01,52.67138349963727,111.2886608448265,0.0790130829699175,5.01120481869747,2.144348533205718,0.4,0.25,38,AISA,0.898564141583421,0,0.0,0.2237,0.0038,0.5267138349963727,1.112886608448265,0,0,0,0,0,0,0,0,0,0,0,0,0
218,2022,0,26.43,-3.38,0.68,0.5,0.10779713180345135,7.37,11.22,57.40898513428423,134.79130590169711,-0.029685701413322996,4.526402879654731,1.7118577740753167,0.5,0.0,34,AISA,0.7418876116010753,0,0.0,0.2643,-0.0338,0.5740898513428423,1.3479130590169712,0,0,0,0,0,0,0,0,0,0,0,0,0
217,2023,0,33.05,1.1,0.75,0.61,0.09915791164512575,5.93,9.63,47.6650861295435,91.07703176416393,0.11745139845463073,5.363237328694586,1.3849431624523083,0.4,0.16666666666666666,34,AISA,1.0979716627013199,0,0.0,0.33049999999999996,0.011000000000000001,0.47665086129543505,0.9107703176416393,0,0,0,0,0,0,0,0,0,0,0,0,0
251,2013,0,12.6,2.08,1.36,0.94,0.12488325385114257,4.66,5.03,35.51,71.91,0.08608192157454728,3.8516485687271143,0.5351021231812743,0.5,0.3333333333333333,32,AKPI,1.3906271728549577,0,,0.126,0.0208,0.35509999999999997,0.7191,0,0,0,0,0,0,0,0,0,0,0,0,0
250,2014,0,11.28,1.78,1.13,0.78,0.08263827931580688,4.77,5.94,28.15,60.53,0.08698316691524535,3.7380114218944582,0.544868821301121,0.5555555555555556,0.5,34,AKPI,1.6520733520568311,0,0.0,0.1128,0.0178,0.2815,0.6053000000000001,0,0,0,0,0,0,0,0,0,0,0,0,0
249,2015,0,10.83,1.37,1.03,0.68,0.04957770294735116,4.65,5.65,42.45,110.51,0.0505804383089414,2.402067821805273,0.5372140869996979,0.3333333333333333,0.0,36,AKPI,0.904895484571532,0,0.0,0.10830000000000001,0.0137,0.42450000000000004,1.1051,0,0,0,0,0,0,0,0,0,0,0,0,0
248,2016,0,12.17,2.56,1.13,0.78,0.1382184046779865,4.95,5.81,37.63,87.9,0.0846278986216848,2.5449056742560887,0.5464114136223164,0.3333333333333333,0.6666666666666666,37,AKPI,1.1376564277588168,0,0.0,0.1217,0.0256,0.3763,0.879,0,0,0,0,0,0,0,0,0,0,0,0,0
247,2017,0,9.63,0.65,1.04,0.67,0.05450832380283684,5.15,5.95,33.81,82.39,0.05386856630974751,2.7136640191616728,0.437724080763809,0.3333333333333333,0.4,37,AKPI,1.213739531496541,0,0.0,0.09630000000000001,0.006500000000000001,0.3381,0.8239,0,0,0,0,0,0,0,0,0,0,0,0,0
246,2018,0,9.32,2.69,1.02,0.64,0.03899055843450636,4.85,5.33,35.85,89.21,0.086300374841021,2.9861881233182004,0.4133458002425064,0.3333333333333333,0.0,38,AKPI,1.120950566080036,0,0.0,0.0932,0.0269,0.35850000000000004,0.8920999999999999,0,0,0,0,0,0,0,0,0,0,0,0,0
245,2019,0,8.54,2.41,1.08,0.67,0.06802931568828215,4.38,4.73,31.61,70.51,0.09702233382236926,3.35482796378783,0.20173322144095318,0.4,0.0,40,AKPI,1.418238547723727,0,0.0,0.08539999999999999,0.0241,0.3161,0.7051000000000001,0,0,0,0,0,0,0,0,0,0,0,0,0
244,2020,0,10.85,2.96,1.03,0.65,0.08066421393177951,4.86,5.28,29.7,59.78,0.07517048817769571,3.9167188223085754,0.2858143658634739,0.4,0.0,37,AKPI,1.672800267648043,0,0.0,0.1085,0.0296,0.297,0.5978,0,0,0,0,0,0,0,0,0,0,0,0,0
243,2021,0,12.75,5.47,1.12,0.61,0.031532480271336746,5.35,5.07,33.06,75.39,0.07571565378421999,3.060763841046254,0.47338492337295823,0.4,0.0,38,AKPI,1.326435866825839,0,0.0,0.1275,0.0547,0.3306,0.7539,0,0,0,0,0,0,0,0,0,0,0,0,0
242,2022,0,12.08,6.82,1.24,0.68,0.0650458541583595,5.34,4.53,28.9,58.58,0.18165013478054842,3.501778983421372,0.4216522427544338,0.3333333333333333,0.0,34,AKPI,1.7070672584499829,0,0.0,0.1208,0.0682,0.289,0.5858,0,0,0,0,0,0,0,0,0,0,0,0,0
241,2023,0,8.26,-1.09,1.17,0.82,0.06261699487900027,4.51,5.05,33.75,68.48,0.0077924626330186895,3.604153653781402,0.27426326727835443,0.5,0.8,34,AKPI,1.4602803738317756,0,0.0,0.08259999999999999,-0.0109,0.3375,0.6848000000000001,0,0,0,0,0,0,0,0,0,0,0,0,0
275,2013,0,6.12,2.76,1.17,0.89,0.1243786467740655,5.83,12.95,35.17,95.95,0.08919287564991958,3.003655264384539,3.1657045251414484,0.42857142857142855,0.25,32,AKRA,1.0422094841063054,0,,0.061200000000000004,0.0276,0.3517,0.9595,0,0,0,0,0,0,0,0,0,0,0,0,0
274,2014,0,7.71,3.52,1.09,0.94,0.14499126286143055,5.05,15.04,27.9,69.13,0.11902969460034235,3.261366137687529,2.701444977492216,0.2,0.0,34,AKRA,1.4465499783017506,0,0.0,0.0771,0.0352,0.27899999999999997,0.6912999999999999,0,0,0,0,0,0,0,0,0,0,0,0,0
273,2015,0,11.21,5.36,1.5,1.3,0.2647716400299897,5.18,18.36,25.55,53.31,0.1783924703558536,3.392398860653602,3.888774370953263,0.5,0.0,36,AKRA,1.8758206715438004,0,0.0,0.1121,0.0536,0.2555,0.5331,0,0,0,0,0,0,0,0,0,0,0,0,0
272,2016,0,12.32,6.88,1.27,1.12,0.2350433696826865,5.2,14.5,25.51,50.01,0.14787980298575332,5.160491989793134,2.966279026323509,0.5,0.0,37,AKRA,1.9996000799840032,0,0.0,0.1232,0.0688,0.2551,0.5001,0,0,0,0,0,0,0,0,0,0,0,0,0
271,2017,0,10.21,5.48,1.62,1.43,0.34722699665903534,6.49,16.97,18.86,35.14,0.14201281530936533,4.819539196729621,2.8174063952386166,0.0,0.0,37,AKRA,2.8457598178713717,0,0.0,0.10210000000000001,0.0548,0.1886,0.3514,0,0,0,0,0,0,0,0,0,0,0,0,0
270,2018,0,6.6,2.82,1.4,1.23,0.26927406994161734,6.2,18.1,21.21,42.61,0.0954991826129162,6.087313538027541,1.7349988751329988,0.3333333333333333,0.16666666666666666,38,AKRA,2.346866932644919,0,0.0,0.066,0.0282,0.2121,0.4261,0,0,0,0,0,0,0,0,0,0,0,0,0
269,2019,0,8.72,3.22,1.24,1.05,0.21357535468635538,4.73,13.3,21.53,45.79,0.08447796347069104,4.82820086696562,1.5752720136304172,0.3333333333333333,0.5,40,AKRA,2.1838829438742087,0,0.0,0.0872,0.0322,0.21530000000000002,0.4579,0,0,0,0,0,0,0,0,0,0,0,0,0
268,2020,0,11.56,5.43,1.58,1.37,0.3036711502296279,4.92,11.79,22.03,38.99,0.14829667065264512,4.489581710222427,1.2093879286229532,0.0,0.0,37,AKRA,2.564760194921775,0,0.0,0.11560000000000001,0.054299999999999994,0.22030000000000002,0.3899,0,0,0,0,0,0,0,0,0,0,0,0,0
267,2021,0,8.92,4.42,1.29,1.04,0.2794172906992829,7.05,13.7,13.01,27.06,0.11852689225035228,4.8924645030617775,1.4603457888559639,0.5,0.0,38,AKRA,3.695491500369549,0,0.0,0.0892,0.044199999999999996,0.1301,0.2706,0,0,0,0,0,0,0,0,0,0,0,0,0
266,2022,0,8.94,5.21,1.4,1.13,0.3845560023015213,8.93,15.94,11.1,22.93,0.22303174191066225,5.779560253043813,2.136318410098909,0.4,0.5,34,AKRA,4.361098996947231,0,0.0,0.0894,0.0521,0.111,0.2293,0,0,0,0,0,0,0,0,0,0,0,0,0
265,2023,0,10.63,7.31,1.45,1.2,0.5214576454264659,6.74,12.16,15.3,32.96,0.2186608775797446,4.817797380691959,2.108414485167431,0.4,0.0,34,AKRA,3.0339805825242716,0,0.0,0.1063,0.0731,0.153,0.3296,0,0,0,0,0,0,0,0,0,0,0,0,0
299,2013,0,20.76,6.3,1.3,0.9,0.04961719543661234,4.19,6.08,20.29,43.72,0.23425789531438596,13.587365987813401,2.8204667818044906,0.42857142857142855,0.42857142857142855,32,ALDO,2.2872827081427265,0,,0.2076,0.063,0.2029,0.4372,0,0,0,0,0,0,0,0,0,0,0,0,0
298,2014,0,17.31,4.26,1.33,0.92,0.05097908508541483,3.91,6.01,22.64,50.68,0.1815341098384237,13.465683035359303,2.7560063919477193,0.4,0.0,34,ALDO,1.9731649565903708,0,0.0,0.17309999999999998,0.0426,0.22640000000000002,0.5068,0,0,0,0,0,0,0,0,0,0,0,0,0
297,2015,0,19.16,4.47,1.34,0.91,0.04700213764489865,3.59,5.6,25.41,54.42,0.21644799697957093,16.728714542206017,2.5704812465725406,0.3333333333333333,0.0,36,ALDO,1.8375597206909224,0,0.0,0.1916,0.0447,0.2541,0.5442,0,0,0,0,0,0,0,0,0,0,0,0,0
296,2016,0,16.83,3.79,1.48,1.0,0.044719760123421375,3.81,6.33,13.83,28.25,0.2073464138830887,27.136830986412463,1.785419981094549,0.5,0.25,37,ALDO,3.5398230088495577,0,0.0,0.16829999999999998,0.0379,0.1383,0.2825,0,0,0,0,0,0,0,0,0,0,0,0,0
295,2017,0,16.9,4.1,1.44,0.9,0.037658817367945095,3.55,5.2,18.64,40.52,0.17830748681159006,9.426099704608863,1.5633547979164921,0.6666666666666666,0.0,37,ALDO,2.4679170779861797,0,0.0,0.16899999999999998,0.040999999999999995,0.1864,0.4052,0,0,0,0,0,0,0,0,0,0,0,0,0
294,2018,0,22.17,7.22,1.62,0.99,0.07438285074829937,4.8,5.61,27.14,54.09,0.32853898941921744,4.457332444145279,0.8992099527091131,0.5,0.0,38,ALDO,1.848770567572564,0,0.0,0.2217,0.0722,0.27140000000000003,0.5409,0,0,0,0,0,0,0,0,0,0,0,0,0
293,2019,0,25.07,8.27,1.81,0.93,0.06472185189783729,4.15,3.63,20.5,35.55,0.35531085828033293,6.300567160549334,0.9593090343236148,0.5714285714285714,0.16666666666666666,40,ALDO,2.8129395218002813,0,0.0,0.2507,0.0827,0.205,0.3555,0,0,0,0,0,0,0,0,0,0,0,0,0
292,2020,0,21.23,5.91,1.77,1.08,0.08258185359201965,4.1,3.76,13.13,21.21,0.2587646929877299,10.911092173179805,1.1547946114809196,0.42857142857142855,0.0,37,ALDO,4.714757190004715,0,0.0,0.21230000000000002,0.0591,0.1313,0.2121,0,0,0,0,0,0,0,0,0,0,0,0,0
291,2021,0,20.15,6.92,1.83,1.16,0.24789728206603667,4.7,5.0,18.87,32.48,0.28035330276918136,6.887961326932018,1.8721228669245362,0.5,0.25,38,ALDO,3.078817733990148,0,0.0,0.20149999999999998,0.0692,0.1887,0.3248,0,0,0,0,0,0,0,0,0,0,0,0,0
290,2022,0,18.22,4.69,1.41,0.69,0.10917559216717855,4.68,3.7,33.13,67.92,0.12832413950097835,3.5882623590879748,1.3854055793660545,0.42857142857142855,0.0,34,ALDO,1.4723203769140165,0,0.0,0.1822,0.046900000000000004,0.33130000000000004,0.6792,0,0,0,0,0,0,0,0,0,0,0,0,0
289,2023,0,13.77,0.15,1.29,0.74,0.18854730919762305,5.15,3.89,32.81,70.96,0.04831156110660913,4.094240833658971,1.5505291272131558,0.5,0.14285714285714285,34,ALDO,1.4092446448703497,0,0.0,0.1377,0.0015,0.3281,0.7095999999999999,0,0,0,0,0,0,0,0,0,0,0,0,0
323,2013,0,1.95,-0.03,1.27,1.17,0.11407209794939216,8.33,70.41,6.77,27.46,0.020617769421731734,7.578207978226105,1.0211311047495268,0.3333333333333333,0.5,32,ALKA,3.6416605972323377,0,,0.0195,-0.0003,0.0677,0.2746,0,0,0,0,0,0,0,0,0,0,0,0,0
322,2014,0,1.76,0.24,1.25,1.15,0.03315365708714805,7.71,69.41,10.25,40.55,0.03816907112190061,7.1732767660220045,1.4743208551204272,0.3333333333333333,0.25,34,ALKA,2.466091245376079,0,0.0,0.0176,0.0024,0.1025,0.40549999999999997,0,0,0,0,0,0,0,0,0,0,0,0,0
321,2015,0,2.48,-0.16,1.01,0.69,0.11125602208381778,7.48,37.11,23.28,54.29,0.07783617735771169,6.231753177014606,1.2030307094363628,0.3333333333333333,0.0,36,ALKA,1.8419598452753732,0,0.0,0.0248,-0.0016,0.2328,0.5428999999999999,0,0,0,0,0,0,0,0,0,0,0,0,0
320,2016,0,2.61,0.04,0.92,0.59,0.16599312400240615,43.98,51.18,26.45,59.14,0.06036882437188424,6.074139005549178,2.3262832674114913,0.3333333333333333,0.0,37,ALKA,1.6909029421711192,0,0.0,0.026099999999999998,0.0004,0.2645,0.5914,0,0,0,0,0,0,0,0,0,0,0,0,0
319,2017,0,2.28,0.8,1.3,1.12,0.09716823416124531,16.94,64.11,14.77,57.44,0.09544289649284128,6.945262911525342,1.9797374423526954,0.3333333333333333,0.0,37,ALKA,1.7409470752089136,0,0.0,0.022799999999999997,0.008,0.1477,0.5744,0,0,0,0,0,0,0,0,0,0,0,0,0
318,2018,0,1.67,0.64,1.16,1.1,0.16591187661730916,10.27,99.83,6.44,41.52,0.05011439107813869,9.319240303412837,1.5119356130198143,0.5,0.0,38,ALKA,2.4084778420038533,0,0.0,0.0167,0.0064,0.0644,0.4152,0,0,0,0,0,0,0,0,0,0,0,0,0
317,2019,0,2.33,0.33,1.18,1.14,0.5702717559572666,5.78,82.14,0.05,0.29,0.021529811284112552,57.540547058867965,2.0249948270562426,0.5,0.0,40,ALKA,344.82758620689657,0,0.0,0.0233,0.0033,0.0005,0.0029,0,0,0,0,0,0,0,1,0,0,0,0,1
316,2020,0,2.3,0.33,1.3,1.29,0.5785750786643159,8.23,159.89,0.1,0.42,0.025679702025602144,291.012311305671,1.2642923853842183,0.3333333333333333,0.3333333333333333,37,ALKA,238.0952380952381,0,0.0,0.023,0.0033,0.001,0.0042,0,0,0,0,0,0,0,0,0,0,1,0,1
315,2021,0,1.22,0.5,1.32,1.32,0.6734830684272116,15.22,1003.86,0.05,0.18,0.04471454855108271,80.6615975789087,1.0099092490209127,0.3333333333333333,0.6666666666666666,38,ALKA,555.5555555555555,0,0.0,0.012199999999999999,0.005,0.0005,0.0018,0,0,0,0,0,0,1,1,0,0,0,0,2
314,2022,0,1.73,1.16,1.38,1.37,0.9419314999651668,19.15,2070.88,0.01,0.04,0.10697279218610857,226.01633770050202,0.7348222515908032,0.5,0.0,34,ALKA,2500.0,0,0.0,0.0173,0.0116,0.0001,0.0004,0,0,0,0,0,0,1,1,1,0,1,0,4
313,2023,0,3.13,2.22,2.54,2.52,2.450753101519315,18.63,716.81,0.04,0.06,0.3289571310603587,87.76233041194163,1.184140337907113,0.5,0.0,34,ALKA,1666.6666666666667,0,0.0,0.0313,0.0222,0.0004,0.0006,0,0,0,0,0,0,1,1,1,0,0,0,3
347,2013,0,6.04,0.91,1.06,0.51,0.13686529706256848,8.05,3.57,76.11472125451654,318.66792121932946,0.04474473571161554,3.4548520401894396,0.28021064019555947,0.6666666666666666,0.42857142857142855,32,ALMI,0.31380629596279014,0,,0.0604,0.0091,0.7611472125451654,3.1866792121932948,0,0,0,0,0,0,0,0,0,0,0,0,0
346,2014,0,4.98,0.11,1.02,0.46,0.11047970019076875,7.84,2.81,80.89560939422506,423.43988386508215,0.02930021655885688,3.6440215047220867,0.26720318432924867,0.4,0.0,34,ALMI,0.23616103208610917,0,0.0,0.049800000000000004,0.0011,0.8089560939422507,4.234398838650821,0,0,0,0,0,0,0,0,0,0,0,0,0
345,2015,0,2.02,-1.61,0.9,0.42,0.10325108771115594,8.55,3.04,74.18449988347936,287.36417868583123,-0.014237702206941764,6.473057923591312,0.21590847694483575,0.5,0.5,36,ALMI,0.3479904853044601,0,0.0,0.0202,-0.0161,0.7418449988347936,2.8736417868583124,0,0,0,0,0,0,0,0,0,0,0,0,0
344,2016,0,2.56,-4.06,0.85,0.35,0.1454278097644025,10.08,3.13,81.24994785730516,433.3318501674717,-0.014559598807239765,5.917896465768251,0.2792409708413638,0.5,0.0,37,ALMI,0.2307700206235765,0,0.0,0.0256,-0.0406,0.8124994785730516,4.333318501674717,0,0,0,0,0,0,0,0,0,0,0,0,0
343,2017,0,3.83,0.24,0.97,0.41,0.09031901426351206,10.13,3.7,84.05616064224893,527.2015024498168,0.024292236309691163,2.517642900947662,0.35780023703309066,0.5,0.0,37,ALMI,0.18968079479158692,0,0.0,0.0383,0.0024,0.8405616064224892,5.272015024498168,0,0,0,0,0,0,0,0,0,0,0,0,0
342,2018,0,4.79,0.15,0.99,0.34,0.08220568869483091,10.02,3.5,88.23724156908376,750.1407266612595,0.04561784032650645,2.056115128568765,0.7437416935753153,0.6666666666666666,0.5,38,ALMI,0.13330831995361975,0,0.0,0.0479,0.0015,0.8823724156908377,7.501407266612595,0,0,0,0,0,0,0,0,0,0,0,0,0
341,2019,0,-5.31,-14.23,0.74,0.23,0.012603571429106196,6.47,2.16,100.13288300308064,-753.54,-0.11439667959855866,0.9846822736450032,-95.86701499908116,0.3333333333333333,0.2222222222222222,40,ALMI,-0.13270695649865968,1,0.0,-0.053099999999999994,-0.1423,1.0013288300308063,-7.535399999999999,0,0,0,0,0,0,0,0,0,0,0,1,1
340,2020,1,-11.41,-27.81,0.65,0.2,0.00821585556488577,4.34,1.48,118.866072993358,-630.0520147208488,-0.08057936791458399,0.05928484149433081,-0.5673639738868119,0.42857142857142855,0.2,37,ALMI,-0.1587170545662108,1,1.0,-0.11410000000000001,-0.2781,1.18866072993358,-6.300520147208488,0,0,0,0,0,0,0,0,0,0,0,0,0
339,2021,0,3.39,0.04,1.41,0.67,0.1524881368810803,8.0,2.61,60.85369481132381,155.45195010875995,0.015879845959556417,3.3954354865222394,2.185338646173641,0.3333333333333333,0.0,38,ALMI,0.6432855935871907,0,0.0,0.0339,0.0004,0.6085369481132381,1.5545195010875994,0,0,0,0,0,0,0,0,0,0,0,0,0
338,2022,0,-2.0,-3.92,1.27,0.34,0.01639065711697589,10.39,2.64,54.392115068272716,119.26033217654141,-0.06873029319506745,6.560669535394052,1.9871031058713517,0.4,0.3333333333333333,34,ALMI,0.8385017731794484,0,0.0,-0.02,-0.0392,0.5439211506827272,1.1926033217654142,0,0,0,0,0,0,0,0,0,0,0,0,0
337,2023,0,-12.07,-18.83,0.87,0.3,0.014755000352190082,17.81,2.49,60.072612227770975,150.45465175121655,-0.23391964403784057,6.560669535394052,2.0806669816737573,0.42857142857142855,0.0,34,ALMI,0.6646520983967611,0,0.0,-0.1207,-0.1883,0.6007261222777097,1.5045465175121655,0,0,0,0,0,0,0,0,0,0,0,0,0
371,2013,0,20.1,6.92,2.12,2.7,0.3249335579989641,4.49,2.7,26.18,45.26,0.2227849893589366,5.523034766137707,2.5844015006587604,0.4,0.5,32,ALTO,2.209456473707468,0,,0.201,0.0692,0.2618,0.4526,0,0,0,0,0,0,0,0,0,0,0,0,0
370,2014,0,28.72,3.46,1.84,4.54,0.12648632397263956,1.31,4.54,49.92,138.3,0.06380439377268556,2.4095500693405536,2.29612861665238,0.3333333333333333,0.25,34,ALTO,0.7230657989877078,0,0.0,0.2872,0.0346,0.49920000000000003,1.383,0,0,0,0,0,0,0,0,0,0,0,0,0
369,2015,0,36.95,-3.05,1.83,2.17,0.266630340587409,0.81,2.17,45.26,105.4,0.046896494720528634,2.7107849067224863,1.4490797394108308,0.3333333333333333,0.4,36,ALTO,0.9487666034155597,0,0.0,0.36950000000000005,-0.0305,0.4526,1.054,0,0,0,0,0,0,0,0,0,0,0,0,0
368,2016,0,29.31,-8.07,1.58,1.87,0.00835429118161618,2.17,1.87,49.03,114.14,0.01478337414932291,2.573863337668089,1.4016974205606474,0.4,0.3333333333333333,37,ALTO,0.8761170492377782,0,0.0,0.29309999999999997,-0.08070000000000001,0.4903,1.1414,0,0,0,0,0,0,0,0,0,0,0,0,0
367,2017,0,29.69,-8.94,0.75,1.77,0.016046900623314198,2.63,1.77,48.18,116.74,0.04051692382683748,2.3632400301076144,1.5006590366134733,0.5,0.0,37,ALTO,0.8566044200788077,0,0.0,0.2969,-0.0894,0.4818,1.1674,0,0,0,0,0,0,0,0,0,0,0,0,0
366,2018,0,15.71,-23.98,1.07,1.82,0.03090789153982415,3.46,1.82,50.6,133.87,-0.04926475168579674,1.8211384591719524,2.028923180370078,0.5,0.0,38,ALTO,0.7469933517591694,0,0.0,0.15710000000000002,-0.2398,0.506,1.3387,0,0,0,0,0,0,0,0,0,0,0,0,0
365,2019,0,9.91,-11.38,0.76,2.12,0.01556773620703242,5.87,2.12,31.95,91.6,-0.03174202883889943,1.813711171203978,2.2647579566168288,0.4,0.0,40,ALTO,1.091703056768559,0,0.0,0.09910000000000001,-0.11380000000000001,0.3195,0.9159999999999999,0,0,0,0,0,0,0,0,0,0,0,0,0
364,2020,0,12.19,-2.15,0.88,2.55,0.014894207778308315,6.91,2.55,11.43,33.13,-0.010958828347050907,1.728462455150968,2.2912911573478243,0.5,0.0,37,ALTO,3.0184123151222453,0,0.0,0.1219,-0.0215,0.1143,0.33130000000000004,0,0,0,0,0,0,0,0,0,0,0,0,0
363,2021,0,11.63,-3.27,0.83,2.5,0.10475944462403868,7.59,2.5,13.44,39.87,0.003024849864346607,1.7454925425670114,1.8014948961145993,0.3333333333333333,0.0,38,ALTO,2.508151492350138,0,0.0,0.11630000000000001,-0.0327,0.1344,0.3987,0,0,0,0,0,0,0,0,0,0,0,0,0
362,2022,0,9.83,-2.43,0.82,2.92,0.06842444783919711,9.59,2.92,11.32,33.88,0.0077522402558005505,1.7380858359754803,1.6868158399268476,0.5,0.25,34,ALTO,2.9515938606847696,0,0.0,0.0983,-0.024300000000000002,0.11320000000000001,0.33880000000000005,0,0,0,0,0,0,0,0,0,0,0,0,0
361,2023,0,8.25,-3.94,0.81,3.49,0.007333846788129244,11.17,3.49,10.85,31.82,0.002722908770780488,1.7163296019706968,0.31409702490233754,0.5,0.0,34,ALTO,3.1426775612822127,0,0.0,0.0825,-0.0394,0.1085,0.3182,0,0,0,0,0,0,0,0,0,0,0,0,0
395,2013,0,21.62,10.52,4.18,2.72,1.8360832137733143,9.05,3.71,21.99998700342121,28.205106843233686,0.15552968475332765,10.060297467066615,1.1004347767816232,0.0,0.0,32,AMFG,3.5454572306996837,0,,0.2162,0.1052,0.21999987003421212,0.28205106843233685,0,0,0,0,0,0,0,0,0,0,0,0,0
394,2014,0,23.79,12.64,5.68,3.81,2.7807768219004716,9.36,3.9,21.405429376920395,27.235252011968637,0.1773511659100289,7.946938830365083,1.1264767333883616,0.6,0.0,34,AMFG,3.671711939953947,0,0.0,0.2379,0.1264,0.21405429376920396,0.27235252011968636,0,0,0,0,0,0,0,0,0,0,0,0,0
393,2015,0,20.8,9.31,4.65,2.86,1.9436955542204866,9.3,3.62,20.608789832036578,25.95852839179016,0.11242151327508544,9.4612579740239,0.8384994143453101,0.4,0.0,36,AMFG,3.8522985005431494,0,0.0,0.20800000000000002,0.0931,0.20608789832036578,0.2595852839179016,0,0,0,0,0,0,0,0,0,0,0,0,0
392,2016,0,20.16,6.99,2.02,0.94,0.36248116002286784,9.43,3.27,34.616967823153594,52.94487984210106,0.10480114823475022,4.526823054461364,0.8078873903109081,0.3333333333333333,0.3333333333333333,37,AMFG,1.8887567654933337,0,0.0,0.2016,0.0699,0.34616967823153594,0.5294487984210106,0,0,0,0,0,0,0,0,0,0,0,0,0
391,2017,0,14.11,0.99,2.01,0.86,0.34727049672836774,9.84,3.18,43.37936850730781,76.61406692877775,0.028396024996076224,3.0608610969805508,0.7368105459839831,0.3333333333333333,0.3333333333333333,37,AMFG,1.3052433320497445,0,0.0,0.1411,0.009899999999999999,0.4337936850730781,0.7661406692877775,0,0,0,0,0,0,0,0,0,0,0,0,0
390,2018,0,13.72,0.15,1.27,0.52,0.1705833099469551,10.7,3.14,57.348239553202376,134.45691092806504,0.04442642158043032,2.161315466077205,0.4452623624211979,0.3333333333333333,0.5,38,AMFG,0.743732689601209,0,0.0,0.13720000000000002,0.0015,0.5734823955320237,1.3445691092806504,0,0,0,0,0,0,0,0,0,0,0,0,0
389,2019,0,8.39,-3.08,1.03,0.41,0.1281153998748088,9.73,2.9,60.97608678361489,156.25313239476105,-0.03340360846011253,2.120942623341522,0.4365542880486438,0.5,0.0,40,AMFG,0.6399871699682665,0,0.0,0.0839,-0.0308,0.6097608678361489,1.5625313239476106,0,0,0,0,0,0,0,0,0,0,0,0,0
388,2020,0,6.93,-11.44,0.8,0.33,0.12433875856286868,8.41,2.75,63.20066287708702,171.74402535021574,-0.1015367066495508,2.115171669866461,0.39995399061449494,0.4,0.16666666666666666,37,AMFG,0.582261885361559,0,0.0,0.0693,-0.1144,0.6320066287708702,1.7174402535021573,0,0,0,0,0,0,0,0,0,0,0,0,0
387,2021,0,22.06,6.71,0.99,0.33,0.06856399730049524,10.06,3.08,55.515909013549845,124.79946826486798,0.1471207751090145,2.509095716261308,0.5851029750993587,0.42857142857142855,0.0,38,AMFG,0.8012854653175696,0,0.0,0.2206,0.06709999999999999,0.5551590901354985,1.2479946826486799,0,0,0,0,0,0,0,0,0,0,0,0,0
386,2022,0,24.99,7.85,1.2,0.37,0.0539951627487348,10.15,2.86,50.1752891574656,100.70362338085444,0.21928125903856058,3.1136188026107665,0.6474700632121311,0.4,0.0,34,AMFG,0.9930129288576501,0,0.0,0.24989999999999998,0.0785,0.501752891574656,1.0070362338085443,0,0,0,0,0,0,0,0,0,0,0,0,0
385,2023,0,24.46,9.86,1.44,0.44,0.07739299062528765,9.53,2.49,43.4618455112774,76.87170885626719,0.20396100960752814,4.171858685343474,0.6038101396054506,0.25,0.0,34,AMFG,1.3008687004340895,0,0.0,0.2446,0.0986,0.434618455112774,0.768717088562672,0,0,0,0,0,0,0,0,0,0,0,0,0
419,2013,0,18.11,1.6,0.82,0.34,0.0866497181949978,33.95,9.9,32.25,135.8,0.10306813423461147,2.886631553090987,6.524223219254553,0.4,0.0,32,AMRT,0.7363770250368188,0,,0.18109999999999998,0.016,0.3225,1.358,0,0,0,0,0,0,0,0,0,0,0,0,0
418,2014,0,18.64,1.4,0.91,0.35,0.06303669532244399,28.2,8.27,35.12,163.84,0.10286487631951974,2.2209552691926824,6.438739316638364,0.4,0.0,34,AMRT,0.6103515625,0,0.0,0.1864,0.013999999999999999,0.35119999999999996,1.6384,0,0,0,0,0,0,0,0,0,0,0,0,0
417,2015,0,19.08,0.96,1.1,0.45,0.10888467549486142,29.83,8.34,26.18,82.04,0.09578595723757309,2.4600121973318787,4.965595549971383,0.3333333333333333,0.16666666666666666,36,AMRT,1.2189176011701608,0,0.0,0.19079999999999997,0.0096,0.2618,0.8204,0,0,0,0,0,0,0,0,0,0,0,0,0
416,2016,0,19.38,0.99,0.9,0.37,0.08201466189378709,31.31,8.53,34.57,127.16,0.07830451400476346,2.918723301554906,4.901600612246479,0.3333333333333333,0.0,37,AMRT,0.786410821012897,0,0.0,0.1938,0.009899999999999999,0.3457,1.2716,0,0,0,0,0,0,0,0,0,0,0,0,0
415,2017,0,19.54,0.42,0.88,0.35,0.07251126176412309,28.06,7.61,35.88,149.67,0.05311349019942264,2.4601379938687313,4.82601848063777,0.3333333333333333,0.0,37,AMRT,0.6681365671143182,0,0.0,0.1954,0.0042,0.3588,1.4967,0,0,0,0,0,0,0,0,0,0,0,0,0
414,2018,0,19.81,1.0,1.15,0.5,0.18607326208533584,30.2,7.57,21.14,77.87,0.07645811569064695,2.198369635567706,6.452020751524123,0.3333333333333333,0.0,38,AMRT,1.2841916013869268,0,0.0,0.1981,0.01,0.2114,0.7787000000000001,0,0,0,0,0,0,0,0,0,0,0,0,0
413,2019,0,19.96,1.56,1.12,0.55,0.2968764014037181,37.92,7.89,17.96,62.61,0.09103924794040871,2.7471064522555424,5.307950603597428,0.3333333333333333,0.3333333333333333,40,AMRT,1.5971889474524836,0,0.0,0.1996,0.015600000000000001,0.1796,0.6261,0,0,0,0,0,0,0,0,0,0,0,0,0
412,2020,0,20.36,1.44,0.88,0.39,0.25300305575983617,41.73,7.94,15.25,51.87,0.07648905078236748,3.538439956972033,4.350206193343188,0.3333333333333333,0.0,37,AMRT,1.9278966647387703,0,0.0,0.2036,0.0144,0.1525,0.5186999999999999,0,0,0,0,0,0,0,0,0,0,0,0,0
411,2021,0,20.73,2.31,0.87,0.33,0.19965985715368306,43.27,8.21,11.21,32.54,0.14274495863909603,7.018888944218657,5.351445781632861,0.3333333333333333,0.0,38,AMRT,3.0731407498463432,0,0.0,0.2073,0.0231,0.1121,0.32539999999999997,0,0,0,0,0,0,0,0,0,0,0,0,0
410,2022,0,20.69,3.0,0.9,0.38,0.21959572452653459,42.92,8.6,9.94,26.65,0.182861221149627,7.0809185184871035,9.59313784251203,0.3333333333333333,0.4,34,AMRT,3.7523452157598505,0,0.0,0.2069,0.03,0.09939999999999999,0.26649999999999996,0,0,0,0,0,0,0,0,0,0,0,0,0
409,2023,0,21.6,3.26,1.0,0.42,0.23602776052983368,40.34,8.72,5.43,11.85,0.2264487271252015,13.288350432218932,7.746911212910374,0.5,0.3333333333333333,34,AMRT,8.438818565400844,0,0.0,0.21600000000000003,0.0326,0.054299999999999994,0.1185,0,0,0,0,0,0,0,0,0,0,0,0,0
443,2013,0,34.83,15.79,3.75,3.21,2.2728135471842217,45.87,6.86,0.47,0.51,0.5625164759757766,28.086492557706954,1.1164050741051879,0.5,0.0,32,ANJT,196.078431372549,0,,0.3483,0.15789999999999998,0.004699999999999999,0.0051,0,0,0,0,0,0,0,0,0,0,0,0,0
442,2014,0,40.64,11.54,1.22,0.98,0.5672082959655259,55.98,8.19,6.3,7.45,0.3388810901226849,26.148784895489356,0.9456690955126948,0.5,0.6666666666666666,34,ANJT,13.422818791946309,0,0.0,0.4064,0.11539999999999999,0.063,0.0745,0,0,0,0,0,0,0,0,0,0,0,0,0
441,2015,0,30.84,-6.66,0.92,0.76,0.3469908848392569,44.7,8.03,20.85,28.81,0.014773770911985616,5.592915609955603,1.1447566305400765,0.5,0.25,36,ANJT,3.4710170079833396,0,0.0,0.3084,-0.0666,0.20850000000000002,0.28809999999999997,0,0,0,0,0,0,0,0,0,0,0,0,0
440,2016,0,33.68,6.84,1.43,1.26,0.584374766670347,42.61,10.7,24.57,36.38,0.08496455901842659,3.8277067015717714,1.3972490693601594,0.5,0.25,37,ANJT,2.7487630566245187,0,0.0,0.3368,0.0684,0.2457,0.3638,0,0,0,0,0,0,0,0,0,0,0,0,0
439,2017,0,30.12,28.76,1.52,1.32,0.839795816699033,42.39,11.78,19.66,28.32,0.04177664348782461,4.335232936811069,0.7505170573310306,0.0,0.3333333333333333,37,ANJT,3.5310734463276834,0,0.0,0.3012,0.2876,0.1966,0.2832,0,0,0,0,0,0,0,0,0,0,0,0,0
438,2018,0,26.97,-0.32,1.67,1.46,0.7097673901865567,21.74,9.57,28.46,44.36,0.0278446099427507,3.418768248814236,0.6858771817887739,0.3333333333333333,0.0,38,ANJT,2.254283137962128,0,0.0,0.2697,-0.0032,0.2846,0.4436,0,0,0,0,0,0,0,0,0,0,0,0,0
437,2019,0,18.23,-3.5,2.13,1.66,0.6607585626103141,16.02,8.08,30.44,49.0,-0.028234007164731803,2.8909795360317414,0.6199018540575331,0.5,0.0,40,ANJT,2.0408163265306123,0,0.0,0.18230000000000002,-0.035,0.3044,0.49,0,0,0,0,0,0,0,0,0,0,0,0,0
436,2020,0,24.43,1.35,2.34,1.62,0.5765423018391559,30.84,7.06,30.98,49.8,0.06149533050652318,2.8669532155832878,0.4436872554348855,0.5,0.3333333333333333,37,ANJT,2.0080321285140563,0,0.0,0.2443,0.013500000000000002,0.3098,0.498,0,0,0,0,0,0,0,0,0,0,0,0,0
435,2021,0,36.78,13.68,1.59,1.07,0.5664752621064216,64.34,7.36,26.53,40.19,0.2757892655294007,3.4966253192794965,0.5466208181971318,0.3333333333333333,0.0,38,ANJT,2.488181139586962,0,0.0,0.3678,0.1368,0.26530000000000004,0.4019,0,0,0,0,0,0,0,0,0,0,0,0,0
434,2022,0,20.07,7.86,1.46,0.95,0.27948873841583116,98.02,9.29,22.46,31.91,0.22046149701522494,4.073064644034129,0.3378924646270655,0.2857142857142857,0.6,34,ANJT,3.1338138514572234,0,0.0,0.2007,0.0786,0.22460000000000002,0.3191,0,0,0,0,0,0,0,0,0,0,0,0,0
433,2023,0,13.33,0.8,1.04,0.73,0.12021710079163114,141.29,11.04,24.63,35.57,0.09739486145533814,4.127741838281064,0.38162840223150796,0.5,0.16666666666666666,34,ANJT,2.81135788585887,0,0.0,0.1333,0.008,0.2463,0.3557,0,0,0,0,0,0,0,0,0,0,0,0,0
467,2013,0,14.3,3.63,1.84,1.2,0.7243494803897016,7.44,4.97,41.48905170174853,70.90818540534299,0.04641191258286324,3.4526835814859846,0.8126729401575971,0.4,0.25,32,ANTM,1.4102744193544814,0,,0.14300000000000002,0.0363,0.4148905170174853,0.7090818540534299,0,0,0,0,0,0,0,0,0,0,0,0,0
466,2014,0,8.42,-7.89,1.64,1.19,0.6779617751896284,8.23,4.1,45.23781556078867,82.60776304678792,-0.013769381895823208,2.978234013299004,0.8430315102856308,0.5,0.5,34,ANTM,1.2105399821002458,0,0.0,0.0842,-0.0789,0.4523781556078867,0.8260776304678792,0,0,0,0,0,0,0,0,0,0,0,0,0
465,2015,0,1.85,-13.68,2.59,2.19,1.863567339622571,12.56,5.88,39.66199251571973,65.73301666624108,-0.05825837509045607,3.378547070435427,0.41195479055524525,0.5,0.2222222222222222,36,ANTM,1.5213055032564422,0,0.0,0.018500000000000003,-0.1368,0.3966199251571973,0.6573301666624108,0,0,0,0,0,0,0,0,0,0,0,0,0
464,2016,0,9.35,0.71,2.44,2.12,1.751570806272586,11.61,5.26,38.599557779718715,62.86527650930963,0.0007047647170472362,3.5495440211896474,1.1683292556317422,0.4,0.0,37,ANTM,1.5907032554798537,0,0.0,0.0935,0.0070999999999999995,0.38599557779718713,0.6286527650930963,0,0,0,0,0,0,0,0,0,0,0,0,0
463,2017,0,12.99,1.08,1.62,1.39,0.9996785903051089,10.69,8.32,38.39463231861808,62.32351784213363,0.052118456854138386,4.096489569638036,0.812271508262185,0.3333333333333333,0.25,37,ANTM,1.6045307367485486,0,0.0,0.12990000000000002,0.0108,0.38394632318618077,0.6232351784213364,0,0,0,0,0,0,0,0,0,0,0,0,0
462,2018,0,18.44,6.47,1.32,0.99,0.7729451729307659,21.31,13.28,42.698663605757645,74.5159996129654,0.1131998635691491,3.253909181857132,0.9964857985066338,0.3333333333333333,0.3333333333333333,38,ANTM,1.3419936727601856,0,0.0,0.1844,0.0647,0.4269866360575765,0.745159996129654,0,0,0,0,0,0,0,0,0,0,0,0,0
461,2019,0,14.45,0.59,1.45,1.11,0.6869600063372774,26.98,15.37,39.94543935306141,66.5152470066363,0.10639525810999702,3.679188673729758,1.1131845668041256,0.3333333333333333,0.3333333333333333,40,ANTM,1.5034146981371488,0,0.0,0.1445,0.0059,0.39945439353061407,0.665152470066363,0,0,0,0,0,0,0,0,0,0,0,0,0
460,2020,0,17.45,4.2,1.21,0.86,0.5275056016495145,16.88,10.22,39.994512276314246,66.65142438385242,0.18374002908986123,4.706478572731796,2.4422728662905726,0.5,0.6,37,ANTM,1.500343029791677,0,0.0,0.1745,0.042,0.3999451227631425,0.6665142438385242,0,0,0,0,0,0,0,0,0,0,0,0,0
459,2021,0,20.0,4.84,1.79,1.31,0.9223902353763869,20.46,10.73,36.69643786452087,57.96899357098575,0.34915501674965327,4.777113125972846,2.594853689858828,0.4,0.0,38,ANTM,1.7250601371497905,0,0.0,0.2,0.0484,0.36696437864520864,0.5796899357098575,0,0,0,0,0,0,0,0,0,0,0,0,0
458,2022,0,17.87,8.32,1.96,1.47,0.9123980895100895,21.41,12.55,29.506588093903336,41.85722792536794,0.4033177732946937,6.997664376993936,2.011679625436592,0.4,0.0,34,ANTM,2.389073642867643,0,0.0,0.1787,0.0832,0.29506588093903335,0.41857227925367935,0,0,0,0,0,0,0,0,0,0,0,0,0
457,2023,0,16.65,7.5,2.34,1.93,1.671359561776215,21.41,10.73,27.270237056124913,37.49529209543706,0.267115958115841,11.023632944478983,1.3146662290953475,0.3333333333333333,0.0,34,ANTM,2.6670014930266235,0,0.0,0.16649999999999998,0.075,0.27270237056124913,0.3749529209543706,0,0,0,0,0,0,0,0,0,0,0,0,0
491,2013,0,53.61,13.14,2.27,0.97,0.20344321506209334,4.61,0.83,28.24,46.37,0.465208991983451,8.522271761814606,1.3415214826236057,0.5,0.0,32,APII,2.156566745740781,0,,0.5361,0.13140000000000002,0.2824,0.4637,0,0,0,0,0,0,0,0,0,0,0,0,0
490,2014,0,47.96,12.89,1.38,0.75,0.28199272153770655,4.23,1.08,43.98,91.99,0.2570860669471006,9.974421071464763,2.1978138919239902,0.42857142857142855,0.0,34,APII,1.0870746820306556,0,0.0,0.4796,0.12890000000000001,0.43979999999999997,0.9198999999999999,0,0,0,0,0,0,0,0,0,0,0,0,0
489,2015,0,60.17,9.13,1.45,0.55,0.06155437800258369,2.94,0.56,38.04,72.74,0.24796045135373812,10.127979255999298,1.0825343522249131,0.4,0.25,36,APII,1.3747594171020072,0,0.0,0.6017,0.0913,0.3804,0.7273999999999999,0,0,0,0,0,0,0,0,0,0,0,0,0
488,2016,0,60.75,9.32,1.51,0.53,0.12098230106783689,3.16,0.43,33.88,57.77,0.22648882528594358,18.615387100670283,1.3399010260535675,0.5,0.3333333333333333,37,APII,1.7310022503029254,0,0.0,0.6075,0.0932,0.33880000000000005,0.5777,0,0,0,0,0,0,0,0,0,0,0,0,0
487,2017,0,60.47,8.28,1.5,0.52,0.09263491180753276,3.35,0.43,32.3,55.25,0.19771407348121703,19.775263975198282,0.8696783101795272,0.5,0.42857142857142855,37,APII,1.8099547511312217,0,0.0,0.6047,0.0828,0.32299999999999995,0.5525,0,0,0,0,0,0,0,0,0,0,0,0,0
486,2018,0,61.41,14.04,1.65,0.64,0.12464408864575342,3.72,0.52,27.65,45.18,0.3316030459243875,21.51290487416028,0.7260403245157897,0.25,0.0,38,APII,2.213368747233289,0,0.0,0.6141,0.1404,0.27649999999999997,0.4518,0,0,0,0,0,0,0,0,0,0,0,0,0
485,2019,0,59.63,10.6,1.61,0.56,0.12424778799120702,3.79,0.57,25.44,41.44,0.25441256651270155,18.922744991533595,0.6568116238901119,0.5714285714285714,0.3333333333333333,40,APII,2.413127413127413,0,0.0,0.5963,0.106,0.2544,0.4144,0,0,0,0,0,0,0,0,0,0,0,0,0
484,2020,0,57.8,12.11,1.79,0.64,0.14768218798853255,3.75,0.57,24.21,37.22,0.30466267297973115,21.399057318547367,0.4971686134410445,0.3333333333333333,0.0,37,APII,2.6867275658248255,0,0.0,0.578,0.1211,0.2421,0.3722,0,0,0,0,0,0,0,0,0,0,0,0,0
483,2021,0,57.18,8.19,1.85,0.71,0.1943161100566192,3.8,0.58,23.04,34.57,0.21851202983568682,24.88432892558453,0.6547395051957529,0.5,0.0,38,APII,2.8926815157651142,0,0.0,0.5718,0.0819,0.2304,0.3457,0,0,0,0,0,0,0,0,0,0,0,0,0
482,2022,0,53.75,4.76,1.79,0.6,0.15396195534858892,4.4,0.69,21.79,32.56,0.22130699471048743,33.012633538372796,0.5611265826253652,0.3333333333333333,0.5,34,APII,3.0712530712530715,0,0.0,0.5375,0.047599999999999996,0.21789999999999998,0.3256,0,0,0,0,0,0,0,0,0,0,0,0,0
481,2023,0,59.72,10.25,1.75,0.62,0.17333969599530166,4.37,0.59,21.09,30.87,0.275130640774837,29.263332043974263,0.4901168197526837,0.3333333333333333,0.0,34,APII,3.239390994493035,0,0.0,0.5972,0.1025,0.2109,0.30870000000000003,0,0,0,0,0,0,0,0,0,0,0,0,0
515,2013,0,16.18,0.67,1.84,1.35,0.5638373435820697,5.01,6.11,14.63,20.39,0.1781343241737623,13.860414022076522,0.44781633265231635,0.4,0.0,32,APLI,4.904364884747425,0,,0.1618,0.0067,0.1463,0.2039,0,0,0,0,0,0,0,0,0,0,0,0,0
514,2014,0,14.27,3.3,2.88,1.75,0.02165599171480214,6.31,7.34,1.39,1.69,0.3377949838860553,13.8596684651213,0.541026769716864,0.5,0.6666666666666666,34,APLI,59.1715976331361,0,0.0,0.1427,0.033,0.0139,0.0169,0,0,0,0,0,0,0,0,0,0,0,0,0
513,2015,0,13.11,0.71,1.18,0.74,0.0698420883173236,6.29,6.95,16.52,23.01,0.04769623968920542,13.157794042377557,0.4400592363512381,0.4,0.16666666666666666,36,APLI,4.345936549326379,0,0.0,0.1311,0.0070999999999999995,0.16519999999999999,0.23010000000000003,0,0,0,0,0,0,0,0,0,0,0,0,0
512,2016,0,17.57,3.72,1.59,0.92,0.042769282388799526,9.13,8.1,14.98,21.57,0.19123179890132158,5.691097276233835,0.6322070677641373,0.5,0.0,37,APLI,4.6360686138154845,0,0.0,0.1757,0.037200000000000004,0.14980000000000002,0.2157,0,0,0,0,0,0,0,0,0,0,0,0,0
511,2017,0,14.42,-0.35,1.72,0.98,0.07992132375779054,7.65,6.92,22.5,39.48,0.030077504858277017,3.3211450231873676,0.47538559628895694,0.4,0.0,37,APLI,2.5329280648429586,0,0.0,0.1442,-0.0034999999999999996,0.225,0.3948,0,0,0,0,0,0,0,0,0,0,0,0,0
510,2018,0,13.37,-5.36,1.0,0.71,0.3038960561663514,7.04,6.75,39.49,97.31,-0.04507299798610556,3.090657341222998,0.5605919472214451,0.5,0.0,38,APLI,1.027643613194944,0,0.0,0.13369999999999999,-0.0536,0.39490000000000003,0.9731000000000001,0,0,0,0,0,0,0,0,0,0,0,0,0
509,2019,0,17.67,2.19,1.41,0.79,0.11926611763361117,7.17,6.39,35.2,69.38,0.14118992113427706,2.794280883185551,1.1465495594974595,0.0,0.0,40,APLI,1.4413375612568464,0,0.0,0.17670000000000002,0.0219,0.35200000000000004,0.6938,0,0,0,0,0,0,0,0,0,0,0,0,0
508,2020,0,14.53,-1.97,1.59,1.04,0.47283694750120664,6.32,5.48,35.59,70.23,0.04241372055478078,2.80321932442581,1.3033125221956163,0.5,0.25,37,APLI,1.4238929232521713,0,0.0,0.14529999999999998,-0.0197,0.35590000000000005,0.7023,0,0,0,0,0,0,0,0,0,0,0,0,0
507,2021,0,14.96,5.52,1.33,0.88,0.45556317708769134,8.25,6.74,24.78,46.26,0.13859417375484795,4.31333397047618,1.215013258042079,0.3333333333333333,0.0,38,APLI,2.16169476869866,0,0.0,0.1496,0.0552,0.24780000000000002,0.46259999999999996,0,0,0,0,0,0,0,0,0,0,0,0,0
506,2022,0,20.72,8.85,1.79,1.36,0.8768256549287413,9.38,7.39,23.01,38.65,0.3450981584536189,5.279453611702053,1.3677766610703535,0.5,0.14285714285714285,34,APLI,2.5873221216041395,0,0.0,0.2072,0.0885,0.23010000000000003,0.3865,0,0,0,0,0,0,0,0,0,0,0,0,0
505,2023,0,24.88,10.74,2.55,2.0,1.3794434921182794,8.59,6.76,18.25,26.81,0.4325430660631367,6.068121468281033,2.4490175526017337,0.3333333333333333,0.2,34,APLI,3.729951510630362,0,0.0,0.2488,0.1074,0.1825,0.2681,0,0,0,0,0,0,0,0,0,0,0,0,0
539,2013,0,48.05,18.98,1.68,1.11,0.6099748793543578,2.9,1.08,27.74,75.68,0.102317000351892,1.9936759878501649,0.6111031444274857,0.3333333333333333,0.0,32,APLN,1.321353065539112,0,,0.4805,0.1898,0.2774,0.7568,0,0,0,0,0,0,0,0,0,0,0,0,0
538,2014,0,52.76,18.58,1.83,1.14,0.727703526917672,3.37,0.71,27.38,76.64,0.09390763560202463,1.9134937476537905,0.8115201867111888,0.3333333333333333,0.0,34,APLN,1.3048016701461378,0,0.0,0.5276,0.1858,0.2738,0.7664,0,0,0,0,0,0,0,0,0,0,0,0,0
537,2015,0,55.07,18.7,1.39,0.76,0.4110403924869708,4.51,0.63,25.72,69.61,0.10901513326886594,2.0743057005388983,0.7547173444043477,0.3333333333333333,0.6666666666666666,36,APLN,1.4365752047119669,0,0.0,0.5507,0.187,0.2572,0.6960999999999999,0,0,0,0,0,0,0,0,0,0,0,0,0
536,2016,0,53.86,15.64,1.07,0.46,0.15323381069557399,5.15,0.61,25.33,65.33,0.10804033203899174,2.233022839111435,0.43178131158551875,0.375,0.0,37,APLN,1.530690341343946,0,0.0,0.5386,0.1564,0.25329999999999997,0.6533,0,0,0,0,0,0,0,0,0,0,0,0,0
535,2017,0,52.11,26.73,1.31,0.79,0.31814076785566175,5.1,0.81,32.07,80.32,0.11788979739716668,2.141375338322275,0.37446267783435505,0.3333333333333333,0.0,37,APLN,1.2450199203187253,0,0.0,0.5211,0.2673,0.3207,0.8031999999999999,0,0,0,0,0,0,0,0,0,0,0,0,0
534,2018,0,52.67,4.09,1.05,0.58,0.10728849992668793,3.12,0.64,35.18,85.81,0.06535660039394857,2.2673922101789215,0.24267904630268966,0.3333333333333333,0.16666666666666666,38,APLN,1.1653653420347279,0,0.0,0.5267000000000001,0.0409,0.3518,0.8581,0,0,0,0,0,0,0,0,0,0,0,0,0
533,2019,0,57.92,3.19,1.66,0.91,0.17307884870326318,2.3,0.43,33.28,76.39,0.04633096217339633,2.095687647863572,0.2670257046142158,0.4,0.25,40,APLN,1.3090718680455558,0,0.0,0.5792,0.0319,0.3328,0.7639,0,0,0,0,0,0,0,0,0,0,0,0,0
532,2020,0,50.18,3.63,1.9,0.7,0.13715178762188582,3.32,0.45,32.76,87.69,0.06589995606462114,1.8818069770187726,0.37581583999192103,0.4,0.16666666666666666,37,APLN,1.1403808872163301,0,0.0,0.5018,0.0363,0.3276,0.8769,0,0,0,0,0,0,0,0,0,0,0,0,0
531,2021,0,40.09,-11.4,1.63,0.57,0.1452273066141049,3.66,0.34,34.1,95.81,0.029054773732643705,1.8964692068913012,0.2627491728117741,0.3333333333333333,0.3333333333333333,38,APLN,1.043732387015969,0,0.0,0.40090000000000003,-0.114,0.341,0.9581000000000001,0,0,0,0,0,0,0,0,0,0,0,0,0
530,2022,0,59.5,26.19,1.96,0.71,0.19045243051072838,9.56,0.47,29.57,67.86,0.2333634094498828,2.201692502786936,0.2803383616747158,0.3333333333333333,0.3333333333333333,34,APLN,1.4736221632773356,0,0.0,0.595,0.2619,0.2957,0.6786,0,0,0,0,0,0,0,0,0,0,0,0,0
529,2023,0,47.33,24.9,1.3,0.43,0.08999000694637378,5.93,0.34,26.52,55.85,0.06341852248497316,3.122416798392729,0.21768828359429945,0.3333333333333333,0.25,34,APLN,1.7905102954341987,0,0.0,0.4733,0.249,0.2652,0.5585,0,0,0,0,0,0,0,0,0,0,0,0,0
563,2013,0,-0.22,6.16,0.67,0.22,0.05001762889480441,15.81,3.67,0.8605914310309716,617.3160210992227,-2.675096779137926,1.301100590941996,1.231713723661841,0.3333333333333333,0.5,32,ARGO,0.16199158385997367,0,,-0.0022,0.0616,0.008605914310309716,6.173160210992227,0,0,0,0,0,0,0,0,0,1,0,0,1
562,2014,0,-11.12,-28.71,0.4,0.13,0.012457945423610053,16.23,4.11,1.141430606091524,-807.0605349402726,-11.411146419082481,0.7806807459764151,-1.5113067030000842,0.3333333333333333,0.5,34,ARGO,-0.12390644278920243,1,0.0,-0.1112,-0.2871,0.01141430606091524,-8.070605349402726,0,0,0,0,0,0,0,0,0,1,0,0,1
561,2015,1,-10.99,-24.11,0.29,0.1,0.011859700854264193,11.16,3.0,1.2429641206149062,-511.58340477151427,-9.274467579152564,0.6350686238361415,-0.6922721221509435,0.3333333333333333,0.5,36,ARGO,-0.19547154787920157,1,1.0,-0.1099,-0.24109999999999998,0.012429641206149063,-5.1158340477151425,0,0,0,0,0,0,0,0,0,1,0,0,1
560,2016,1,-2.59,-52.84,0.31,0.1,0.040269560532128996,12.69,2.91,1.4906376412109235,-303.8164046141954,-13.836797592978897,0.32362230369775324,-0.39339927536095326,0.3333333333333333,0.5,37,ARGO,-0.3291461503765279,1,1.0,-0.0259,-0.5284,0.014906376412109235,-3.038164046141954,0,0,0,0,0,0,0,0,0,1,0,0,1
559,2017,1,-5.85,-44.63,0.18,0.04,0.008890330821644933,10.57,2.02,1.7342697035775398,-236.18973997262285,-4.297937715080999,-0.1817442196148436,-0.28228401898430416,0.3333333333333333,0.5,37,ARGO,-0.4233884164976479,1,1.0,-0.058499999999999996,-0.44630000000000003,0.017342697035775397,-2.3618973997262285,0,0,0,0,0,0,0,0,0,1,0,0,1
558,2018,1,-9.07,-26.4,0.12,0.03,0.0030285507130168136,11.13,2.65,1.9066011450945184,-210.30208878632556,-5.044030667561248,-0.3901857269369916,-0.24050191509229107,0.3333333333333333,0.5,38,ARGO,-0.4755064515864299,1,1.0,-0.0907,-0.264,0.019066011450945185,-2.1030208878632557,0,0,0,0,0,0,0,0,0,1,0,0,1
557,2019,1,3.2,-37.51,0.1,0.03,0.0016199396058045768,7.34,2.03,2.0188188915669634,-198.152871749559,-1.6697204475313174,-0.5016963112560285,-0.23022228888259275,0.42857142857142855,0.0,40,ARGO,-0.504660866719044,1,1.0,0.032,-0.3751,0.020188188915669633,-1.98152871749559,0,0,0,0,1,0,0,0,0,0,0,0,1
556,2020,1,-15.79,-127.3,0.08,0.03,0.00021099708595272845,1.38,0.69,2.1107843207401378,-190.0264778059595,-2.4641965484511266,-0.9424415093453705,-0.5221753663229255,0.3333333333333333,0.16666666666666666,37,ARGO,-0.5262424539706112,1,1.0,-0.15789999999999998,-1.273,0.02110784320740138,-1.900264778059595,0,0,0,0,1,0,0,0,0,1,0,0,2
555,2021,1,-35.53,-45.66,0.07,0.04,0.0013845841248437123,1.35,1.26,2.1455675952518947,-187.29297198420028,-0.2093629735219463,-0.9564677978759527,-0.42800625264502906,0.16666666666666666,0.2,38,ARGO,-0.5339228639526091,1,1.0,-0.3553,-0.45659999999999995,0.021455675952518946,-1.8729297198420027,0,0,0,0,1,0,0,0,0,0,0,0,1
554,2022,1,2.63,-105.27,0.07,0.04,0.002105040229673781,1.5,1.38,2.2238851321348654,-181.7070143058005,-0.14878135333709241,-0.9280108138691934,-0.29735980303063475,0.5,0.0,34,ARGO,-0.5503364874605602,1,1.0,0.0263,-1.0527,0.022238851321348653,-1.817070143058005,0,0,0,0,0,0,0,0,0,0,0,0,0
553,2023,0,12.1,-34.07,0.37,0.26,0.02406838323443424,1.18,1.55,0.8803887732787641,736.0419229965631,0.2096740198412005,1.2679480328407542,23.34074125139939,0.5,0.0,34,ARGO,0.13586182644716954,0,0.0,0.121,-0.3407,0.008803887732787641,7.360419229965632,0,0,0,0,0,0,0,0,0,0,0,0,0
587,2013,0,-4.1,-9.39,0.24,0.18,0.010823159093978846,7.37,7.98,29.35,70.1,-0.11344965217121317,11.232361606450613,1.5837334796398936,0.2857142857142857,0.14285714285714285,32,ARII,1.4265335235378032,0,,-0.040999999999999995,-0.09390000000000001,0.29350000000000004,0.701,0,0,0,0,0,0,0,0,0,0,0,0,0
586,2014,0,-30.95,-64.0,0.33,0.31,0.028591367033205282,1.78,7.38,27.85,87.99,-0.08779410432196734,2.2750724499976247,1.005953824534752,0.42857142857142855,0.2222222222222222,34,ARII,1.1364927832708263,0,0.0,-0.3095,-0.64,0.2785,0.8798999999999999,0,0,0,0,0,0,0,0,0,0,0,0,0
585,2015,0,-40.52,-91.46,0.21,0.17,0.03287734281111764,1.35,8.62,28.99,124.29,-0.06999273118873528,2.108822654369405,1.0620751599764342,0.5,0.3333333333333333,36,ARII,0.8045699573577921,0,0.0,-0.4052,-0.9146,0.2899,1.2429000000000001,0,0,0,0,0,0,0,0,0,0,0,0,0
584,2016,0,-100.34,-218.9,0.18,0.16,0.008016528925619834,0.72,5.01,30.58,179.41,-0.06462621085763941,1.8256588601279569,2.0582742565740983,0.4,0.5,37,ARII,0.5573825316314587,0,0.0,-1.0034,-2.189,0.30579999999999996,1.7941,0,0,0,0,0,0,0,0,0,0,0,0,0
583,2017,0,-6.02,-58.18,0.23,0.21,0.02508122449438455,1.69,7.93,31.05,255.4,-0.020024319940768094,1.3635225070391634,5.45037702844054,0.3333333333333333,0.5,37,ARII,0.3915426781519185,0,0.0,-0.0602,-0.5818,0.3105,2.5540000000000003,0,0,0,0,0,0,0,0,0,0,0,0,0
582,2018,0,2.37,-74.05,0.23,0.21,0.006782954217247083,1.48,7.09,30.96,1085.22,-0.021158174154163926,1.0895083583561154,18.576333214813783,0.4,0.6666666666666666,38,ARII,0.092147214389709,0,0.0,0.023700000000000002,-0.7404999999999999,0.3096,10.8522,0,0,0,0,0,0,0,0,0,0,0,0,0
581,2019,0,-2.05,-8.82,0.24,0.22,0.005207693253041662,2.0,9.94,28.09,221.97,-0.023325565343958837,1.800869414014954,3.298876528989322,0.3333333333333333,0.0,40,ARII,0.45051133035995855,0,0.0,-0.020499999999999997,-0.0882,0.2809,2.2197,0,0,0,0,0,0,0,0,0,0,0,0,0
580,2020,0,-14.68,-38.91,0.21,0.19,0.001768655646939981,1.51,8.44,27.89,356.66,-0.03324815116943366,1.606817937412625,2.9990566603595594,0.5,0.0,37,ARII,0.2803790725060281,0,0.0,-0.14679999999999999,-0.38909999999999995,0.2789,3.5666,0,0,0,0,0,0,0,0,0,0,0,0,0
579,2021,0,17.65,0.8,0.44,0.4,0.01277440158749845,3.44,16.19,28.46,269.05,0.04416763621014569,1.242655093627378,1.4039880381069347,0.3333333333333333,0.25,38,ARII,0.3716781267422412,0,0.0,0.1765,0.008,0.2846,2.6905,0,0,0,0,0,0,0,0,0,0,0,0,0
578,2022,0,22.11,10.6,0.72,0.65,0.023683018041121606,5.24,17.85,22.42,143.23,0.104168983650502,1.3952936011661874,0.9290136270703075,0.3333333333333333,0.3333333333333333,34,ARII,0.6981777560566921,0,0.0,0.2211,0.106,0.2242,1.4323,0,0,0,0,0,0,0,0,0,0,0,0,0
577,2023,0,8.4,0.26,0.7,0.6,0.050282995652530554,3.99,11.93,18.38,136.51,0.016075163625496696,1.4676939482102658,0.6837779612268537,0.3333333333333333,0.0,34,ARII,0.7325470661490001,0,0.0,0.084,0.0026,0.1838,1.3651,0,0,0,0,0,0,0,0,0,0,0,0,0
611,2013,0,35.43,16.77,1.3,1.11,0.10308490046012637,5.39,16.53,5.18,7.65,0.9428549017310981,14.97906090358319,7.833510276892271,0.5,0.2,32,ARNA,13.071895424836601,0,,0.3543,0.1677,0.0518,0.0765,0,0,0,0,0,0,0,0,0,0,0,0,0
610,2014,0,32.44,16.27,1.61,1.41,0.14963273156264442,4.6,17.8,3.85,5.33,1.0080358313368132,27.51120842783869,7.019176095005868,0.0,0.0,34,ARNA,18.76172607879925,0,0.0,0.32439999999999997,0.16269999999999998,0.0385,0.0533,0,0,0,0,0,0,0,0,0,0,0,0,0
609,2015,0,22.3,5.51,1.02,0.84,0.010232439932191069,3.2,13.25,14.46,23.12,0.20806703252658282,25.056317370572803,4.102602724864254,0.5,0.0,36,ARNA,4.325259515570934,0,0.0,0.223,0.055099999999999996,0.1446,0.23120000000000002,0,0,0,0,0,0,0,0,0,0,0,0,0
608,2016,0,21.77,6.04,1.35,0.99,0.006641370825962245,3.45,9.07,13.9,22.63,0.22993526512218698,9.000950445921294,4.0265706317687755,0.3333333333333333,0.4,37,ARNA,4.418912947414936,0,0.0,0.2177,0.0604,0.139,0.2263,0,0,0,0,0,0,0,0,0,0,0,0,0
607,2017,0,23.36,7.05,1.63,1.29,0.13079355087513334,3.5,8.21,8.54,13.29,0.3266299082287518,9.813812384211626,2.43978092605105,0.3333333333333333,0.0,37,ARNA,7.524454477050415,0,0.0,0.2336,0.0705,0.08539999999999999,0.1329,0,0,0,0,0,0,0,0,0,0,0,0,0
606,2018,0,23.94,8.02,1.74,1.47,0.40451928626796135,3.82,10.86,5.74,8.65,0.40261184051340393,14.765675832241536,2.811791948338381,0.4,0.0,38,ARNA,11.560693641618496,0,0.0,0.2394,0.0802,0.0574,0.08650000000000001,0,0,0,0,0,0,0,0,0,0,0,0,0
605,2019,0,26.43,10.12,1.74,1.56,0.6209521460642679,4.19,14.23,2.59,3.96,0.4574619381673243,20.49896345628707,2.720014880641897,0.3333333333333333,0.3333333333333333,40,ARNA,25.252525252525256,0,0.0,0.2643,0.1012,0.0259,0.039599999999999996,0,0,0,0,0,0,0,0,0,0,0,0,0
604,2020,0,31.79,14.75,1.96,1.75,0.7233683502042397,3.88,13.47,1.51,2.28,0.6302160940367917,21.769602433867465,3.8255998142900958,0.3333333333333333,0.0,37,ARNA,43.85964912280702,0,0.0,0.3179,0.1475,0.0151,0.022799999999999997,0,0,0,0,0,0,0,0,0,0,0,0,0
603,2021,0,35.98,18.63,2.4,2.14,0.9968636959032794,3.94,11.4,0.88,1.26,0.8960026508926126,24.869511296394585,3.7333188527238836,0.3333333333333333,0.0,38,ARNA,79.36507936507937,0,0.0,0.35979999999999995,0.1863,0.0088,0.0126,0,0,0,0,0,0,0,0,0,0,0,0,0
602,2022,0,40.7,22.48,2.34,1.95,0.8745662111050269,3.65,7.28,1.96,2.75,1.0015824101425483,31.654891266634934,3.984742518906062,0.3333333333333333,0.0,34,ARNA,36.36363636363637,0,0.0,0.40700000000000003,0.2248,0.0196,0.0275,0,0,0,0,0,0,0,0,0,0,0,0,0
601,2023,0,36.94,18.35,2.41,2.02,0.6758286273918802,3.07,5.99,6.6,9.32,0.7419900814956794,17.355650365613442,2.631782023821687,0.3333333333333333,0.0,34,ARNA,10.729613733905579,0,0.0,0.36939999999999995,0.18350000000000002,0.066,0.0932,0,0,0,0,0,0,0,0,0,0,0,0,0
635,2013,0,38.1,11.54,1.43,1.38,0.3692483031013249,2.4,18.42,40.250254615819806,67.36472993653422,0.08781815747545729,3.294537107903308,0.47639576949229673,0.5,0.125,32,ARTI,1.4844563333692895,0,,0.381,0.11539999999999999,0.4025025461581981,0.6736472993653422,0,0,0,0,0,0,0,0,0,0,0,0,0
634,2014,0,72.56,16.42,3.6,3.51,1.3775205877885965,1.7,10.35,41.17554056827625,69.99731228481204,0.19161710700073206,2.7829436422732794,0.30585526235086563,0.5,0.0,34,ARTI,1.4286262820079438,0,0.0,0.7256,0.1642,0.4117554056827625,0.6999731228481204,0,0,0,0,0,0,0,0,0,0,0,0,0
633,2015,0,54.01,8.3,2.08,2.03,0.38588328576646663,1.44,14.35,45.49453618580717,83.46784524459244,0.09407526593771269,2.6923725881135874,0.819145190139868,0.3333333333333333,0.0,36,ARTI,1.198066149988203,0,0.0,0.5401,0.083,0.4549453618580717,0.8346784524459244,0,0,0,0,0,0,0,0,0,0,0,0,0
632,2016,0,50.7,7.88,4.82,4.75,0.40771791645239913,1.01,9.59,31.162943567639427,45.27059287937478,0.03795770972478867,3.780806073043881,0.7905002006074239,0.25,0.3333333333333333,37,ARTI,2.2089394823357806,0,0.0,0.507,0.0788,0.3116294356763943,0.4527059287937478,0,0,0,0,0,0,0,0,0,0,0,0,0
631,2017,0,61.64,4.39,3.16,3.12,0.18495376123438825,0.94,7.86,33.84470152417299,51.15947218760607,0.02823251080242036,3.7859157234379515,0.22643921557303087,0.3333333333333333,0.0,37,ARTI,1.9546722380811832,0,0.0,0.6164000000000001,0.043899999999999995,0.3384470152417299,0.5115947218760607,0,0,0,0,0,0,0,0,0,0,0,0,0
630,2018,0,70.08,11.56,6.74,6.57,1.1003631343219549,1.26,5.7,29.763603761329062,42.37632531741675,0.055793980674741867,3.6805469575300402,0.2227728332752353,0.4,0.0,38,ARTI,2.3598082007101215,0,0.0,0.7008,0.11560000000000001,0.2976360376132906,0.4237632531741675,0,0,0,0,0,0,0,0,0,0,0,0,0
629,2019,0,61.85,10.74,3.57,3.52,0.598334131966609,2.15,9.86,34.142814423864614,51.84371929224518,0.060049308758033944,3.391907515744531,0.2186251835667238,0.3333333333333333,0.0,40,ARTI,1.928873957446916,0,0.0,0.6185,0.1074,0.34142814423864615,0.5184371929224518,0,0,0,0,0,0,0,0,0,0,0,0,0
628,2020,0,20.12,-572.5,0.7,0.68,,1.32,10.62,55.136041419159696,122.8960688339843,-0.23573375257426843,6.414151941621416,0.48936455170031273,0.3333333333333333,0.0,37,ARTI,0.8136956775654579,0,0.0,0.20120000000000002,-5.725,0.551360414191597,1.228960688339843,0,0,0,0,0,0,0,0,0,0,0,0,0
627,2021,0,-56.03,-2333.81,0.05,0.04,,0.5,4.01,96.57147765542959,2816.7084227514197,-5.24300935385277,1.377106141540477,10.89146207077087,0.3333333333333333,0.5,38,ARTI,0.03550243226890979,0,0.0,-0.5603,-23.3381,0.9657147765542959,28.167084227514195,0,1,0,0,0,0,0,0,0,1,0,0,2
626,2022,0,-377.42,-2249.15,0.01,0.01,,1.46,4.18,115.28039418280986,-754.4333792397657,0.3091640151685528,-2.605112821431733,-3.98496218972215,0.3333333333333333,0.0,34,ARTI,-0.13254980857391135,1,0.0,-3.7742,-22.491500000000002,1.1528039418280986,-7.544333792397657,1,1,1,0,0,0,0,0,0,0,0,1,4
625,2023,1,12.72,-78.77,0.04,0.04,,4.85,24.6,125.36566873951551,-494.23364322430257,0.007153266761075295,-5.14187651874477,-2.5120284050482793,0.3333333333333333,0.2,34,ARTI,-0.20233345376412606,1,1.0,0.1272,-0.7877,1.2536566873951551,-4.942336432243025,0,0,0,0,0,0,0,0,0,0,0,0,0
659,2013,0,28.89,9.24,1.58,1.12,0.4363983306380719,5.28,5.48,0.4924535843751292,97.02631507481738,39.53425884460367,16.35635347595813,3.058500712869674,0.5,0.0,32,ASGR,1.0306482310792655,0,,0.2889,0.0924,0.004924535843751292,0.9702631507481737,0,0,0,0,0,0,0,0,0,1,0,0,1
658,2014,0,29.8,11.4,1.87,1.38,0.5299705164095538,4.72,5.04,0.44756967169705736,81.0183019951103,38.96171581857454,16.17169135574126,2.832674333873431,0.5,0.0,34,ASGR,1.234289012944696,0,0.0,0.298,0.114,0.0044756967169705736,0.8101830199511031,0,0,0,0,0,0,0,0,0,1,0,0,1
657,2015,0,28.9,9.99,2.09,1.34,0.6807164472402857,5.68,4.47,0.4144229850233387,70.77173017794352,46.49132161996427,18.05898541861139,2.2905051498052256,0.5,0.0,36,ASGR,1.412993574532754,0,0.0,0.289,0.0999,0.0041442298502333864,0.7077173017794353,0,0,0,0,0,0,0,0,0,1,0,0,1
656,2016,0,27.76,9.4,2.45,1.6,0.5484930154499235,6.33,4.14,0.32327725260927387,47.77100427845084,59.86560365282379,24.011858019454255,2.1972571186048304,0.5,0.14285714285714285,37,ASGR,2.093320027712067,0,0.0,0.2776,0.094,0.003232772526092739,0.4777100427845084,0,0,0,0,0,0,0,0,0,1,0,0,1
655,2017,0,20.31,6.56,1.85,1.41,0.6570879160900284,6.61,7.07,0.45221636969126056,82.55383050354833,31.55650378476705,22.654139281792403,1.3377573651588273,0.5,0.0,37,ASGR,1.2113308297148222,0,0.0,0.20309999999999997,0.06559999999999999,0.004522163696912606,0.8255383050354833,0,0,0,0,0,0,0,0,0,1,0,0,1
654,2018,0,20.71,6.64,2.43,1.89,0.3775684482668234,5.22,7.61,0.3465406384942131,53.031704633577924,46.54236431109637,24.839621580815624,1.2086245773063626,0.5,0.0,38,ASGR,1.8856644471632409,0,0.0,0.2071,0.0664,0.0034654063849421314,0.5303170463357793,0,0,0,0,0,0,0,0,0,1,0,0,1
653,2019,0,17.86,5.26,1.96,1.56,0.41035008118611027,4.89,8.87,0.4386952679471424,78.15634590193173,27.313645412840426,23.284794079353116,0.788028041032958,0.4,0.0,40,ASGR,1.2794866347190417,0,0.0,0.17859999999999998,0.0526,0.004386952679471424,0.7815634590193173,0,0,0,0,0,0,0,0,0,1,0,0,1
652,2020,0,16.1,1.43,2.84,2.15,0.7813606182082252,3.95,6.18,0.31721564414323294,46.45912599230345,10.57581195863112,14.966967852642304,0.6904527706430472,0.42857142857142855,0.0,37,ASGR,2.1524296435659656,0,0.0,0.161,0.0143,0.0031721564414323293,0.46459125992303446,0,0,0,0,0,0,0,0,0,1,0,0,1
651,2021,0,16.27,2.65,2.36,2.1,1.1158141495301503,4.97,8.22,0.38701220738468817,63.13538573639468,10.559007420021894,19.986247200447927,0.683649348171877,0.4,0.3333333333333333,38,ASGR,1.5838978226493126,0,0.0,0.16269999999999998,0.0265,0.003870122073846882,0.6313538573639468,0,0,0,0,0,0,0,0,0,1,0,0,1
650,2022,0,20.39,3.34,2.43,2.15,1.3646816224000489,3.99,9.22,0.36764649313894904,58.13939341681126,12.229018039899271,26.48843160572624,0.756747476113587,0.0,0.0,34,ASGR,1.7200041851672392,0,0.0,0.2039,0.0334,0.0036764649313894902,0.5813939341681126,0,0,0,0,0,0,0,0,0,1,0,0,1
649,2023,0,21.62,4.75,2.64,2.36,1.5320688511741476,4.3,9.68,0.3320809165603417,49.718734618299436,20.246579063453026,30.09593089338486,0.6736744238803238,0.4,0.0,34,ASGR,2.01131426146944,0,0.0,0.2162,0.0475,0.0033208091656034174,0.49718734618299437,0,0,0,0,0,0,0,0,0,1,0,0,1
683,2013,0,18.21,11.5,1.24,1.04,0.26453843883102096,3.96,10.67,30.15,60.76,0.26150212963353436,3.8960100362723975,2.59246017772253,0.4,0.0,32,ASII,1.6458196181698486,0,,0.1821,0.115,0.3015,0.6076,0,0,0,0,0,0,0,0,0,0,0,0,0
682,2014,0,19.24,10.97,1.32,1.09,0.2880595187900385,3.79,10.37,29.69,58.3,0.2742407137902425,3.8401588014273225,2.5010224239268806,0.3333333333333333,0.0,34,ASII,1.7152658662092626,0,0.0,0.1924,0.1097,0.2969,0.583,0,0,0,0,0,0,0,0,0,0,0,0,0
681,2015,0,19.93,8.48,1.38,1.14,0.36182156816452876,3.42,8.35,28.79,55.83,0.22575483329398494,3.966080637599625,1.919667745489319,0.5,0.4,36,ASII,1.7911517105498835,0,0.0,0.1993,0.0848,0.2879,0.5583,0,0,0,0,0,0,0,0,0,0,0,0,0
680,2016,0,20.12,10.11,1.24,1.04,0.3396535659358547,3.32,8.01,27.08,50.68,0.1968365159016154,5.256343170063888,2.3944748776571414,0.3333333333333333,0.5,37,ASII,1.9731649565903708,0,0.0,0.20120000000000002,0.1011,0.2708,0.5068,0,0,0,0,0,0,0,0,0,0,0,0,0
679,2017,0,20.56,11.22,1.23,1.03,0.32291687769696725,3.5,8.78,25.34,47.91,0.20589129069508316,4.854518139053765,2.146982467409987,0.0,0.3333333333333333,37,ASII,2.087246921310791,0,0.0,0.20559999999999998,0.11220000000000001,0.2534,0.47909999999999997,0,0,0,0,0,0,0,0,0,0,0,0,0
678,2018,0,21.22,11.44,1.15,0.92,0.22138459821236917,3.64,8.19,24.92,49.27,0.23069195566126027,4.236075796663017,1.9096782263238188,0.6,0.42857142857142855,38,ASII,2.029632636492795,0,0.0,0.2122,0.1144,0.2492,0.4927,0,0,0,0,0,0,0,0,0,0,0,0,0
677,2019,0,21.18,11.22,1.29,1.05,0.247394009723695,3.37,7.36,26.23,49.42,0.26193953702406914,3.8630141186209435,1.5010928582990206,0.4,0.0,40,ASII,2.0234722784297854,0,0.0,0.2118,0.11220000000000001,0.2623,0.49420000000000003,0,0,0,0,0,0,0,0,0,0,0,0,0
676,2020,0,22.03,10.61,1.54,1.33,0.5645819725669498,2.8,6.47,23.5,40.66,0.15011197163385276,4.428235665549963,1.2479325450924514,0.3333333333333333,0.2,37,ASII,2.459419576979833,0,0.0,0.22030000000000002,0.1061,0.235,0.40659999999999996,0,0,0,0,0,0,0,0,0,0,0,0,0
675,2021,0,21.86,10.96,1.54,1.33,0.6224633351962844,4.06,7.5,19.73,33.62,0.24603480506465725,5.499666096247757,1.0702235563388447,0.4,0.25,38,ASII,2.97441998810232,0,0.0,0.2186,0.1096,0.1973,0.3362,0,0,0,0,0,0,0,0,0,0,0,0,0
674,2022,0,23.26,13.41,1.51,1.24,0.5166277957683854,4.55,8.54,17.11,29.02,0.35404117518750317,5.837730006550348,0.9468088499015264,0.4,0.25,34,ASII,3.4458993797381114,0,0.0,0.23260000000000003,0.1341,0.1711,0.2902,0,0,0,0,0,0,0,0,0,0,0,0,0
673,2023,0,23.16,14.06,1.33,1.02,0.33581289693014027,4.39,6.81,20.94,37.26,0.3540816816240342,4.565227295377212,0.9134010943342731,0.3333333333333333,0.25,34,ASII,2.6838432635534084,0,0.0,0.2316,0.1406,0.2094,0.3726,0,0,0,0,0,0,0,0,0,0,0,0,0
707,2013,0,50.62,24.15,0.75,0.5,0.2658356495638612,58.47,1.4,31.79,86.02,0.16855439876820313,1.9914724599487796,1.5846939808631366,0.3333333333333333,0.25,32,ASRI,1.162520344106022,0,,0.5062,0.2415,0.3179,0.8602,0,0,0,0,0,0,0,0,0,0,0,0,0
706,2014,0,64.49,32.41,1.14,0.81,0.46360192373626213,25.17,1.38,39.03,103.69,0.1807764956932356,1.8220828796206652,1.7270971141780347,0.5,0.0,34,ASRI,0.9644131545954288,0,0.0,0.6448999999999999,0.32409999999999994,0.39030000000000004,1.0369,0,0,0,0,0,0,0,0,0,0,0,0,0
705,2015,0,75.15,24.58,0.72,0.41,0.17181947993212218,16.12,0.66,39.38,111.59,0.1344390178964288,1.7902351879470118,1.0208012865924465,0.42857142857142855,0.0,36,ASRI,0.8961376467425396,0,0.0,0.7515000000000001,0.2458,0.39380000000000004,1.1159000000000001,0,0,0,0,0,0,0,0,0,0,0,0,0
704,2016,0,55.27,18.79,0.9,0.55,0.38821964501156714,15.41,1.03,38.81,108.99,0.08435319354081948,1.751547193015005,0.9629772949122914,0.3333333333333333,0.5,37,ASRI,0.9175153683824205,0,0.0,0.5527000000000001,0.18789999999999998,0.3881,1.0898999999999999,0,0,0,0,0,0,0,0,0,0,0,0,0
703,2017,0,61.62,35.36,0.74,0.43,0.25505763156932537,18.11,1.39,36.8,88.99,0.16334106196182058,1.9512255289422091,0.8162260233827285,1.0,0.0,37,ASRI,1.123721766490617,0,0.0,0.6162,0.35359999999999997,0.368,0.8898999999999999,0,0,0,0,0,0,0,0,0,0,0,0,0
702,2018,0,62.45,24.42,0.65,0.47,0.2423608683481384,17.01,2.17,37.02,80.97,0.17442867712954527,2.0478685703865116,0.641858161069607,0.3333333333333333,0.0,38,ASRI,1.2350253180190194,0,0.0,0.6245,0.24420000000000003,0.37020000000000003,0.8097,0,0,0,0,0,0,0,0,0,0,0,0,0
701,2019,0,64.36,29.14,1.31,1.11,0.9010968997199871,20.49,3.06,35.9,74.43,0.149301692458086,2.122655444927724,0.4427629987111154,0.3333333333333333,0.0,40,ASRI,1.3435442697836892,0,0.0,0.6436,0.2914,0.359,0.7443000000000001,0,0,0,0,0,0,0,0,0,0,0,0,0
700,2020,0,45.06,-73.35,0.67,0.36,0.2387367187281923,15.42,1.1,35.95,81.31,0.014592111370845269,2.086044767621919,0.506614398419383,0.4,0.2,37,ASRI,1.2298610257040954,0,0.0,0.4506,-0.7334999999999999,0.35950000000000004,0.8131,0,0,0,0,0,0,0,0,0,0,0,0,0
699,2021,0,55.61,5.02,0.84,0.6,0.4390611703809548,25.17,1.34,33.98,78.17,0.08951310479480537,2.088021064415679,0.333806026712809,,0.14285714285714285,38,ASRI,1.279263144428809,0,0.0,0.5561,0.050199999999999995,0.3398,0.7817000000000001,0,0,0,0,0,0,0,0,0,0,0,0,0
698,2022,0,60.38,24.44,0.98,0.66,0.4809454347453327,43.42,1.74,29.64,62.1,0.18356911210248594,2.340617776415471,0.2954070100733653,0.3333333333333333,0.3333333333333333,34,ASRI,1.6103059581320451,0,0.0,0.6038,0.2444,0.2964,0.621,0,0,0,0,0,0,0,0,0,0,0,0,0
697,2023,0,56.27,16.12,0.79,0.58,0.40753327161410047,67.37,1.77,28.13,55.49,0.15204612212850588,2.548901694974259,0.28590634718260444,0.5,0.0,34,ASRI,1.8021265092809513,0,0.0,0.5627,0.1612,0.2813,0.5549000000000001,0,0,0,0,0,0,0,0,0,0,0,0,0
731,2013,0,33.93,9.03,0.49,0.41,0.06338460091558792,9.59,39.35,53.43,140.69,0.16199891293436414,1.8803406557293567,1.1530952724173968,1.0,0.0,32,ASSA,0.7107825716113441,0,,0.3393,0.09029999999999999,0.5343,1.4069,0,0,0,0,0,0,0,0,0,0,0,0,0
730,2014,0,30.62,3.77,0.4,0.35,0.04030518295671986,8.94,27.3,58.05,173.64,0.11676125236331968,1.7409838756459972,0.6282232489525195,0.5714285714285714,0.4,34,ASSA,0.5759041695461875,0,0.0,0.3062,0.0377,0.5805,1.7364,0,0,0,0,0,0,0,0,0,0,0,0,0
729,2015,0,29.8,2.45,0.42,0.39,0.04463875196509374,8.24,43.24,61.68,208.82,0.11152019402897476,1.604644310778972,0.3975804989864585,0.3333333333333333,0.0,36,ASSA,0.47888133320563164,0,0.0,0.298,0.0245,0.6168,2.0882,0,0,0,0,0,0,0,0,0,0,0,0,0
728,2016,0,29.04,3.96,0.49,0.44,0.06751121308260596,7.73,43.61,60.35,202.34,0.12793407458825498,1.5908418545858054,0.7331694836080562,0.3333333333333333,0.0,37,ASSA,0.49421765345458135,0,0.0,0.2904,0.039599999999999996,0.6035,2.0234,0,0,0,0,0,0,0,0,0,0,0,0,0
727,2017,0,30.59,6.11,0.43,0.39,0.10581060977257228,7.98,40.4,60.53,203.08,0.13414067940567,1.6489084312562285,0.6961739425490734,0.42857142857142855,0.0,37,ASSA,0.49241678156391566,0,0.0,0.3059,0.0611,0.6053000000000001,2.0308,0,0,0,0,0,0,0,0,0,0,0,0,0
726,2018,0,32.14,7.64,0.47,0.43,0.1978504282495366,8.19,37.06,57.86,206.46,0.1218540970947181,1.6417626591182153,1.086329092468706,0.3333333333333333,0.0,38,ASSA,0.4843553230650005,0,0.0,0.3214,0.0764,0.5786,2.0646,0,0,0,0,0,0,0,0,0,0,0,0,0
725,2019,0,31.89,3.92,0.53,0.51,0.20524889891509301,8.34,48.19,60.01,217.48,0.09950044088229178,1.5892779664445935,1.8788220795819752,0.3333333333333333,0.0,40,ASSA,0.4598123965422108,0,0.0,0.3189,0.0392,0.6001,2.1748,0,0,0,0,0,0,0,0,0,0,0,0,0
724,2020,0,26.01,2.1,0.44,0.43,0.13349145007217283,8.49,148.86,57.76,207.52,0.08388362917410633,1.6272522695343885,1.4989110318471222,0.4,0.1111111111111111,37,ASSA,0.4818812644564379,0,0.0,0.2601,0.021,0.5776,2.0752,0,0,0,0,0,0,0,0,0,0,0,0,0
723,2021,0,20.77,3.14,0.9,0.87,0.37786028703830526,10.87,216.99,59.44,203.08,0.10851201515812726,1.5725279997704493,6.688325349494718,0.5,0.0,38,ASSA,0.49241678156391566,0,0.0,0.2077,0.031400000000000004,0.5943999999999999,2.0308,0,0,0,0,0,0,0,0,0,0,0,0,0
722,2022,0,18.43,0.06,0.86,0.83,0.5201116866655925,11.28,107.66,55.87,164.34,0.05610377720666199,1.822163287059383,1.1186215715691008,0.4,0.0,34,ASSA,0.6084945843981988,0,0.0,0.1843,0.0006,0.5587,1.6434,0,0,0,0,0,0,0,0,0,0,0,0,0
721,2023,0,25.06,0.44,0.88,0.84,0.5381038854289443,9.24,55.12,53.75,151.51,0.0694672841540927,1.8477073856603057,1.120470783715201,0.3333333333333333,0.0,34,ASSA,0.660022440762986,0,0.0,0.2506,0.0044,0.5375,1.5151,0,0,0,0,0,0,0,0,0,0,0,0,0
755,2013,0,16.0,9.89,1.89,1.29,0.5537212472645071,7.54,6.51,2.61,3.45,0.2196193825018209,25.04040622516423,1.8404098954738244,0.375,0.3333333333333333,32,AUTO,28.98550724637681,0,,0.16,0.0989,0.026099999999999998,0.0345,0,0,0,0,0,0,0,0,0,0,0,0,0
754,2014,0,14.32,7.79,1.33,0.89,0.33051143796906485,7.14,6.32,10.26,14.55,0.10961275066185897,27.204953843530472,1.995806503708182,0.6666666666666666,0.5,34,AUTO,6.8728522336769755,0,0.0,0.1432,0.0779,0.1026,0.14550000000000002,0,0,0,0,0,0,0,0,0,0,0,0,0
753,2015,0,14.76,2.75,1.32,0.84,0.26968535045162495,6.76,5.76,10.03,14.18,0.08963544442336459,18.802449028304057,0.7602532714291995,0.5,0.0,36,AUTO,7.052186177715091,0,0.0,0.1476,0.0275,0.1003,0.1418,0,0,0,0,0,0,0,0,0,0,0,0,0
752,2016,0,14.47,3.77,1.51,0.95,0.2807225336126742,7.32,6.13,6.88,9.54,0.10975740213498683,13.887652433430777,0.9377305805178503,0.5,0.5,37,AUTO,10.48218029350105,0,0.0,0.1447,0.0377,0.0688,0.09539999999999998,0,0,0,0,0,0,0,0,0,0,0,0,0
751,2017,0,12.96,4.04,1.72,1.01,0.22354612951101133,7.1,5.91,4.92,6.76,0.08654280178046095,12.187198915289203,0.9228162325463637,0.3333333333333333,0.3333333333333333,37,AUTO,14.792899408284025,0,0.0,0.12960000000000002,0.0404,0.0492,0.0676,0,0,0,0,0,0,0,0,0,0,0,0,0
750,2018,0,12.2,4.43,1.48,0.87,0.21875604759535927,7.44,5.81,5.25,7.41,0.07869044034247201,21.138303350175395,0.6290160778469828,0.4,0.25,38,AUTO,13.49527665317139,0,0.0,0.122,0.0443,0.0525,0.0741,0,0,0,0,0,0,0,0,0,0,0,0,0
749,2019,0,14.17,5.53,1.61,1.0,0.2291809331727052,7.16,5.79,4.73,6.5,0.12503347517568025,13.579179335245136,0.5129781107029086,0.3,0.2,40,AUTO,15.384615384615383,0,0.0,0.1417,0.0553,0.0473,0.065,0,0,0,0,0,0,0,0,0,0,0,0,0
748,2020,0,13.31,-0.35,1.86,1.3,0.5415466647451949,6.04,5.61,4.94,6.66,0.03420660920885386,10.942011356208646,0.4768079094892275,0.3333333333333333,0.0,37,AUTO,15.015015015015013,0,0.0,0.1331,-0.0034999999999999996,0.049400000000000006,0.0666,0,0,0,0,0,0,0,0,0,0,0,0,0
747,2021,0,12.28,4.19,1.53,0.99,0.4252845947345981,7.91,6.79,3.05,4.36,0.02923855786425881,16.164096353769956,0.46994470915057207,0.4,0.0,38,AUTO,22.93577981651376,0,0.0,0.12279999999999999,0.04190000000000001,0.0305,0.0436,0,0,0,0,0,0,0,0,0,0,0,0,0
746,2022,0,14.47,7.93,1.68,1.09,0.445791215249222,7.77,6.2,2.72,3.87,0.17246296686324067,16.965256184112988,0.5391545136541097,0.0,0.0,34,AUTO,25.839793281653748,0,0.0,0.1447,0.0793,0.027200000000000002,0.0387,0,0,0,0,0,0,0,0,0,0,0,0,0
745,2023,0,16.51,10.79,1.84,1.25,0.6326715484143545,7.39,5.88,2.28,3.07,0.23097010063826068,20.7237857907367,0.7823098897888295,0.6,0.42857142857142855,34,AUTO,32.57328990228013,0,0.0,0.16510000000000002,0.1079,0.022799999999999997,0.030699999999999998,0,0,0,0,0,0,0,0,0,0,0,0,0
779,2013,0,2.53,-7.33,0.82,0.32,0.0072552860209845775,6.41,3.34,14.57,70.5,0.02690501119508877,42.013796988703895,11.466539649132596,0.3333333333333333,0.0,32,BAJA,1.4184397163120568,0,,0.0253,-0.0733,0.1457,0.705,0,0,0,0,0,0,0,0,0,0,0,0,0
778,2014,0,3.04,-0.13,0.84,0.39,0.029341124338781267,6.82,3.52,32.03,179.72,0.032572688000954045,22.86092472411844,3.1269310190032398,0.3333333333333333,0.0,34,BAJA,0.5564210994880926,0,0.0,0.0304,-0.0013,0.32030000000000003,1.7972,0,0,0,0,0,0,0,0,0,0,0,0,0
777,2015,0,5.63,-0.75,0.86,0.44,0.004474527805327866,5.04,3.53,29.46,172.89,0.07366862105232234,18.823360055395774,0.9354837196541684,0.5,0.3333333333333333,36,BAJA,0.5784024524263983,0,0.0,0.056299999999999996,-0.0075,0.29460000000000003,1.7288999999999999,0,0,0,0,0,0,0,0,0,0,0,0,0
776,2016,0,7.63,3.51,0.97,0.38,0.0049845925291173085,3.72,2.33,27.19,135.98,0.08528308973112789,20.060746619224858,3.025105029896285,0.4,0.0,37,BAJA,0.7354022650389763,0,0.0,0.07629999999999999,0.0351,0.27190000000000003,1.3598,0,0,0,0,0,0,0,0,0,0,0,0,0
775,2017,0,0.69,-1.89,0.96,0.32,0.01591816966309431,5.87,2.59,27.16,149.45,0.0042696452876770175,13.049424338468233,1.674754658516289,0.0,0.0,37,BAJA,0.6691201070592172,0,0.0,0.0069,-0.0189,0.2716,1.4945,0,0,0,0,0,0,0,0,0,0,0,0,0
774,2018,0,-0.76,-7.56,0.85,0.36,0.012708262582188544,7.01,2.92,32.83,386.65,-0.0238994818120898,6.755668433750843,2.6580817470514257,0.375,0.0,38,BAJA,0.258631837579206,0,0.0,-0.0076,-0.0756,0.3283,3.8665,0,0,0,0,0,0,0,0,0,0,0,0,0
773,2019,0,2.36,0.1,0.85,0.34,0.023040075499031223,5.91,2.68,28.77,324.58,0.00978871889068501,6.169566621610533,1.5016059066804666,0.3333333333333333,0.3333333333333333,40,BAJA,0.308090455357693,0,0.0,0.0236,0.001,0.2877,3.2458,0,0,0,0,0,0,0,0,0,0,0,0,0
772,2020,0,8.44,4.57,0.91,0.43,0.13875775302572452,8.22,3.26,16.11,95.82,0.1315402449754392,10.933712153661242,1.6333032601083748,0.5,0.0,37,BAJA,1.0436234606553956,0,0.0,0.08439999999999999,0.045700000000000005,0.1611,0.9581999999999999,0,0,0,0,0,0,0,0,0,0,0,0,0
771,2021,0,13.49,6.44,2.57,1.03,0.6102202092218476,14.64,3.81,44.42,148.89,0.33627813218149133,1.728482221822354,2.777585986358633,0.4,0.25,38,BAJA,0.6716367788300088,0,0.0,0.1349,0.0644,0.44420000000000004,1.4889,0,0,0,0,0,0,0,0,0,0,0,0,0
770,2022,0,-3.15,-9.73,1.85,0.69,0.08091213092000764,10.39,3.3,57.82,383.74,-0.12008632097695951,1.3328323544984353,2.0256014073878577,0.4,0.0,34,BAJA,0.26059310991817375,0,0.0,-0.0315,-0.0973,0.5782,3.8374,0,0,0,0,0,0,0,0,0,0,0,0,0
769,2023,0,1.26,-0.14,1.9,0.81,0.13110638269560937,6.44,2.87,51.08,334.1,0.008111515733518228,1.3409672062853817,1.9943946836585127,0.5,0.4,34,BAJA,0.29931158335827596,0,0.0,0.0126,-0.0014000000000000002,0.5108,3.341,0,0,0,0,0,0,0,0,0,0,0,0,0
803,2013,0,40.22,4.92,1.69,0.6,0.012774155598506637,23.42,2.14,4.55,7.81,0.23038934014093096,15.978880268086037,3.4723170218385433,0.4,0.4,32,BATA,12.804097311139564,0,,0.4022,0.0492,0.0455,0.0781,0,0,0,0,0,0,0,0,0,0,0,0,0
802,2014,0,44.66,7.06,1.55,0.56,0.012761216876882815,24.01,1.87,6.39,11.63,0.2971405668032698,13.938897352515626,3.3740252522666374,0.3333333333333333,0.0,34,BATA,8.598452278589853,0,0.0,0.44659999999999994,0.0706,0.0639,0.11630000000000001,0,0,0,0,0,0,0,0,0,0,0,0,0
801,2015,0,39.53,12.59,2.47,1.13,0.15344648566671998,25.64,2.08,1.45,2.1,0.13652499061497636,15.733394528252308,2.13820788003509,0.3333333333333333,0.3333333333333333,36,BATA,47.61904761904761,0,0.0,0.3953,0.1259,0.014499999999999999,0.021,0,0,0,0,0,0,0,0,0,0,0,0,0
800,2016,0,43.15,4.22,2.57,1.01,0.027622776918000552,24.56,1.87,1.04,1.51,0.26942205410110176,14.980277669797477,1.8432922359513353,0.3333333333333333,0.0,37,BATA,66.2251655629139,0,0.0,0.4315,0.042199999999999994,0.0104,0.0151,0,0,0,0,0,0,0,0,0,0,0,0,0
799,2017,0,45.95,5.51,2.46,0.8,0.027729108660983125,24.79,1.49,0.58,0.86,0.2901793352671099,13.625237956433452,1.2791107127942323,0.3333333333333333,0.4,37,BATA,116.27906976744185,0,0.0,0.4595,0.055099999999999996,0.0058,0.0086,0,0,0,0,0,0,0,0,0,0,0,0,0
798,2018,0,47.93,6.84,2.93,0.99,0.024101124097413777,27.41,1.36,2.28,3.14,0.37345934389875435,14.992571520154915,1.2248602171068819,0.3333333333333333,0.5,38,BATA,31.847133757961778,0,0.0,0.4793,0.0684,0.022799999999999997,0.031400000000000004,0,0,0,0,0,0,0,0,0,0,0,0,0
797,2019,0,46.02,2.52,3.31,1.23,0.04669606433145515,27.78,1.4,3.24,4.29,0.1816419713934611,15.417578166951177,1.3134301697536852,0.5,0.0,40,BATA,23.31002331002331,0,0.0,0.46020000000000005,0.0252,0.032400000000000005,0.0429,0,0,0,0,0,0,0,0,0,0,0,0,0
796,2020,0,21.31,-38.68,1.38,0.61,0.23547477464459937,17.67,1.35,9.39,15.23,-0.6380778711983779,10.822348230129807,1.7271891494257534,0.3333333333333333,0.0,37,BATA,6.565988181221274,0,0.0,0.21309999999999998,-0.3868,0.09390000000000001,0.1523,0,0,0,0,0,0,0,0,0,0,0,0,0
795,2021,0,44.32,-11.68,1.51,0.43,0.014160266719096634,23.78,1.2,6.82,10.43,-0.32610923950005444,15.871257675883486,1.4981536836920628,0.2857142857142857,0.0,38,BATA,9.587727708533077,0,0.0,0.4432,-0.1168,0.0682,0.1043,0,0,0,0,0,0,0,0,0,0,0,0,0
794,2022,0,39.71,-16.49,1.02,0.21,0.006909100570644665,35.25,1.54,16.12,36.5,-0.1527085662992217,8.032378297739696,2.1140351330372944,0.4,0.375,34,BATA,2.73972602739726,0,0.0,0.3971,-0.1649,0.1612,0.365,0,0,0,0,0,0,0,0,0,0,0,0,0
793,2023,0,36.62,-31.26,0.89,0.25,0.01926568734881661,33.96,1.44,28.12,125.4,-0.2442388091469865,3.0261014525931227,1.3955076742720338,0.8333333333333334,0.36363636363636365,34,BATA,0.7974481658692185,0,0.0,0.36619999999999997,-0.3126,0.2812,1.254,0,0,0,0,0,0,0,0,0,0,0,0,0
827,2013,0,36.11,14.74,0.62,0.61,0.37006259678858144,5.78,89.74,46.99,102.21,0.10629228014360388,2.3146473012496003,0.6256148830767723,0.3333333333333333,0.3333333333333333,32,BBRM,0.9783778495254868,0,,0.3611,0.1474,0.46990000000000004,1.0221,0,0,0,0,0,0,0,0,0,0,0,0,0
826,2014,0,19.86,0.12,1.19,1.17,0.9505993012702603,4.76,60.28,36.79,62.21,0.04181463291294284,3.722047151063592,0.8386487829357553,0.3333333333333333,0.3333333333333333,34,BBRM,1.6074586079408455,0,0.0,0.1986,0.0012,0.3679,0.6221,0,0,0,0,0,0,0,0,0,0,0,0,0
825,2015,0,-18.38,-112.52,0.14,0.13,0.0576186226718689,4.77,81.34,44.81,91.13,-0.0880456434628433,3.551060192120356,0.25817211355557657,0.4,0.0,36,BBRM,1.097333479644464,0,0.0,-0.1838,-1.1252,0.4481,0.9113,0,0,0,0,0,0,0,0,0,0,0,0,0
824,2016,0,3.91,-30.94,0.17,0.16,0.06254260024795001,6.96,115.92,42.21,85.6,-0.005004724875803965,3.406637417069088,0.28807677207282156,0.3333333333333333,0.0,37,BBRM,1.1682242990654206,0,0.0,0.0391,-0.3094,0.42210000000000003,0.856,0,0,0,0,0,0,0,0,0,0,0,0,0
823,2017,0,-6.47,-162.88,0.09,0.08,0.03303695009405768,7.19,131.84,57.7,180.05,-0.04407961372215015,118.67088408695348,0.6447697165256628,0.3333333333333333,0.0,37,BBRM,0.555401277422938,0,0.0,-0.0647,-1.6288,0.5770000000000001,1.8005000000000002,0,0,0,0,0,0,0,0,0,0,0,0,0
822,2018,0,-5.55,-38.91,0.83,0.8,0.40785678122428626,7.18,113.94,63.56,239.8,-0.040885691265350584,1.4196686239390675,0.8116677441350446,0.5,0.0,38,BBRM,0.41701417848206834,0,0.0,-0.0555,-0.38909999999999995,0.6356,2.398,0,0,0,0,0,0,0,0,0,0,0,0,0
821,2019,0,0.0,-25.94,0.93,0.92,0.4779002132675654,5.3,140.65,65.99,280.45,-0.032790497931934205,1.3564694783542564,1.057236679133484,0.3333333333333333,0.0,40,BBRM,0.3565697985380638,0,0.0,0.0,-0.2594,0.6598999999999999,2.8045,0,0,0,0,0,0,0,0,0,0,0,0,0
820,2020,0,-19.33,-98.45,0.35,0.35,0.1902804190849342,3.3,282.08,19.76,102.27,0.7024204570735877,1.9573412104079415,2.657981641152248,0.4,0.0,37,BBRM,0.977803852547179,0,0.0,-0.19329999999999997,-0.9845,0.19760000000000003,1.0227,0,0,0,0,0,0,0,0,0,0,0,0,0
819,2021,0,21.11,8.91,0.49,0.48,0.31834429567914196,2.33,180.66,20.52,85.18,0.045955934083523074,2.166696413509519,2.3208580310642364,0.3333333333333333,0.2,38,BBRM,1.1739845034045548,0,0.0,0.21109999999999998,0.0891,0.2052,0.8518000000000001,0,0,0,0,0,0,0,0,0,0,0,0,0
818,2022,0,28.0,7.42,1.84,1.8,1.1994412603541178,3.2,64.14,9.72,12.85,0.17577730125978608,8.731863528361831,1.5254065576367015,0.5,0.15384615384615385,34,BBRM,7.782101167315175,0,0.0,0.28,0.0742,0.09720000000000001,0.1285,0,0,0,0,0,0,0,0,0,0,0,0,0
817,2023,0,44.2,38.31,2.5,2.48,1.869937933566633,4.03,41.21,2.6,3.04,0.7666300245539045,33.32362551191827,1.2028616449302136,0.3333333333333333,0.0,34,BBRM,32.89473684210526,0,0.0,0.442,0.3831,0.026000000000000002,0.0304,0,0,0,0,0,0,0,0,0,0,0,0,0
851,2013,0,45.44,3.43,2.88,2.48,0.8344172212195303,1.87,3.54,32.0,60.41,0.20977114476917735,2.6161426936786087,0.7256720353784057,0.4,0.0,32,BHIT,1.655355073663301,0,,0.45439999999999997,0.034300000000000004,0.32,0.6041,0,0,0,0,0,0,0,0,0,0,0,0,0
850,2014,0,43.11,9.41,1.66,1.47,0.6991244284427511,1.96,3.61,43.51,91.81,0.12036481276905474,2.5878593780731705,0.49704846745284875,0.3333333333333333,0.25,34,BHIT,1.0892059688487092,0,0.0,0.4311,0.0941,0.4351,0.9181,0,0,0,0,0,0,0,0,0,0,0,0,0
849,2015,0,36.15,-4.43,1.12,1.01,0.40040876198100644,1.62,4.09,46.71,109.03,0.06693096415538755,3.014768889289668,0.29643780386483437,0.42857142857142855,0.0,36,BHIT,0.9171787581399614,0,0.0,0.3615,-0.0443,0.4671,1.0903,0,0,0,0,0,0,0,0,0,0,0,0,0
848,2016,0,39.79,6.58,1.1,0.97,0.43669051859721486,1.46,3.54,48.17,113.74,0.06519029261076043,2.7641704565593197,0.2684198608372578,0.3333333333333333,0.16666666666666666,37,BHIT,0.8791981712678038,0,0.0,0.3979,0.0658,0.4817,1.1374,0,0,0,0,0,0,0,0,0,0,0,0,0
847,2017,0,42.39,3.86,0.98,0.83,0.3404543238505572,1.63,2.9,48.87,114.68,0.0690901469007237,3.0506723037715946,0.17956904837543838,0.5,0.2,37,BHIT,0.8719916288803627,0,0.0,0.4239,0.038599999999999995,0.48869999999999997,1.1468,0,0,0,0,0,0,0,0,0,0,0,0,0
846,2018,0,48.65,6.42,1.12,0.93,0.38990105953112425,1.87,2.43,49.27,113.47,0.11788273649203049,2.660418421068328,0.12297418716570074,0.2,0.0,38,BHIT,0.8812902088657795,0,0.0,0.4865,0.0642,0.4927,1.1347,0,0,0,0,0,0,0,0,0,0,0,0,0
845,2019,0,48.62,13.08,1.09,0.9,0.360916805052291,2.31,2.52,40.87,81.67,0.1423676785937769,3.487627682970916,0.15042610532981954,0.3333333333333333,0.0,40,BHIT,1.2244398187829069,0,0.0,0.48619999999999997,0.1308,0.40869999999999995,0.8167,0,0,0,0,0,0,0,0,0,0,0,0,0
844,2020,0,48.9,10.31,1.05,0.87,0.33174342315737665,2.18,2.22,39.19,74.21,0.1294758131369724,5.051849958196752,0.15498092202422517,0.5,0.0,37,BHIT,1.3475272874275703,0,0.0,0.489,0.10310000000000001,0.39189999999999997,0.7421,0,0,0,0,0,0,0,0,0,0,0,0,0
843,2021,0,48.15,14.2,1.1,0.93,0.43032657013149356,2.36,2.49,35.37,61.84,0.17333458331263638,8.693116435394407,0.13280073554235455,0.5,0.5,38,BHIT,1.617076326002587,0,0.0,0.4815,0.142,0.35369999999999996,0.6184000000000001,0,0,0,0,0,0,0,0,0,0,0,0,0
842,2022,0,48.71,14.83,1.15,0.95,0.42842452115817514,2.18,2.29,35.38,61.99,0.16713803455869436,6.018165538099805,0.12441301678235539,0.3333333333333333,0.0,34,BHIT,1.613163413453783,0,0.0,0.48710000000000003,0.1483,0.3538,0.6199,0,0,0,0,0,0,0,0,0,0,0,0,0
841,2023,0,40.25,7.88,1.23,1.03,0.45115508906460206,1.73,2.17,34.54,58.77,0.0877015934196493,6.943553755554767,0.10398909943873681,0.5,0.1111111111111111,34,BHIT,1.7015484090522375,0,0.0,0.4025,0.0788,0.3454,0.5877,0,0,0,0,0,0,0,0,0,0,0,0,0
875,2013,1,22.6,-5.79,0.53,0.21,0.06826476343115542,18.11,3.57,272.8438684902368,-157.85568263050567,0.05592623465801525,-0.46491766580387645,-0.2951443855070567,0.4,0.0,32,BIMA,-0.6334900228715299,1,,0.226,-0.0579,2.728438684902368,-1.5785568263050567,0,0,0,0,0,0,0,1,0,0,0,0,1
874,2014,1,23.71,3.51,0.92,0.33,0.10027807305081032,17.95,3.79,286.3555819566893,-153.66085574149366,0.0713789706660644,0.04919542637885456,-0.3104389438007268,0.3333333333333333,0.25,34,BIMA,-0.6507838285648476,1,1.0,0.2371,0.0351,2.8635558195668933,-1.5366085574149366,0,0,0,0,0,0,0,1,0,0,0,0,1
873,2015,1,30.97,-0.35,0.93,0.54,0.3083075361063925,14.69,3.38,302.9085698066753,-149.28328068906933,0.07238401993892264,0.046728936734698884,-0.149000669638859,0.25,0.0,36,BIMA,-0.669867379243107,1,1.0,0.3097,-0.0034999999999999996,3.029085698066753,-1.4928328068906933,0,0,0,0,0,0,0,1,0,0,0,0,1
872,2016,1,39.7,10.12,0.89,0.46,0.19679911168171182,9.61,2.85,205.57814641805413,-194.71657098812236,0.0982626432140035,0.026081187597685206,-1.220413573949578,0.3333333333333333,0.0,37,BIMA,-0.5135669732295151,1,1.0,0.397,0.1012,2.055781464180541,-1.9471657098812236,0,0,0,0,0,0,0,0,0,0,0,0,0
871,2017,1,42.43,10.28,0.86,0.45,0.21094534461735623,8.93,2.42,194.74969733184852,-205.54123423715325,0.09918485615239712,0.057323577893663956,-0.4959570511824714,0.3333333333333333,0.0,37,BIMA,-0.4865203829836893,1,1.0,0.4243,0.10279999999999999,1.9474969733184853,-2.0554123423715325,0,0,0,0,0,0,0,0,0,0,0,0,0
870,2018,1,44.18,1.61,0.95,0.28,0.06764469201473797,10.82,1.78,182.3374236366782,-221.45145619476696,0.09360206462246047,0.14892760953163037,-0.4212595253078836,0.3333333333333333,0.0,38,BIMA,-0.45156623360403564,1,1.0,0.44179999999999997,0.0161,1.8233742363667822,-2.2145145619476696,0,0,0,0,0,0,0,0,0,0,0,0,0
869,2019,0,39.31,2.41,1.48,0.33,0.07889438297219872,10.81,1.26,73.84248493464231,282.2993115423564,0.036111878974488094,1.5136253766029928,0.4715425529715487,0.3333333333333333,0.0,40,BIMA,0.3542339492563584,0,0.0,0.3931,0.0241,0.7384248493464232,2.822993115423564,0,0,0,0,0,0,0,0,0,0,0,0,0
868,2020,0,-9.8,-55.25,0.94,0.2,0.052446235004144096,6.07,1.19,86.83555656907043,659.6219355924487,-0.19141835597981935,1.2111963582265326,1.0322203800420457,0.3333333333333333,0.0,37,BIMA,0.15160199290550214,0,0.0,-0.098,-0.5525,0.8683555656907044,6.596219355924487,0,0,0,0,0,0,0,0,0,0,0,0,0
867,2021,0,-7.85,-48.43,0.6,0.15,0.00827402744610361,5.11,1.27,95.71203928701925,2232.11091685599,-0.10465833994241949,1.0658496063490464,15.956453147435461,0.6666666666666666,0.2,38,BIMA,0.044800641063506674,0,0.0,-0.0785,-0.4843,0.9571203928701926,22.3211091685599,0,0,0,0,0,0,0,0,0,0,0,0,0
866,2022,0,37.65,-2.08,0.71,0.16,0.020703700426683517,11.68,1.87,72.117237764622,258.64452436896204,0.06956816979422885,1.6141503313326324,0.8219956898551561,0.3333333333333333,0.0,34,BIMA,0.3866310344051507,0,0.0,0.3765,-0.0208,0.72117237764622,2.5864452436896204,0,0,0,0,0,0,0,0,0,0,0,0,0
865,2023,0,32.66,-5.05,0.53,0.09,0.004925401438886543,9.17,1.3,74.52166470601323,292.49032107526006,-0.022023875435934474,1.664616380512874,0.6863838700100452,0.3333333333333333,0.0,34,BIMA,0.3418916551917942,0,0.0,0.32659999999999995,-0.050499999999999996,0.7452166470601322,2.9249032107526007,0,0,0,0,0,0,0,0,0,0,0,0,0
899,2013,0,33.97,2.43,2.11,2.11,0.1111797132722569,2.3105798215197115,0.3425121893451621,8.34,9.97,0.0164438099266029,31.796026758486963,1.7864771763871043,0.3333333333333333,0.0,32,BIPI,10.030090270812437,0,,0.3397,0.024300000000000002,0.0834,0.09970000000000001,0,0,0,0,0,0,0,0,0,0,0,0,0
898,2014,0,57.44,12.69,0.19,0.19,0.014043171592000232,4.522162283072959,41.99268231196478,30.13,79.5,0.10305073991645357,1.92802665176183,0.7241683403936003,0.4,0.0,34,BIPI,1.2578616352201257,0,0.0,0.5744,0.12689999999999999,0.3013,0.795,0,0,0,0,0,0,0,0,0,0,0,0,0
897,2015,0,22.84,39.56,0.28,0.28,0.0041771123309962774,0.5816257870748854,0.18030954926518414,32.14,97.28,-0.013945993012426385,2.168071174971253,0.7714173268349477,0.5,0.5,36,BIPI,1.0279605263157894,0,0.0,0.2284,0.3956,0.3214,0.9728,0,0,0,0,0,0,0,0,0,0,0,0,0
896,2016,0,-32.98,35.82,0.34,0.34,0.001615330720184658,0.2890281011712254,0.08388700214028441,34.73,102.86,-0.030584661502966223,1.9870449350628754,0.2842293119184928,0.5,0.0,37,BIPI,0.9721952167995334,0,0.0,-0.3298,0.3582,0.34729999999999994,1.0286,0,0,0,0,1,0,0,0,0,0,0,0,1
895,2017,0,-253.25,-7494.6,0.04,0.04,0.0021705389312132338,0.12425691175908417,0.5607416263713029,39.57,337.76,-0.05242298628683732,1.3030575681421694,1.3370888786316437,0.5,0.0,37,BIPI,0.29606821411653245,0,0.0,-2.5325,-74.946,0.3957,3.3775999999999997,1,1,0,0,0,0,0,0,0,0,0,0,2
894,2018,0,-170.68,2008.52,0.21,0.21,0.01616880714057525,0.03066156212801108,0.1379834494325778,35.31,215.59,-0.004544621931175629,1.4796441499746265,0.9552071156085888,0.3333333333333333,0.2,38,BIPI,0.4638434064659771,0,0.0,-1.7068,20.0852,0.3531,2.1559,1,1,0,0,0,0,0,0,0,0,0,0,2
893,2019,0,67.39,80.48,0.58,0.58,0.022806886904795265,0.10841027157461097,1.1500463989217131,37.18,123.41,0.05834608857557546,1.997034978007828,0.3760635000074988,0.4,0.16666666666666666,40,BIPI,0.810307106393323,0,0.0,0.6739,0.8048000000000001,0.3718,1.2341,0,0,0,0,0,0,0,0,0,0,0,0,0
892,2020,0,82.01,38.7,1.17,1.17,0.008740997005179833,0.2555756531453433,1.1034629903636046,31.11,107.28,0.05210915699656205,1.6162914910424597,0.441672699151682,0.3333333333333333,0.25,37,BIPI,0.9321401938851603,0,0.0,0.8201,0.387,0.3111,1.0728,0,0,0,0,0,0,0,0,0,0,0,0,0
891,2021,0,83.03,34.45,0.38,0.38,0.007925867035080756,0.4291146548031877,60.588941544871396,28.43,99.07,0.05970898797240111,1.8634549732584642,0.41280297138232774,0.3333333333333333,0.0,38,BIPI,1.0093873019077422,0,0.0,0.8303,0.34450000000000003,0.2843,0.9906999999999999,0,0,0,0,0,0,0,0,0,0,0,0,0
890,2022,0,73.5,33.38,0.48,0.48,0.018392665228813516,0.33475915761506125,42.63716672908615,35.43,83.27,0.078765093992344,4.332454407650842,0.38624629068914496,0.4,0.0,34,BIPI,1.200912693647172,0,0.0,0.735,0.33380000000000004,0.3543,0.8327,0,0,0,0,0,0,0,0,0,0,0,0,0
889,2023,0,47.13,32.87,0.72,0.72,0.14409876335277844,0.2132693244481588,0.527159372260312,32.17,67.8,0.019667829156433798,5.6579235851485095,1.096453546559928,0.5,0.3333333333333333,34,BIPI,1.4749262536873158,0,0.0,0.47130000000000005,0.3287,0.32170000000000004,0.6779999999999999,0,0,0,0,0,0,0,0,0,0,0,0,0
923,2013,0,59.46,189.92,0.32552375809344103,0.309698095113495,0.11263135398192457,18.26270236384346,82.91605573085542,10.2,13.19,0.16394744749920662,6.22937438089028,0.6281716871761975,1.0,0.0,32,BIPP,7.581501137225171,0,,0.5946,1.8991999999999998,0.102,0.1319,0,0,0,0,0,0,0,0,0,0,0,0,0
922,2014,0,49.34,19.92,0.8137523977266743,0.8045076178333541,0.47297651412279224,16.215883394361963,167.77829054544307,15.55,21.16,0.21465780123246295,5.562383478415696,0.6439443053179441,0.3333333333333333,0.125,34,BIPP,4.725897920604915,0,0.0,0.49340000000000006,0.19920000000000002,0.1555,0.2116,0,0,0,0,0,0,0,0,0,0,0,0,0
921,2015,0,55.8,112.13,1.1728717385729786,1.163502734888653,0.958305827353575,25.223807498040294,112.38042085668448,13.0,15.98,0.17285631524695463,8.617898338475358,0.3815550251058171,0.5,0.5,36,BIPP,6.25782227784731,0,0.0,0.5579999999999999,1.1213,0.13,0.1598,0,0,0,0,0,0,0,0,0,0,0,0,0
920,2016,0,58.82,23.91,1.3139650015135644,1.3047840938979318,0.6626729791603204,16.862043529080808,164.66536741612077,22.4,30.67,0.08610813268573286,4.26352049851581,0.3491124301919477,0.5,0.3333333333333333,37,BIPP,3.2605151613955003,0,0.0,0.5882000000000001,0.2391,0.22399999999999998,0.30670000000000003,0,0,0,0,0,0,0,0,0,0,0,0,0
919,2017,0,47.11,-28.53,1.113897461338865,1.1068103794721185,0.6980646684376312,14.049984164173402,144.17866841711418,23.98,34.55,0.023767142902667453,3.8339356133654783,0.3025086490439281,0.5,0.3333333333333333,37,BIPP,2.8943560057887123,0,0.0,0.4711,-0.2853,0.2398,0.3455,0,0,0,0,0,0,0,0,0,0,0,0,0
918,2018,0,50.75,-60.64,1.5865061430012788,0.2961672184640942,0.24827907120542403,14.446279575564027,0.18825177847777883,19.47,35.5,-0.025221366675343,3.8688649820272656,0.391187671768536,0.4,0.0,38,BIPP,2.8169014084507045,0,0.0,0.5075,-0.6064,0.19469999999999998,0.355,0,0,0,0,0,0,0,0,0,0,0,0,0
917,2019,0,46.56,1.34,1.8093964060829388,0.43719346280408056,0.38159560423746347,33.28544572056669,0.48098661554554256,19.49,37.79,0.08136569822188527,3.2142571971780796,0.22515979819817525,0.6,0.0,40,BIPP,2.646202699126753,0,0.0,0.4656,0.0134,0.1949,0.3779,0,0,0,0,0,0,0,0,0,0,0,0,0
916,2020,0,40.53,17.75,2.6091823852836993,0.9848387511986223,0.8945979922683426,28.13627838475496,0.8619248507558002,22.72,40.03,0.15626704872893518,3.2303664510731553,0.20832241714996452,0.0,0.0,37,BIPP,2.498126405196103,0,0.0,0.4053,0.1775,0.22719999999999999,0.4003,0,0,0,0,0,0,0,0,0,0,0,0,0
915,2021,0,48.51,5.8,1.7098387746251569,0.9538550638596538,0.8728077902644344,16.103596301219216,0.929207384638596,22.88,42.42,0.07156644204759628,3.1074941991039107,0.25095193558114476,0.3333333333333333,0.25,38,BIPP,2.3573785950023574,0,0.0,0.4851,0.057999999999999996,0.2288,0.4242,0,0,0,0,0,0,0,0,0,0,0,0,0
914,2022,0,46.79,6.79,2.313845477619652,1.12638782507297,1.021426859197524,22.617837078695942,1.1126976520899265,26.2,45.73,0.09584821788227584,2.9367104952364746,0.23703649939818694,0.42857142857142855,0.16666666666666666,34,BIPP,2.1867483052700636,0,0.0,0.4679,0.0679,0.262,0.4573,0,0,0,0,0,0,0,0,0,0,0,0,0
913,2023,0,51.49,-1.69,1.9803017823528863,0.9188054335890862,0.8252912904547623,19.30937700462577,0.966414329329358,29.83,55.09,0.06148088635439836,2.6602900923767416,0.23868128455141513,0.4,0.42857142857142855,34,BIPP,1.8152114721365038,0,0.0,0.5149,-0.0169,0.2983,0.5509000000000001,0,0,0,0,0,0,0,0,0,0,0,0,0
947,2013,0,42.36,12.03,7.63,3.88,0.7087459103416895,2.18,0.85,13.834317267118317,16.055483840365376,0.883923220420532,29.20290104345832,1.1384080583027556,0.6,0.0,32,BISI,6.228401522761229,0,,0.4236,0.12029999999999999,0.13834317267118318,0.16055483840365375,0,0,0,0,0,0,0,0,0,0,0,0,0
946,2014,0,34.9,14.28,7.25,4.72,0.8261928106897058,1.7,1.23,13.652841850937774,15.811570575801342,0.7720884282001121,37.69934937895264,1.469102359861892,0.3333333333333333,0.0,34,BISI,6.3244824111934825,0,0.0,0.349,0.14279999999999998,0.13652841850937775,0.15811570575801343,0,0,0,0,0,0,0,0,0,0,0,0,0
945,2015,0,39.1,18.36,6.37,3.82,1.1268102448038275,1.9,1.4,15.236458722450505,17.975250317303622,0.9356459007551241,39.574075648108796,2.2310411084473274,0.5,0.0,36,BISI,5.563204864175738,0,0.0,0.391,0.18359999999999999,0.15236458722450505,0.17975250317303623,0,0,0,0,0,0,0,0,0,0,0,0,0
944,2016,0,43.41,18.15,6.77,4.49,1.2589147132566563,2.22,1.5,14.595453892657698,17.089785682266996,1.271213547633361,41.35997887654514,2.764315804116742,0.4,0.0,37,BISI,5.851448453432846,0,0.0,0.4341,0.1815,0.14595453892657698,0.17089785682266995,0,0,0,0,0,0,0,0,0,0,0,0,0
943,2017,0,38.06,17.46,5.64,3.84,1.478583850931677,2.59,2.14,16.10114035729975,19.191131352523282,1.1572854348145305,37.68317326930772,2.4483268465849433,0.5,0.0,37,BISI,5.210740219692771,0,0.0,0.38060000000000005,0.1746,0.1610114035729975,0.19191131352523283,0,0,0,0,0,0,0,0,0,0,0,0,0
942,2018,0,37.96,17.83,5.48,2.63,0.23897791536414864,2.57,1.58,16.45852998723332,19.701029901339002,1.0662059418124286,39.6974803993835,2.1753905962518343,0.3333333333333333,0.2857142857142857,38,BISI,5.07587676891975,0,0.0,0.3796,0.1783,0.1645852998723332,0.19701029901339,0,0,0,0,0,0,0,0,0,0,0,0,0
941,2019,0,34.42,13.51,4.14,2.12,0.34823780056955655,2.37,1.32,21.232849697523612,26.956478196794762,0.6253446922990696,37.17743698660087,1.3597595772399558,0.3333333333333333,0.25,40,BISI,3.70968341153298,0,0.0,0.3442,0.1351,0.21232849697523612,0.26956478196794764,0,0,0,0,0,0,0,0,0,0,0,0,0
940,2020,0,38.18,15.21,5.83,3.42,1.5617805622473298,2.18,1.09,15.663646290419244,18.57282844401634,0.7506000981182325,35.644198926170716,1.2506860988485538,0.3333333333333333,0.0,37,BISI,5.384209534989662,0,0.0,0.3818,0.1521,0.15663646290419245,0.18572828444016343,0,0,0,0,0,0,0,0,0,0,0,0,0
939,2021,0,40.25,18.91,7.13,4.85,3.1654784782326,3.29,1.4,12.903286569640143,14.814894915589734,1.0937234787471206,47.94460696585903,1.095341940935725,0.3333333333333333,0.42857142857142855,38,BISI,6.749963504281752,0,0.0,0.4025,0.1891,0.12903286569640143,0.14814894915589735,0,0,0,0,0,0,0,0,0,0,0,0,0
938,2022,0,42.25,21.66,8.8,6.34,4.894673873356979,4.98,1.81,10.562469047621143,11.809884435701992,1.6422823132934146,58.03640681388956,1.573641504794689,0.3333333333333333,0.16666666666666666,34,BISI,8.467483364840893,0,0.0,0.4225,0.21660000000000001,0.10562469047621142,0.11809884435701992,0,0,0,0,0,0,0,0,0,0,0,0,0
937,2023,0,50.57,25.92,7.34,5.2,2.59603298950583,3.17,1.41,11.664402765888738,13.204645840538301,1.4746003287016285,65.22853735348377,1.392638051049469,0.3333333333333333,0.0,34,BISI,7.573092168288203,0,0.0,0.5057,0.25920000000000004,0.11664402765888739,0.132046458405383,0,0,0,0,0,0,0,0,0,0,0,0,0
971,2013,0,62.07,62.9,4.57,1.09,0.3239258824892778,1.58,0.12,17.77,27.55,0.06465430944599694,3.9546411923208002,0.7164862075615612,0.3333333333333333,0.5714285714285714,32,BKSL,3.629764065335753,0,,0.6207,0.629,0.1777,0.2755,0,0,0,0,0,0,0,0,0,0,0,0,0
970,2014,0,45.5,5.72,1.49,0.72,0.09804022867201576,0.8,0.11,13.89,22.2,0.04829505779355749,6.05676462745245,0.5225365210661911,0.6,0.14285714285714285,34,BKSL,4.504504504504505,0,0.0,0.455,0.0572,0.1389,0.222,0,0,0,0,0,0,0,0,0,0,0,0,0
969,2015,0,41.08,11.02,1.3,0.65,0.1766221721894153,0.53,0.16,12.76,21.72,0.06294843508602137,5.786922509072867,0.305833238660871,0.42857142857142855,0.2,36,BKSL,4.6040515653775325,0,0.0,0.4108,0.11019999999999999,0.1276,0.21719999999999998,0,0,0,0,0,0,0,0,0,0,0,0,0
968,2016,0,61.31,46.61,1.41,0.64,0.10840528168295774,1.15,0.22,10.74,17.04,0.16294760856266668,6.301585927034509,0.4437507381421817,0.6666666666666666,0.0,37,BKSL,5.868544600938967,0,0.0,0.6131,0.4661,0.1074,0.1704,0,0,0,0,0,0,0,0,0,0,0,0,0
967,2017,0,59.24,28.86,1.56,0.83,0.19942574884825506,1.37,0.31,9.95,14.99,0.12523342445999866,5.77961623351666,0.7225129517770119,0.3,0.0,37,BKSL,6.6711140760507,0,0.0,0.5924,0.28859999999999997,0.09949999999999999,0.1499,0,0,0,0,0,0,0,0,0,0,0,0,0
966,2018,0,53.89,27.99,1.47,0.67,0.08142637102019208,1.01,0.26,11.96,18.3,0.10864234784998143,5.184309158597763,0.5670955825417292,1.0,0.0,38,BKSL,5.46448087431694,0,0.0,0.5389,0.2799,0.11960000000000001,0.183,0,0,0,0,0,0,0,0,0,0,0,0,0
965,2019,0,59.52,7.24,1.43,0.65,0.11167096540785673,0.78,0.15,16.96,27.38,0.03869625760054463,4.266416566022197,0.4390969594551673,0.5,0.0,40,BKSL,3.652300949598247,0,0.0,0.5952000000000001,0.0724,0.1696,0.2738,0,0,0,0,0,0,0,0,0,0,0,0,0
964,2020,0,55.11,-123.12,1.4,0.43,0.04503016642673794,0.54,0.07,15.93,28.56,-0.0321909086619847,3.1130001040206694,0.3272336980011431,0.3333333333333333,0.0,37,BKSL,3.50140056022409,0,0.0,0.5511,-1.2312,0.1593,0.28559999999999997,0,0,0,0,0,0,0,0,0,0,0,0,0
963,2021,0,69.05,25.17,2.83,0.88,0.19188988778583393,1.65,0.09,13.4,21.28,0.054268322224526135,3.316653319586137,0.3774471764305097,0.5,0.0,38,BKSL,4.6992481203007515,0,0.0,0.6905,0.25170000000000003,0.134,0.21280000000000002,0,0,0,0,0,0,0,0,0,0,0,0,0
962,2022,0,65.07,-24.83,2.02,0.55,0.13096605629128436,1.25,0.07,14.69,23.8,0.04077666393186308,3.4684206451582558,0.32491613722879875,0.5,0.0,34,BKSL,4.201680672268907,0,0.0,0.6507,-0.2483,0.1469,0.23800000000000002,0,0,0,0,0,0,0,0,0,0,0,0,0
961,2023,0,44.19,18.48,1.17,0.39,0.30100005389282264,2.59,0.34,12.12,15.92,0.10290640718634474,9.985884090151117,0.553820687132172,0.3333333333333333,0.0,34,BKSL,6.281407035175879,0,0.0,0.44189999999999996,0.1848,0.12119999999999999,0.1592,0,0,0,0,0,0,0,0,0,0,0,0,0
995,2013,1,11.74,54.41,0.51,0.44,0.15182857870415448,7.15,23.55,239.85906032796862,-171.50055188809407,-0.02348307030029337,0.3737931828956521,-0.16466533394664318,0.3333333333333333,0.0,32,BLTA,-0.5830885026262251,1,,0.1174,0.5440999999999999,2.398590603279686,-1.7150055188809405,0,0,0,0,0,0,0,0,0,0,0,0,0
994,2014,1,17.33,-12.69,0.38,0.35,0.1445849334589281,13.79,31.88,270.44991945473475,-158.6682588762128,0.014589651021093122,0.3081598630925158,-0.15598474425782963,0.4,0.2,34,BLTA,-0.6302457763654945,1,1.0,0.17329999999999998,-0.12689999999999999,2.7044991945473473,-1.586682588762128,0,0,0,0,0,0,0,1,0,0,0,0,1
993,2015,0,25.12,73.94,0.99,0.98,0.45940047213932567,16.36,55.96,63.591676062746025,174.66246502404172,0.34469957645298976,1.879719912054297,4.461541456295585,0.5,0.14285714285714285,36,BLTA,0.5725328563651917,0,0.0,0.25120000000000003,0.7394,0.6359167606274603,1.7466246502404172,0,0,0,0,0,0,0,0,0,0,0,0,0
992,2016,0,22.94,-77.75,1.12,1.08,0.34639245362924814,3.25,38.39,56.96526870056148,132.37045284236436,-0.05565410606097086,2.0992887790696013,4.164816793193712,0.4,0.0,37,BLTA,0.7554556009496072,0,0.0,0.22940000000000002,-0.7775,0.5696526870056148,1.3237045284236435,0,0,0,0,0,0,0,0,0,0,0,0,0
991,2017,0,11.67,-34.43,0.67,0.61,0.317001645178903,9.97,31.63,60.681769418462714,154.33494467974256,-0.0430559368110603,1.9145592542316634,5.199017903461996,0.3333333333333333,0.0,37,BLTA,0.6479413991919203,0,0.0,0.1167,-0.3443,0.6068176941846272,1.5433494467974256,0,0,0,0,0,0,0,0,0,0,0,0,0
990,2018,0,13.97,21.76,0.62,0.57,0.24736066355422695,9.85,28.59,59.399535236612664,146.3025992012238,0.006943679961642064,1.9803992482500155,5.436825727787551,0.3333333333333333,0.25,38,BLTA,0.683514855826044,0,0.0,0.13970000000000002,0.21760000000000002,0.5939953523661267,1.4630259920122382,0,0,0,0,0,0,0,0,0,0,0,0,0
989,2019,0,11.69,-4.35,0.55,0.48,0.06042918707923733,6.98,27.38,54.530119274832025,119.92580232269911,0.012525070655415001,2.1272535506117665,3.039756487312487,0.3333333333333333,0.5,40,BLTA,0.8338489137718478,0,0.0,0.11689999999999999,-0.0435,0.5453011927483202,1.1992580232269912,0,0,0,0,0,0,0,0,0,0,0,0,0
988,2020,0,26.9,-4.45,0.51,0.47,0.07517120831640697,6.24,24.68,57.75140721806379,136.69427409368285,0.031805160506778854,2.0936321118677683,3.309322677686942,0.5,0.5,37,BLTA,0.7315595379764439,0,0.0,0.26899999999999996,-0.044500000000000005,0.5775140721806379,1.3669427409368284,0,0,0,0,0,0,0,0,0,0,0,0,0
987,2021,0,23.86,29.98,1.33,1.26,0.38043519568006995,6.75,25.18,54.39837138548885,119.29041360636505,0.040796702303733653,2.1641928287486616,2.835033318504361,0.5,0.0,38,BLTA,0.8382903284247163,0,0.0,0.2386,0.2998,0.5439837138548885,1.1929041360636505,0,0,0,0,0,0,0,0,0,0,0,0,0
986,2022,0,29.66,36.24,0.98,0.67,0.16569040006002134,7.59,8.43,48.58444419305282,94.4936672011417,0.10697104811885884,2.5323593602306627,2.0853259566469506,0.5,0.0,34,BLTA,1.0582719769689684,0,0.0,0.2966,0.3624,0.48584444193052817,0.9449366720114171,0,0,0,0,0,0,0,0,0,0,0,0,0
985,2023,0,35.76,40.02,2.52,2.38,1.3215563991981158,7.43,10.63,38.042758603581106,61.40163400783683,0.31217204107032065,3.0968542733543245,1.462134483858899,0.5,0.0,34,BLTA,1.6286211534246264,0,0.0,0.3576,0.40020000000000006,0.38042758603581106,0.6140163400783684,0,0,0,0,0,0,0,0,0,0,0,0,0
1019,2013,0,61.23,-4.06,0.57,0.56,0.5000584173320483,10.59,45.16,95.11554267081888,1947.310340957876,-0.015332908977354297,5.675148416222884,0.0,0.5,0.0,32,BLTZ,0.051352882946644404,0,,0.6123,-0.0406,0.9511554267081889,19.47310340957876,0,0,0,0,0,0,0,0,0,0,0,0,0
1018,2014,0,55.94,-9.55,2.43,2.4,2.0510108926373465,8.61,41.04,21.47261287669135,27.34410714948875,-0.34333344395278953,60.26433193861855,1.9027450023065484,0.4,0.2,34,BLTZ,3.657095090115959,0,0.0,0.5594,-0.0955,0.2147261287669135,0.2734410714948875,0,0,0,0,0,0,0,0,0,0,0,0,0
1017,2015,0,60.5,-9.04,0.38,0.37,0.09672697748022197,6.93,37.99,39.614041002317194,65.60141075814879,-0.11883417854933405,78.41199843026138,3.1503865143194365,0.4,0.0,36,BLTZ,1.5243574618946487,0,0.0,0.605,-0.0904,0.39614041002317196,0.6560141075814879,0,0,0,0,0,0,0,0,0,0,0,0,0
1016,2016,0,43.58,-2.69,1.95,1.91,1.4468651633459102,8.03,52.42,14.444692142441621,16.883455280753225,-0.09019143557287664,149.5037230684959,3.3791835254143305,0.5,0.0,37,BLTZ,5.9229582059543135,0,0.0,0.43579999999999997,-0.0269,0.1444469214244162,0.16883455280753223,0,0,0,0,0,0,0,0,0,0,0,0,0
1015,2017,0,41.91,1.47,1.13,1.1,0.7723652459137745,9.89,59.22,35.64145894216243,55.37953215895969,0.03130880427816537,5.723739487498831,3.9286842442667718,0.5,0.3333333333333333,37,BLTZ,1.8057212854915983,0,0.0,0.4191,0.0147,0.3564145894216243,0.5537953215895969,0,0,0,0,0,0,0,0,0,0,0,0,0
1014,2018,0,43.73,2.97,0.66,0.63,0.11296475579218376,9.46,67.38,34.14115937727963,51.839903427485204,0.14377751905064298,5.982723493453712,3.539616206498472,0.3333333333333333,0.0,38,BLTZ,1.9290159392345745,0,0.0,0.43729999999999997,0.0297,0.3414115937727963,0.518399034274852,0,0,0,0,0,0,0,0,0,0,0,0,0
1013,2019,0,38.05,5.89,0.44,0.41,0.1285896582703271,9.34,51.9,35.1267012170409,54.14662407496994,0.21723555457616708,84.0480107475298,2.107857888071922,0.4,0.0,40,BLTZ,1.8468372074599282,0,0.0,0.38049999999999995,0.058899999999999994,0.351267012170409,0.5414662407496994,0,0,0,0,0,0,0,0,0,0,0,0,0
1012,2020,0,-27.75,-174.26,0.17,0.14,0.06377854457685922,2.61,14.52,67.27252439325142,205.55366139935168,-0.17583392230223285,2.053831262771822,3.281287275133324,0.5,0.45454545454545453,37,BLTZ,0.4864909694102651,0,0.0,-0.2775,-1.7426,0.6727252439325142,2.055536613993517,0,0,0,0,0,0,0,0,0,0,0,0,0
1011,2021,0,0.1,-93.05,0.23,0.21,0.13568249158478046,6.69,14.61,77.87118394736613,351.89945888721684,-0.10792539726435381,1.6492255026610239,5.538323674409001,0.6666666666666666,0.25,38,BLTZ,0.2841720766386567,0,0.0,0.001,-0.9305,0.7787118394736613,3.5189945888721685,0,0,0,0,0,0,0,0,0,0,0,0,0
1010,2022,0,38.78,-5.56,0.5,0.47,0.3314778603915443,22.92,37.7,79.26928099322619,382.37593673101617,0.055609916648507875,1.432231058205933,5.894490513675598,0.0,0.0,34,BLTZ,0.26152273298082923,0,0.0,0.38780000000000003,-0.0556,0.7926928099322619,3.8237593673101617,0,0,0,0,0,0,0,0,0,0,0,0,0
1009,2023,0,41.93,-1.29,0.28,0.27,0.1790021436894877,20.97,35.01,78.58891124047234,367.0477112262744,0.06671148275253697,1.6549595915115594,4.025573593196779,0.6666666666666666,0.2,34,BLTZ,0.2724441453834673,0,0.0,0.4193,-0.0129,0.7858891124047234,3.6704771122627435,0,0,0,0,0,0,0,0,0,0,0,0,0
1043,2013,0,4.3,-1.27,1.2,1.18,0.01402232924918457,7.47,258.37,30.42,65.57,0.0022884392991469452,32.277416695598056,0.4781475937208816,0.5,0.6666666666666666,32,BMSR,1.5250876925423213,0,,0.043,-0.0127,0.3042,0.6557,0,0,0,0,0,0,0,0,0,0,0,0,0
1042,2014,0,5.42,-7.08,1.5,1.49,0.1604954455749183,7.84,526.87,18.39,47.94,0.041773496646654626,52.179827302138264,1.1375315833213469,0.5,0.3333333333333333,34,BMSR,2.0859407592824364,0,0.0,0.0542,-0.0708,0.1839,0.4794,0,0,0,0,0,0,0,0,0,0,0,0,0
1041,2015,0,5.91,-0.31,1.61,1.61,0.17723288097655732,7.31,173.10186,50.78,160.59,0.04277680570942905,3.7659437313124484,1.7289382753297131,0.0,0.0,36,BMSR,0.6227037798119435,0,0.0,0.0591,-0.0031,0.5078,1.6059,0,0,0,0,0,0,0,0,0,0,0,0,0
1040,2016,0,5.94,-0.87,1.29,1.29,0.11162853800604144,7.91,38.6623,43.51,145.67,0.057964803410951705,12.709957320976379,1.1289266868803947,0.3333333333333333,0.2,37,BMSR,0.6864831468387451,0,0.0,0.0594,-0.0087,0.4351,1.4566999999999999,0,0,0,0,0,0,0,0,0,0,0,0,0
1039,2017,0,6.31,-0.12,1.38,1.38,0.1467899121900177,9.42,449.0256,50.31,177.28,0.11196648867485938,4.764546121381906,1.1321541059981222,0.3333333333333333,0.0,37,BMSR,0.5640794223826715,0,0.0,0.06309999999999999,-0.0012,0.5031,1.7728,0,0,0,0,0,0,0,0,0,0,0,0,0
1038,2018,0,5.43,0.17,1.65,0.0,0.04126392129250566,9.9,0.0,48.59,196.52,0.11782324561182732,2.257327841877836,1.3331512807678443,0.3333333333333333,0.0,38,BMSR,0.5088540606554041,0,0.0,0.054299999999999994,0.0017000000000000001,0.48590000000000005,1.9652,0,0,0,1,0,0,0,0,0,0,0,0,1
1037,2019,0,5.82,0.18,1.5,0.0,0.10498336936552491,8.62,0.0,46.24,190.39,0.0783276747224806,2.18506306239584,0.8057101057685077,0.3333333333333333,0.0,40,BMSR,0.5252376700456957,0,0.0,0.0582,0.0018,0.46240000000000003,1.9039,0,0,0,1,0,0,0,0,0,0,0,0,1
1036,2020,0,7.87,0.04,1.15,1.15,0.21947551104458377,7.6,0.0,40.36,224.45,0.0821585239740283,2.557249897750294,0.7302091372839594,0.5,0.0,37,BMSR,0.4455335263978614,0,0.0,0.0787,0.0004,0.4036,2.2445,0,0,0,0,0,0,0,0,0,0,0,0,0
1035,2021,0,8.99,5.38,1.4,1.4,0.38162826973559405,7.25,1864.3,29.29,93.32,0.21038304883904846,5.415730743191096,0.9903574907610718,0.4,0.0,38,BMSR,1.0715816545220747,0,0.0,0.08990000000000001,0.0538,0.2929,0.9331999999999999,0,0,0,0,0,0,1,0,0,0,0,0,1
1034,2022,0,12.36,7.75,1.74,1.73,0.4961444158782688,7.58,751.55,11.61,26.51,0.49645203715990793,13.955495395933129,1.3102135223207945,0.3333333333333333,0.3333333333333333,34,BMSR,3.7721614485099964,0,0.0,0.12359999999999999,0.0775,0.1161,0.2651,0,0,0,0,0,0,1,0,0,0,0,0,1
1033,2023,0,8.14,4.53,1.89,1.89,0.5660158316443276,5.63,483.21,18.28,34.21,0.19136769471254664,34.19712148560045,0.4697360348876065,0.5,0.0,34,BMSR,2.9231218941829873,0,0.0,0.0814,0.0453,0.18280000000000002,0.3421,0,0,0,0,0,0,0,0,0,0,0,0,0
1067,2013,1,23.17,-272.77,0.73,0.64,0.3125039086186349,1.44,5.16,117.05721328119041,-686.2622361078967,-0.049732293512853,0.4735181126476465,-2.3151207575982085,0.3333333333333333,0.0,32,BNBR,-0.14571689179218894,1,,0.23170000000000002,-2.7277,1.170572132811904,-6.862622361078967,0,0,0,0,0,0,0,0,0,0,0,0,0
1066,2014,1,26.69,2.89,0.47,0.4,0.24278765639443708,2.28,4.29,119.31646201924686,-617.6931463968936,0.06145712064348455,-0.295655539650985,-2.1441121654418898,0.5,0.3333333333333333,34,BNBR,-0.1618926818005292,1,1.0,0.2669,0.028900000000000002,1.1931646201924686,-6.176931463968936,0,0,0,0,0,0,0,0,0,0,0,0,0
1065,2015,1,18.76,-51.81,0.28,0.22,0.07362778891740132,2.15,3.52,142.36556232284298,-336.0407711290575,-0.009282748300304051,-1.6148324462354438,-1.1992330465565675,0.4,0.0,36,BNBR,-0.29758293811793063,1,1.0,0.18760000000000002,-0.5181,1.4236556232284299,-3.360407711290575,0,0,0,0,0,0,0,0,0,0,0,0,0
1064,2016,1,4.63,-176.39,0.27,0.21,0.05995494212075218,1.4,3.02,192.27839006787897,-208.36773368763923,-0.042705899920058424,-5.763084993088312,-0.8015646139529258,0.4,0.2,37,BNBR,-0.4799207546688031,1,1.0,0.0463,-1.7638999999999998,1.9227839006787897,-2.0836773368763923,0,0,0,0,0,0,0,0,0,0,0,0,0
1063,2017,1,16.75,-49.1,0.23,0.18,0.05406053124159425,1.86,3.31,174.00209867397461,-235.13130274934815,-0.013051997011882146,-4.811515068407362,-1.0547175609507768,0.5,0.25,37,BNBR,-0.42529428804552155,1,1.0,0.1675,-0.491,1.7400209867397463,-2.3513130274934815,0,0,0,0,0,0,0,0,0,0,0,0,0
1062,2018,0,20.22,-37.43,0.97,0.9,0.6629628560275946,2.03,3.85,81.31134414892445,435.08396107708774,0.005935791903771331,3.7102145985268544,0.3876758979619184,0.4,0.25,38,BNBR,0.2298406950061809,0,0.0,0.2022,-0.3743,0.8131134414892445,4.350839610770877,0,0,0,0,0,0,0,0,0,0,0,0,0
1061,2019,0,20.96,26.68,1.01,0.95,0.7041416908294312,1.42,3.34,83.60770113177325,510.0425620827986,0.011462997903389381,3.6320514812484,0.44301287649521504,0.3333333333333333,0.6,40,BNBR,0.1960620689999717,0,0.0,0.2096,0.2668,0.8360770113177325,5.100425620827986,0,0,0,0,0,0,0,0,0,0,0,0,0
1060,2020,0,10.02,-37.9,0.89,0.85,0.7124487521366195,1.28,3.63,89.674749170692,868.4994742805881,-0.022244504486654645,3.0826478567865783,0.7220613696946121,0.3333333333333333,0.0,37,BNBR,0.11514111748062242,0,0.0,0.1002,-0.379,0.8967474917069199,8.68499474280588,0,0,0,0,0,0,0,0,0,0,0,0,0
1059,2021,0,17.61,3.63,0.9,0.85,0.7201542871153213,1.63,3.43,91.49177991873948,1075.3339599224923,0.003284217420953162,3.1763899090510277,0.8171221509436294,0.6666666666666666,0.0,38,BNBR,0.09299436614761779,0,0.0,0.1761,0.0363,0.9149177991873948,10.753339599224923,0,0,0,0,0,0,0,0,0,0,0,0,0
1058,2022,0,19.75,8.44,0.93,0.9,0.8012346059008898,2.74,4.88,91.26001613484738,1044.1668719631411,-0.004300547369773784,3.536121395005683,1.1286434238079264,0.3333333333333333,0.3333333333333333,34,BNBR,0.09577013280644472,0,0.0,0.1975,0.08439999999999999,0.9126001613484738,10.441668719631412,0,0,0,0,0,0,0,0,0,0,0,0,0
1057,2023,0,23.5,7.03,1.0,0.74,0.3705680337340482,3.45,3.67,62.534347864412645,166.91114207248344,0.07418131689598358,6.493299225555232,3.007849124616684,0.4,0.0,34,BNBR,0.5991211776417755,0,0.0,0.235,0.0703,0.6253434786441264,1.6691114207248345,0,0,0,0,0,0,0,0,0,0,0,0,0
1091,2013,0,11.15,2.77,1.57,0.85,0.03553399180481272,5.81,4.51,17.5,25.68,0.1252221191904811,10.093671186181746,0.5095859437918403,0.3,0.0,32,BRAM,3.8940809968847354,0,,0.1115,0.0277,0.175,0.2568,0,0,0,0,0,0,0,0,0,0,0,0,0
1090,2014,0,16.53,7.65,1.42,0.73,0.049313892976574264,6.65,3.65,26.92,46.45,0.16216362440254897,4.411637014187637,1.0120054949746957,0.5,0.0,34,BRAM,2.1528525296017222,0,0.0,0.1653,0.0765,0.2692,0.4645,0,0,0,0,0,0,0,0,0,0,0,0,0
1089,2015,0,16.98,6.05,1.81,0.88,0.08181796643912828,7.07,3.28,23.69,37.8,0.21075310330144212,4.492235001379975,0.8354399490529083,0.5,0.0,36,BRAM,2.645502645502646,0,0.0,0.1698,0.0605,0.2369,0.37799999999999995,0,0,0,0,0,0,0,0,0,0,0,0,0
1088,2016,0,20.5,10.12,1.89,0.88,0.16301182502132983,6.96,3.12,13.64,20.43,0.33455670662042325,6.102292837629401,1.1276944567502363,0.3333333333333333,0.3333333333333333,37,BRAM,4.894762604013705,0,0.0,0.205,0.1012,0.1364,0.2043,0,0,0,0,0,0,0,0,0,0,0,0,0
1087,2017,0,19.34,10.16,2.4,1.14,0.06877363617713486,6.3,3.21,11.02,15.46,0.39104587911570254,6.619414959718387,1.127083849695712,0.4,0.25,37,BRAM,6.468305304010348,0,0.0,0.1934,0.1016,0.11019999999999999,0.15460000000000002,0,0,0,0,0,0,0,0,0,0,0,0,0
1086,2018,0,15.55,7.33,2.15,1.08,0.11418778699753772,6.46,3.88,7.52,10.12,0.3670062660176002,9.613341927174123,0.8558421161340631,0.3333333333333333,0.14285714285714285,38,BRAM,9.881422924901186,0,0.0,0.1555,0.0733,0.07519999999999999,0.1012,0,0,0,0,0,0,0,0,0,0,0,0,0
1085,2019,0,12.68,5.94,2.9,1.54,0.4259178428360159,6.67,4.33,5.3,6.72,0.33641720190570146,9.68996653957626,1.5822325131900379,0.5,0.25,40,BRAM,14.880952380952381,0,0.0,0.1268,0.0594,0.053,0.0672,0,0,0,0,0,0,0,0,0,0,0,0,0
1084,2020,0,7.06,-2.4,2.56,1.37,0.31733784745355825,4.99,3.54,7.02,8.88,-0.07129809344645135,12.08743550693883,0.7992758420198751,0.4,0.0,37,BRAM,11.26126126126126,0,0.0,0.0706,-0.024,0.0702,0.0888,0,0,0,0,0,0,0,0,0,0,0,0,0
1083,2021,0,18.51,10.18,1.99,0.98,0.028169587241618135,5.96,3.96,7.5,10.37,0.38676544474614816,13.177985420838482,1.8529413390961227,0.2857142857142857,0.0,38,BRAM,9.643201542912248,0,0.0,0.18510000000000001,0.1018,0.075,0.10369999999999999,0,0,0,0,0,0,0,0,0,0,0,0,0
1082,2022,0,19.98,10.42,2.42,1.41,0.24844653932736005,6.1,4.59,3.4,4.45,0.6734958647880845,15.589363717416068,1.0753321367934525,0.5,0.0,34,BRAM,22.47191011235955,0,0.0,0.1998,0.1042,0.034,0.044500000000000005,0,0,0,0,0,0,0,0,0,0,0,0,0
1081,2023,0,14.92,6.93,2.04,1.33,0.5640285528436185,5.23,4.51,2.87,3.8,0.31385299538765477,16.615457146224916,0.7760391578968178,0.3333333333333333,0.0,34,BRAM,26.315789473684212,0,0.0,0.1492,0.0693,0.0287,0.038,0,0,0,0,0,0,0,0,0,0,0,0,0
1115,2013,0,100.0,-745.16,0.02,0.02,0.012280159827730048,0.35,0.0,27.67,39.92,-0.01725223701600247,19.401032545337223,0.42574274794567074,0.75,0.0,32,BRMS,2.50501002004008,0,,1.0,-7.4516,0.2767,0.3992,1,1,1,0,0,0,0,0,0,0,0,0,3
1114,2014,0,100.0,-904.5,0.01,0.01,0.010007920006786582,0.0,0.0,33.45,53.75,0.012277276946413384,16.145377175876042,0.746566891490618,0.0,0.0,34,BRMS,1.8604651162790697,0,0.0,1.0,-9.045,0.3345,0.5375,1,1,1,0,0,0,0,0,0,0,0,0,3
1113,2015,0,100.0,-490.08,0.01,0.01,0.008857309382442407,27.07,0.0,36.58,66.5,-0.0014984367533988538,14.880322082779864,0.11257735453557641,0.42857142857142855,0.14285714285714285,36,BRMS,1.5037593984962405,0,0.0,1.0,-4.9008,0.36579999999999996,0.665,1,0,1,0,0,0,0,0,0,0,0,0,2
1112,2016,0,100.0,-21128.37,0.01,0.01,0.00996133393033848,0.0,0.0,33.17,55.94,-0.006784173234862675,4.777074467617587,0.26541174556381225,0.6,0.2,37,BRMS,1.787629603146228,0,0.0,1.0,-211.28369999999998,0.3317,0.5594,1,1,1,0,0,0,0,0,0,0,0,0,3
1111,2017,0,100.0,-4951.18,2.08,2.08,0.027330417185298522,0.0,0.0,26.44,40.61,-0.01612388528083145,6.115698693367297,0.7150895208798138,0.42857142857142855,0.2857142857142857,37,BRMS,2.462447672986949,0,0.0,1.0,-49.5118,0.2644,0.4061,1,1,0,0,0,0,0,0,0,0,0,0,2
1110,2018,0,100.0,-8751.34,0.67,0.67,0.13230840849824552,0.0,0.0,18.75,24.96,-0.02793001505442336,5.726846071612697,0.5558956808963096,0.3333333333333333,0.0,38,BRMS,4.006410256410256,0,0.0,1.0,-87.5134,0.1875,0.24960000000000002,1,1,0,0,0,0,0,0,0,0,0,0,2
1109,2019,0,100.0,28.35,0.33,0.32,0.006622874335895162,0.0,0.0,20.8,30.13,-0.0038185386738403154,6.430350844297578,0.7235033521662333,0.3333333333333333,0.125,40,BRMS,3.318951211417192,0,0.0,1.0,0.28350000000000003,0.20800000000000002,0.3013,1,0,0,0,0,0,0,0,0,0,0,0,1
1108,2020,0,62.05,48.4,0.7,0.57,0.03235108430128914,30.34,0.61,5.09,6.15,-0.001297318866526737,15.17728177956499,1.1477940286334956,0.375,0.3333333333333333,37,BRMS,16.260162601626014,0,0.0,0.6204999999999999,0.484,0.0509,0.061500000000000006,0,0,0,0,0,0,0,0,0,0,0,0,0
1107,2021,0,50.47,659.68,2.97,2.89,0.7193948229999234,38.47,0.67,4.69,5.23,1.1565247380769685,53.058431746093746,1.312112888846013,0.25,0.0,38,BRMS,19.12045889101338,0,0.0,0.5047,6.596799999999999,0.046900000000000004,0.052300000000000006,0,1,0,0,0,0,0,0,0,0,0,0,1
1106,2022,0,49.36,117.51,2.77,2.53,0.45048364145241737,48.51,0.5,5.91,6.68,0.14201913492797832,17.293277030475412,1.5164165934826868,0.0,0.0,34,BRMS,14.970059880239521,0,0.0,0.4936,1.1751,0.0591,0.0668,0,0,0,0,0,0,0,0,0,0,0,0,0
1105,2023,0,55.39,30.42,1.73,1.56,0.1624628140810942,81.92,1.36,6.1,6.96,0.1247927244991194,19.9590552219053,1.615159430432943,0.4,0.0,34,BRMS,14.367816091954024,0,0.0,0.5539000000000001,0.3042,0.061,0.0696,0,0,0,0,0,0,0,0,0,0,0,0,0
1139,2013,0,17.62,-1.27,0.81,0.55,0.1388903298674281,6.28,5.99,38.79,58.8,0.09521579096557227,2.1907416132307467,1.02637893912394,0.3333333333333333,0.0,32,BRNA,1.7006802721088436,0,,0.17620000000000002,-0.0127,0.38789999999999997,0.588,0,0,0,0,0,0,0,0,0,0,0,0,0
1138,2014,0,18.12,4.53,1.05,0.71,0.2013568391028851,6.42,6.19,54.16,66.86,0.13718277061752196,1.850722901039279,1.3585232846031632,0.3333333333333333,0.3333333333333333,34,BRNA,1.4956625785222855,0,0.0,0.1812,0.0453,0.5416,0.6686,0,0,0,0,0,0,0,0,0,0,0,0,0
1137,2015,0,17.63,-0.56,1.14,0.75,0.18703579354912675,5.36,5.45,36.98,44.85,0.11404063975477272,2.720974481708554,0.6692359439024441,0.3333333333333333,0.0,36,BRNA,2.229654403567447,0,0.0,0.17629999999999998,-0.005600000000000001,0.36979999999999996,0.4485,0,0,0,0,0,0,0,0,0,0,0,0,0
1136,2016,0,15.81,0.93,1.39,0.97,0.319393977784008,4.99,5.26,35.1,41.62,0.1054836162669884,3.0564344672685047,1.0473258812736315,0.3333333333333333,0.0,37,BRNA,2.402691013935608,0,0.0,0.15810000000000002,0.009300000000000001,0.35100000000000003,0.41619999999999996,0,0,0,0,0,0,0,0,0,0,0,0,0
1135,2017,0,7.45,-13.6,1.1,0.74,0.11048864151836779,4.23,5.15,40.61,48.33,-0.12909242884622021,2.8632631091954313,1.4232760879505264,0.42857142857142855,0.0,37,BRNA,2.069108214359611,0,0.0,0.0745,-0.136,0.4061,0.4833,0,0,0,0,0,0,0,0,0,0,0,0,0
1134,2018,0,6.4,-1.79,0.98,0.62,0.12841375296639032,4.09,4.63,36.08,44.15,0.06578270469573005,3.1897206696801246,1.0459910494912004,0.4,0.16666666666666666,38,BRNA,2.2650056625141564,0,0.0,0.064,-0.0179,0.3608,0.4415,0,0,0,0,0,0,0,0,0,0,0,0,0
1133,2019,0,5.34,-13.35,0.79,0.5,0.06924773674233828,4.29,4.26,38.82,47.95,-0.04716716463797577,3.03347700364408,1.057353334766416,0.0,0.0,40,BRNA,2.0855057351407713,0,0.0,0.053399999999999996,-0.1335,0.3882,0.47950000000000004,0,0,0,0,0,0,0,0,0,0,0,0,0
1132,2020,0,-0.21,-16.65,0.62,0.39,0.07931992150033859,5.15,5.45,40.91,51.19,-0.09227538090151664,2.680242511844437,1.532406366071583,0.6666666666666666,0.2,37,BRNA,1.953506544246923,0,0.0,-0.0021,-0.16649999999999998,0.40909999999999996,0.5119,0,0,0,0,0,0,0,0,0,0,0,0,0
1131,2021,0,1.25,-18.38,0.62,0.38,0.04379352802552867,5.45,6.37,37.26,46.94,-0.06684279772760547,2.649975610158656,1.369086800186489,0.5,0.0,38,BRNA,2.130379207498935,0,0.0,0.0125,-0.1838,0.3726,0.4694,0,0,0,0,0,0,0,0,0,0,0,0,0
1130,2022,0,2.91,-12.95,0.76,0.45,0.05082807524875692,5.52,6.32,42.72,52.63,-0.06589385205669591,2.1337239396036725,1.4572937437274784,0.5,0.0,34,BRNA,1.9000570017100513,0,0.0,0.0291,-0.1295,0.42719999999999997,0.5263,0,0,0,0,0,0,0,0,0,0,0,0,0
1129,2023,0,6.98,-8.11,1.05,0.67,0.1330107021835254,5.27,6.07,45.12,54.72,-0.022829577124554107,1.903159257864422,1.4929905262094074,0.3333333333333333,0.0,34,BRNA,1.827485380116959,0,0.0,0.0698,-0.08109999999999999,0.4512,0.5472,0,0,0,0,0,0,0,0,0,0,0,0,0
1163,2013,0,3.48,-0.82,1.35,0.88,0.4254011041622556,14.39,8.45,23.81,52.18,0.01002524845639171,2.683793511299902,0.22219667353153863,0.3333333333333333,0.3333333333333333,32,BRPT,1.9164430816404752,0,,0.0348,-0.008199999999999999,0.23809999999999998,0.5218,0,0,0,0,0,0,0,0,0,0,0,0,0
1162,2014,0,4.44,-0.06,1.4,0.95,0.4425283406374824,16.39,9.13,29.73,65.75,0.03161524470635498,2.3488912468613234,0.16249485663187865,0.5,0.3333333333333333,34,BRPT,1.5209125475285172,0,0.0,0.0444,-0.0006,0.2973,0.6575,0,0,0,0,0,0,0,0,0,0,0,0,0
1161,2015,0,11.73,0.25,1.25,0.85,0.3813472048185159,13.78,6.2,29.92,59.6,0.06317173394086555,2.4267801309270283,0.040349288322071096,0.42857142857142855,0.16666666666666666,36,BRPT,1.6778523489932886,0,0.0,0.1173,0.0025,0.2992,0.596,0,0,0,0,0,0,0,0,0,0,0,0,0
1160,2016,0,29.04,16.08,1.09,0.87,0.4237824767993737,14.07,7.41,26.25,51.07,0.2940445894776807,3.2994917413964897,0.3953633282893694,0.6666666666666666,0.0,37,BRPT,1.9580967299784608,0,0.0,0.2904,0.16079999999999997,0.2625,0.5107,0,0,0,0,0,0,0,0,0,0,0,0,0
1159,2017,0,30.79,13.33,1.11,0.95,0.5568936052803155,10.69,8.43,38.26,98.38,0.17809752331995585,2.038758330887598,0.8703556145616435,0.4,0.0,37,BRPT,1.0164667615368976,0,0.0,0.3079,0.1333,0.3826,0.9838,0,0,0,0,0,0,0,0,0,0,0,0,0
1158,2018,0,26.13,8.39,1.75,1.51,0.7261038505319194,10.16,8.53,37.69,98.23,0.15070782346001932,1.8518312668917374,1.094744021526779,0.3333333333333333,0.2,38,BRPT,1.0180189351521938,0,0.0,0.2613,0.0839,0.37689999999999996,0.9823000000000001,0,0,0,0,0,0,0,0,0,0,0,0,0
1157,2019,0,24.12,5.72,1.65,1.37,0.7525593889484323,7.78,6.25,35.3,92.01,0.0978403157157929,1.8298141549831632,3.5140396606213757,0.5,0.2857142857142857,40,BRPT,1.0868383871318334,0,0.0,0.2412,0.0572,0.353,0.9201,0,0,0,0,0,0,0,0,0,0,0,0,0
1156,2020,0,24.99,6.32,1.87,1.62,1.1190465796481426,7.92,5.99,37.45,97.38,0.09289338894428258,1.8141018900189447,2.4740959846423642,0.3333333333333333,0.25,37,BRPT,1.0269049086054631,0,0.0,0.24989999999999998,0.0632,0.37450000000000006,0.9738,0,0,0,0,0,0,0,0,0,0,0,0,0
1155,2021,0,24.87,9.38,3.15,2.81,2.2921313501346163,11.85,7.2,33.51,72.5,0.1258177364282297,2.1133915881880276,1.3167106114626974,0.3333333333333333,0.125,38,BRPT,1.3793103448275863,0,0.0,0.2487,0.09380000000000001,0.33509999999999995,0.725,0,0,0,0,0,0,0,0,0,0,0,0,0
1154,2022,0,15.05,1.09,3.7,3.27,2.543997205344265,10.52,7.06,42.93,106.68,0.04643982331110983,1.7839322303215348,1.2217767747917543,0.4,0.5,34,BRPT,0.9373828271466067,0,0.0,0.1505,0.0109,0.4293,1.0668,0,0,0,0,0,0,0,0,0,0,0,0,0
1153,2023,0,20.22,3.61,3.19,2.82,2.156590303095305,9.06,5.89,42.09,103.9,0.0573432524818708,1.8391280835224397,1.9696303579844676,0.3333333333333333,0.0,34,BRPT,0.9624639076034648,0,0.0,0.2022,0.0361,0.42090000000000005,1.0390000000000001,0,0,0,0,0,0,0,0,0,0,0,0,0
1187,2013,0,72.56,50.61,2.67,1.81,1.2310491380572606,59.34,0.44,18.13,30.51,0.3177537698647071,3.8417762757178995,1.6824915198273165,0.6666666666666666,0.3333333333333333,32,BSDE,3.277613897082923,0,,0.7256,0.5061,0.1813,0.30510000000000004,0,0,0,0,0,0,0,0,0,0,0,0,0
1186,2014,0,74.15,71.73,2.06,1.13,0.6489912952422922,45.66,0.34,14.97,22.9,0.26944405030494933,5.2551586414967275,1.7983122193561134,0.3333333333333333,0.0,34,BSDE,4.366812227074236,0,0.0,0.7415,0.7173,0.1497,0.22899999999999998,0,0,0,0,0,0,0,0,0,0,0,0,0
1185,2015,0,76.04,37.87,2.76,1.67,1.1099988799969667,41.48,0.26,21.89,35.72,0.2068115840645371,3.8191752717364587,1.561443218529893,0.5,0.25,36,BSDE,2.799552071668533,0,0.0,0.7604000000000001,0.3787,0.2189,0.35719999999999996,0,0,0,0,0,0,0,0,0,0,0,0,0
1184,2016,0,73.04,31.15,2.91,1.57,0.7380948186346105,22.58,0.26,19.89,31.33,0.19954488407944235,3.917988961329182,1.3807993315915712,0.0,0.16666666666666666,37,BSDE,3.191828917969997,0,0.0,0.7304,0.3115,0.1989,0.31329999999999997,0,0,0,0,0,0,0,0,0,0,0,0,0
1183,2017,0,75.0,50.15,2.37,1.33,0.8663703077746676,21.82,0.34,19.77,31.12,0.32666215878558924,4.178573420789795,1.1206476830811587,0.3333333333333333,0.0,37,BSDE,3.2133676092544983,0,0.0,0.75,0.5015,0.1977,0.31120000000000003,0,0,0,0,0,0,0,0,0,0,0,0,0
1182,2018,0,75.61,25.67,3.36,1.91,1.470524517451842,15.13,0.2,26.79,46.09,0.11175277336728201,2.9435408189807433,0.797526500093768,0.3333333333333333,0.0,38,BSDE,2.169668040789759,0,0.0,0.7561,0.25670000000000004,0.26789999999999997,0.46090000000000003,0,0,0,0,0,0,0,0,0,0,0,0,0
1181,2019,0,75.27,44.28,3.93,2.28,1.5833539705930715,23.27,0.19,24.58,39.87,0.13352939987892246,3.281560506235807,0.7183436761976123,0.5,0.25,40,BSDE,2.508151492350138,0,0.0,0.7526999999999999,0.4428,0.2458,0.3987,0,0,0,0,0,0,0,0,0,0,0,0,0
1180,2020,0,73.66,7.77,2.4,1.49,1.1348180060729585,26.41,0.16,28.13,49.67,0.08351824954597002,3.367660283247594,0.7523670917659868,0.3333333333333333,0.0,37,BSDE,2.01328769881216,0,0.0,0.7365999999999999,0.07769999999999999,0.2813,0.49670000000000003,0,0,0,0,0,0,0,0,0,0,0,0,0
1179,2021,0,66.44,20.1,2.59,1.51,1.0795956701318887,37.65,0.23,19.51,33.42,0.10279770665674122,3.4571101709882655,0.5957332159796951,0.4,0.0,38,BSDE,2.9922202274087373,0,0.0,0.6644,0.201,0.19510000000000002,0.3342,0,0,0,0,0,0,0,0,0,0,0,0,0
1178,2022,0,70.05,25.96,2.61,1.5,1.05351118565125,45.65,0.25,18.43,31.48,0.14985970629236206,3.4355137762051076,0.511957767591402,0.3333333333333333,0.0,34,BSDE,3.1766200762388817,0,0.0,0.7005,0.2596,0.1843,0.3148,0,0,0,0,0,0,0,0,0,0,0,0,0
1177,2023,0,58.96,19.58,2.47,1.27,0.9083955042399565,39.74,0.35,17.71,28.72,0.1287275804899769,4.0012049921898765,0.5549561845489764,0.3333333333333333,0.0,34,BSDE,3.481894150417827,0,0.0,0.5896,0.19579999999999997,0.1771,0.2872,0,0,0,0,0,0,0,0,0,0,0,0,0
1211,2013,0,19.76,2.83,0.49,0.24,0.012436675966907684,7.18,8.15,10.21,18.64,0.11410410603533339,18.59062405128531,4.795825544707576,0.3333333333333333,0.4,32,BSSR,5.364806866952789,0,,0.19760000000000003,0.028300000000000002,0.10210000000000001,0.1864,0,0,0,0,0,0,0,0,0,0,0,0,0
1210,2014,0,21.74,1.17,0.67,0.52,0.08244936875198704,11.06,13.18,20.97,39.08,0.08035758905812374,5.768682676395957,3.726578525563389,0.4,0.2857142857142857,34,BSSR,2.5588536335721597,0,0.0,0.21739999999999998,0.011699999999999999,0.2097,0.3908,0,0,0,0,0,0,0,0,0,0,0,0,0
1209,2015,0,34.15,10.18,0.84,0.72,0.26080384552237235,10.64,22.43,14.73,24.4,0.5456902818389576,8.788202841769985,2.0081972284874126,0.0,0.1,36,BSSR,4.098360655737705,0,0.0,0.34149999999999997,0.1018,0.14730000000000001,0.244,0,0,0,0,0,0,0,0,0,0,0,0,0
1208,2016,0,31.82,11.3,1.11,1.0,0.24820215106023516,8.19,28.48,12.98,18.75,0.6489440697641902,17.450145660440143,2.1523435577211147,0.3333333333333333,0.0,37,BSSR,5.333333333333333,0,0.0,0.3182,0.113,0.1298,0.1875,0,0,0,0,0,0,0,0,0,0,0,0,0
1207,2017,0,43.59,21.1,1.48,1.38,0.34054105248131833,9.09,41.04,1.69,2.37,1.8304620045058577,26.771242522845633,2.703172138210949,0.3333333333333333,0.0,37,BSSR,42.19409282700421,0,0.0,0.4359,0.21100000000000002,0.0169,0.023700000000000002,0,0,0,0,0,0,0,0,0,0,0,0,0
1206,2018,0,35.5,15.57,1.21,1.0,0.2413335415490446,8.44,26.62,9.28,15.13,0.9690557388059408,8.378775870002766,2.7991431963523765,0.5,0.0,38,BSSR,6.609385327164573,0,0.0,0.355,0.1557,0.0928,0.15130000000000002,0,0,0,0,0,0,0,0,0,0,0,0,0
1205,2019,0,26.42,7.29,1.21,1.01,0.1984376107724041,8.03,21.74,5.73,8.44,0.5553466015462974,11.580046870401215,2.0085988754145863,0.3333333333333333,0.25,40,BSSR,11.84834123222749,0,0.0,0.2642,0.0729,0.057300000000000004,0.08439999999999999,0,0,0,0,0,0,0,0,0,0,0,0,0
1204,2020,0,30.14,9.21,1.58,1.45,0.41801105852847725,6.23,23.21,3.9,5.4,0.608945449165758,16.71553522588476,1.651015412941568,0.4,0.25,37,BSSR,18.518518518518515,0,0.0,0.3014,0.09210000000000002,0.039,0.054000000000000006,0,0,0,0,0,0,0,0,0,0,0,0,0
1203,2021,0,50.86,29.67,1.6,1.48,0.9768999547265816,11.15,24.42,3.5,6.03,1.4598114805451505,20.404987630134016,2.96973093115956,0.3333333333333333,0.0,38,BSSR,16.58374792703151,0,0.0,0.5085999999999999,0.2967,0.035,0.0603,0,0,0,0,0,0,0,0,0,0,0,0,0
1202,2022,0,45.02,23.31,1.25,1.02,0.5111880053711794,15.56,19.44,2.04,3.75,1.5790011196410476,17.82474290800664,3.3089981783002003,0.5,0.0,34,BSSR,26.666666666666668,0,0.0,0.45020000000000004,0.23309999999999997,0.0204,0.0375,0,0,0,0,0,0,0,0,0,0,0,0,0
1201,2023,0,30.97,14.31,1.38,1.14,0.29684090594185686,14.89,20.75,1.36,2.28,1.3007870685128786,20.582466867840104,2.7054918509003443,0.25,0.0,34,BSSR,43.85964912280702,0,0.0,0.3097,0.1431,0.013600000000000001,0.022799999999999997,0,0,0,0,0,0,0,0,0,0,0,0,0
1235,2013,0,10.51,4.9,0.14,0.14,0.013667311259490812,28.45,2.64,37.67,167.56,-0.0009923474635242897,1.5475676200302935,20.163879864392797,0.42857142857142855,0.4444444444444444,32,BTEK,0.5968011458582001,0,,0.1051,0.049,0.37670000000000003,1.6756,0,0,0,0,0,0,0,0,0,0,0,0,0
1234,2014,0,21.36,-6.48,0.34,0.12,0.008569717106324069,15.82,2.31,28.93,162.94,-0.004917148829839567,1.332768429196059,17.69621263543081,0.3333333333333333,0.0,34,BTEK,0.6137228427642077,0,0.0,0.21359999999999998,-0.06480000000000001,0.2893,1.6294,0,0,0,0,0,0,0,0,0,0,0,0,0
1233,2015,0,13.71,0.26,0.49,0.3,0.04507047708069238,37.05,8.78,79.45,580.37,0.03826899350254534,1.245875032273874,4.534436631170627,0.3333333333333333,0.0,36,BTEK,0.17230387511415132,0,0.0,0.1371,0.0026,0.7945,5.8037,0,0,0,0,0,0,0,0,0,0,0,0,0
1232,2016,0,14.67,-12.15,0.6,0.44,0.01999344039614483,3.79,3.48,54.1,174.72,0.021692661885512925,1.6663292215077137,4.848895556347268,0.4,0.0,37,BTEK,0.5723443223443223,0,0.0,0.1467,-0.1215,0.541,1.7472,0,0,0,0,0,0,0,0,0,0,0,0,0
1231,2017,0,12.83,-4.83,1.01,0.55,0.018173260958885804,2.34,2.28,40.28,107.54,0.019779442028525992,1.8946201215278395,3.2596026498864865,0.5,0.5,37,BTEK,0.9298865538404314,0,0.0,0.1283,-0.0483,0.4028,1.0754000000000001,0,0,0,0,0,0,0,0,0,0,0,0,0
1230,2018,0,9.09,8.54,2.16,0.94,0.0062035461515559135,3.06,1.49,42.48,97.06,0.013503509030769757,1.9335690264323764,3.0707969115489666,0.6666666666666666,0.0,38,BTEK,1.030290541932825,0,0.0,0.0909,0.08539999999999999,0.42479999999999996,0.9706,0,0,0,0,0,0,0,0,0,0,0,0,0
1229,2019,0,3.17,-12.01,1.75,0.5,0.013204450087720388,4.54,1.09,42.64,99.01,-0.0010313282078543253,1.9272827355388453,1.0799298166988645,0.3333333333333333,0.3333333333333333,40,BTEK,1.00999899000101,0,0.0,0.0317,-0.1201,0.4264,0.9901000000000001,0,0,0,0,0,0,0,0,0,0,0,0,0
1228,2020,0,-34.73,-50.3,0.52,0.12,0.012120721525568073,13.48,3.5,51.0,129.58,-0.14811054596841466,1.7433916100286597,1.3919118705663116,0.5,0.0,37,BTEK,0.7717240314863405,0,0.0,-0.34729999999999994,-0.503,0.51,1.2958,0,0,0,0,0,0,0,0,0,0,0,0,0
1227,2021,0,-7.9,-72.49,0.37,0.15,0.017204163221100376,9.45,1.62,52.61,140.6,-0.015915839380203457,1.6782725795325237,1.4817429202409462,0.42857142857142855,0.16666666666666666,38,BTEK,0.7112375533428166,0,0.0,-0.079,-0.7249,0.5261,1.406,0,0,0,0,0,0,0,0,0,0,0,0,0
1226,2022,0,-7.7,-86.95,0.3,0.12,0.04093211364714375,7.95,3.06,63.03,217.05,-0.01395785510584932,1.4420819561895393,1.923560717473348,0.5,0.5,34,BTEK,0.46072333563695,0,0.0,-0.077,-0.8695,0.6303,2.1705,0,0,0,0,0,0,0,0,0,0,0,0,0
1225,2023,0,-3.06,-57.99,0.3,0.12,0.06607607593488721,23.58,5.19,62.71,229.8,-0.013745577984395446,1.4039969357631434,2.0905145862422754,0.5,0.5,34,BTEK,0.4351610095735422,0,0.0,-0.030600000000000002,-0.5799,0.6271,2.298,0,0,0,0,0,0,0,0,0,0,0,0,0
1259,2013,0,11.98,-11.25,1.08,0.85,0.05284380096836199,4.39,8.48,44.68,120.29,0.10423207015304249,2.8394341551812996,0.5047792476508861,0.3333333333333333,0.3333333333333333,32,BUDI,0.8313242996092776,0,,0.1198,-0.1125,0.4468,1.2029,0,0,0,0,0,0,0,0,0,0,0,0,0
1258,2014,0,12.14,34.46,1.05,0.76,0.04175779295050242,3.83,7.99,52.96,143.62,0.08467151137320762,2.476686057227484,0.4802017162405253,0.25,0.4,34,BUDI,0.6962818548948614,0,0.0,0.12140000000000001,0.3446,0.5296,1.4362000000000001,0,0,0,0,0,0,0,0,0,0,0,0,0
1257,2015,0,9.27,59.57,1.0,0.75,0.046743061707762476,3.28,6.74,43.52,128.59,0.05661909879289231,2.650631054984147,0.256445670539995,0.3333333333333333,0.0,36,BUDI,0.777665448324131,0,0.0,0.09269999999999999,0.5957,0.43520000000000003,1.2859,0,0,0,0,0,0,0,0,0,0,0,0,0
1256,2016,0,11.11,26.89,1.0,0.59,0.17112968639990614,3.89,5.33,45.76,115.15,0.0933035246841085,2.7233232101939473,0.3359818181654309,0.3333333333333333,0.25,37,BUDI,0.8684324793747287,0,0.0,0.11109999999999999,0.26890000000000003,0.4576,1.1515,0,0,0,0,0,0,0,0,0,0,0,0,0
1255,2017,0,13.85,25.12,1.01,0.57,0.06892545583958995,6.18,4.83,44.65,109.86,0.10472123322688101,2.6483850048981057,0.35408930592617394,0.3333333333333333,0.3333333333333333,37,BUDI,0.9102494083378846,0,0.0,0.13849999999999998,0.25120000000000003,0.4465,1.0986,0,0,0,0,0,0,0,0,0,0,0,0,0
1254,2018,0,13.22,29.69,1.0,0.54,0.05745181627629969,4.75,4.11,43.31,119.8,0.08951366630725374,2.7546567323044173,0.35214788513343837,0.6,0.2857142857142857,38,BUDI,0.8347245409015025,0,0.0,0.1322,0.2969,0.43310000000000004,1.198,0,0,0,0,0,0,0,0,0,0,0,0,0
1253,2019,0,12.68,23.7,1.01,0.57,0.02566850580187618,4.92,4.48,41.64,97.19,0.13519095639473674,3.2131502641348293,0.3605308011636031,0.3333333333333333,0.0,40,BUDI,1.0289124395513942,0,0.0,0.1268,0.237,0.4164,0.9719,0,0,0,0,0,0,0,0,0,0,0,0,0
1252,2020,0,12.99,3.2,1.14,0.67,0.0603884695501083,4.49,4.71,40.52,90.8,0.12020287033984195,3.3804959201457656,0.335203331997132,0.6666666666666666,0.25,37,BUDI,1.1013215859030838,0,0.0,0.12990000000000002,0.032,0.4052,0.9079999999999999,0,0,0,0,0,0,0,0,0,0,0,0,0
1251,2021,0,13.1,19.52,1.17,0.85,0.056065905206921354,4.51,6.7,37.9,81.76,0.1387182104749798,3.9286502685533993,0.5809396673913686,0.3333333333333333,0.0,38,BUDI,1.223091976516634,0,0.0,0.131,0.19519999999999998,0.379,0.8176000000000001,0,0,0,0,0,0,0,0,0,0,0,0,0
1250,2022,0,12.23,19.79,1.33,0.81,0.05611341510044413,3.89,6.04,39.67,87.12,0.1289894678626923,3.6827061778635066,0.7036313975420698,0.3333333333333333,0.0,34,BUDI,1.147842056932966,0,0.0,0.1223,0.1979,0.3967,0.8712000000000001,0,0,0,0,0,0,0,0,0,0,0,0,0
1249,2023,0,12.18,19.46,1.36,1.06,0.09350278107558357,3.86,6.94,39.53,82.67,0.1393356479255338,4.282135527849106,0.7859611925393084,0.375,0.0,34,BUDI,1.20962864400629,0,0.0,0.12179999999999999,0.1946,0.3953,0.8267,0,0,0,0,0,0,0,0,0,0,0,0,0
1283,2013,0,15.63,-87.92,1.86,1.83,1.5626274353261036,2.96,30.22,50.59,127.57,0.010407325513548702,1.8156699339414892,0.7144166345103136,0.3333333333333333,0.25,32,BULL,0.7838833581563065,0,,0.1563,-0.8792,0.5059,1.2756999999999998,0,0,0,0,0,0,0,0,0,0,0,0,0
1282,2014,0,22.0,-63.83,0.76,0.72,0.2480753537845549,7.04,28.44,47.02,117.53,0.03158496143142194,1.9846256895253767,0.9141789769983609,0.5,0.3333333333333333,34,BULL,0.8508465923593976,0,0.0,0.22,-0.6383,0.4702,1.1753,0,0,0,0,0,0,0,0,0,0,0,0,0
1281,2015,0,41.8,19.72,1.11,1.08,0.18983389172835902,2.1,21.7,37.46,75.72,0.14228428708152846,2.8367957882154413,0.11358084330548432,0.3333333333333333,0.0,36,BULL,1.3206550449022716,0,0.0,0.418,0.1972,0.3746,0.7572,0,0,0,0,0,0,0,0,0,0,0,0,0
1280,2016,0,29.82,0.95,1.1,1.06,0.5520249928341555,1.79,23.98,48.76,118.03,0.059688023278561125,2.022245173454289,0.22651418680891836,0.3333333333333333,0.0,37,BULL,0.8472422265525714,0,0.0,0.2982,0.0095,0.4876,1.1803,0,0,0,0,0,0,0,0,0,0,0,0,0
1279,2017,0,43.44,17.21,1.0,0.96,0.3644521212965635,3.59,16.54,41.89,82.46,0.13510433181209058,2.6678604026405854,0.31930461759117196,0.3333333333333333,0.0,37,BULL,1.212709192335678,0,0.0,0.43439999999999995,0.1721,0.4189,0.8245999999999999,0,0,0,0,0,0,0,0,0,0,0,0,0
1278,2018,0,39.31,17.39,1.32,1.28,0.5027965126292381,3.44,21.98,33.51,57.05,0.19352467760383413,3.679940447616165,0.3065119745471118,0.3333333333333333,0.6666666666666666,38,BULL,1.7528483786152498,0,0.0,0.3931,0.1739,0.33509999999999995,0.5705,0,0,0,0,0,0,0,0,0,0,0,0,0
1277,2019,0,42.3,20.91,1.54,1.49,0.4192919667176856,2.72,18.58,42.66,83.04,0.12998637849404993,2.562744832021071,0.4687203428043038,0.5,0.0,40,BULL,1.2042389210019266,0,0.0,0.423,0.2091,0.4266,0.8304,0,0,0,0,0,0,0,0,0,0,0,0,0
1276,2020,0,50.13,19.42,1.0,0.98,0.06119240328455203,2.99,26.39,52.06,123.15,0.18996071344043383,2.100543520578334,0.9182749212919031,0.75,0.0,37,BULL,0.8120178643930166,0,0.0,0.5013000000000001,0.1942,0.5206000000000001,1.2315,0,0,0,0,0,0,0,0,0,0,0,0,0
1275,2021,0,23.16,-128.98,0.39,0.35,0.03527737027364407,2.87,26.84,68.33,370.0,0.0653778459770109,1.4228426686197913,2.0179781070130747,0.5,0.16666666666666666,38,BULL,0.27027027027027023,0,0.0,0.2316,-1.2897999999999998,0.6833,3.7,0,0,0,0,0,0,0,0,0,0,0,0,0
1274,2022,0,21.53,-38.11,0.66,0.62,0.0737604280703859,2.93,14.86,49.74,157.41,0.036876905217855645,1.8381660575240748,1.3532333245264283,0.3333333333333333,0.0,34,BULL,0.6352836541515786,0,0.0,0.21530000000000002,-0.3811,0.4974,1.5741,0,0,0,0,0,0,0,0,0,0,0,0,0
1273,2023,0,43.01,18.79,0.7,0.65,0.028764861306613772,3.26,17.05,42.1,107.09,0.25946595367092096,2.3826473782574262,0.9595899638996499,0.4,0.0,34,BULL,0.9337940050424877,0,0.0,0.4301,0.18789999999999998,0.42100000000000004,1.0709,0,0,0,0,0,0,0,0,0,0,0,0,0
1307,2013,1,18.57,-18.61,0.41,0.37,0.009651271143102757,2.57,12.5,104.32557837746563,-2411.829569912695,0.02379744195782825,0.8828894464352638,-1.6861040913445056,0.5,0.3333333333333333,32,BUMI,-0.041462299512158254,1,,0.1857,-0.1861,1.0432557837746563,-24.118295699126953,0,0,0,0,0,0,0,0,0,0,0,0,0
1306,2014,1,3.08,-724.08,0.15,0.0,0.0013723550633792546,0.06,0.0,116.19707418058931,-717.3954560252663,-0.023008101937631576,-0.8154714747439703,-0.3173947099832509,0.3333333333333333,0.0,34,BUMI,-0.1393931326998509,1,1.0,0.0308,-7.2408,1.161970741805893,-7.173954560252663,0,1,0,1,1,0,0,0,0,0,0,0,3
1305,2015,1,98.52,-5395.38,0.1,0.0,0.0015504881827072834,0.07,0.0,185.5826547457282,-216.84610660554176,-0.001537326290734166,-2.5209543249430473,-0.045733230924740215,0.6,0.16666666666666666,36,BUMI,-0.46115653891774494,1,1.0,0.9852,-53.9538,1.8558265474572821,-2.1684610660554178,1,1,0,1,1,0,0,0,0,0,0,0,4
1304,2016,1,100.0,514.52,0.69,0.0,0.0036763473538729886,0.05,0.0,189.76792155177156,-211.3983684498335,-0.0009033315171803975,0.4563856166168585,-0.27144928964649223,0.5,0.4444444444444444,37,BUMI,-0.4730405477265109,1,1.0,1.0,5.1452,1.8976792155177156,-2.113983684498335,1,1,0,1,0,0,0,0,0,0,0,0,3
1303,2017,0,100.0,1397.77,0.57,0.55,0.031084159049003062,0.04,0.0,92.2534530341543,1190.8977437417873,-0.006094798907645173,1.1378206845504222,4.54430321403435,0.5,0.0,37,BUMI,0.08397026573062531,0,0.0,1.0,13.9777,0.9225345303415431,11.908977437417873,1,1,0,0,0,0,0,0,0,0,0,0,2
1302,2018,0,13.18,14.23,0.4,0.36,0.07638396167295516,4.16,24.52,87.10926588372784,675.7510091979052,0.011238652279212528,1.2244093658076582,0.9315691494001185,0.3333333333333333,0.4,38,BUMI,0.14798350078484795,0,0.0,0.1318,0.1423,0.8710926588372785,6.757510091979052,0,0,0,0,0,0,0,0,0,0,0,0,0
1301,2019,0,9.45,0.85,0.39,0.36,0.038070536299130125,3.76,26.33,86.22839788060847,626.1319281014655,0.01031791537229864,1.2524405243743322,0.6105587504791105,0.3333333333333333,0.3333333333333333,40,BUMI,0.1597107502618759,0,0.0,0.09449999999999999,0.0085,0.8622839788060846,6.261319281014655,0,0,0,0,0,0,0,0,0,0,0,0,0
1300,2020,0,11.63,-42.68,0.31,0.28,0.0432307691532932,2.87,25.07,96.13136701084801,2484.892396885662,-0.04060530049636139,1.0664104063761217,2.6379372519019317,0.5,0.0,37,BUMI,0.04024319126467243,0,0.0,0.11630000000000001,-0.4268,0.9613136701084801,24.84892396885662,0,0,0,0,0,0,0,0,0,0,0,0,0
1299,2021,0,20.01,22.16,0.27,0.26,0.07680387315014398,3.92,27.9,84.69509368659054,553.385247529314,0.03472202965864248,1.9232976959448886,0.5402171901066798,0.0,0.0,38,BUMI,0.18070593758411094,0,0.0,0.20010000000000003,0.2216,0.8469509368659054,5.53385247529314,0,0,0,0,0,0,0,0,0,0,0,0,0
1298,2022,0,20.25,31.61,0.84,0.8,0.1953994950484239,6.75,41.96,37.19967100460623,59.23483459351737,0.12759989658959298,4.774230358314053,1.362719818785212,0.42857142857142855,0.0,34,BUMI,1.688195817312942,0,0.0,0.2025,0.3161,0.37199671004606233,0.5923483459351737,0,0,0,0,0,0,0,0,0,0,0,0,0
1297,2023,0,8.17,1.93,0.83,0.81,0.10133958696060412,7.68,50.85,33.97625574480589,51.46066180899005,0.03934981445285207,5.7861604672682345,0.7388570783794405,0.5,0.0,34,BUMI,1.943231907338787,0,0.0,0.0817,0.019299999999999998,0.3397625574480589,0.5146066180899005,0,0,0,0,0,0,0,0,0,0,0,0,0
1331,2013,0,74.48,26.27,1.44,1.42,0.5253201648895084,1.91,20.79,43.51351654220096,77.03350231513322,0.14785596873218151,2.9051844252422447,2.2579664585795083,0.42857142857142855,0.0,32,BUVA,1.2981364860046747,0,,0.7448,0.2627,0.4351351654220096,0.7703350231513322,0,0,0,0,0,0,0,0,0,0,0,0,0
1330,2014,0,69.4,10.89,1.26,1.24,0.4771915329769804,1.43,21.25,47.145651579595125,89.19919171947286,0.0733176124809401,2.61886101796273,1.9321436221173953,0.3333333333333333,0.2,34,BUVA,1.1210863918419256,0,0.0,0.6940000000000001,0.10890000000000001,0.47145651579595127,0.8919919171947286,0,0,0,0,0,0,0,0,0,0,0,0,0
1329,2015,0,68.32,-20.53,0.65,0.64,0.16523883336691783,1.13,14.88,45.22803034154205,82.5751394802321,-0.004489848717266547,2.7990656368017013,1.3120706739629717,0.3333333333333333,0.2,36,BUVA,1.2110182390178015,0,0.0,0.6831999999999999,-0.2053,0.4522803034154205,0.825751394802321,0,0,0,0,0,0,0,0,0,0,0,0,0
1328,2016,0,61.22,5.36,1.15,1.14,0.2651946184459797,0.8,20.37,42.46662974195071,73.81217118296254,0.047703671466023286,3.2052583567701123,1.1349452446814259,0.5,0.0,37,BUVA,1.3547901165530567,0,0.0,0.6122,0.0536,0.4246662974195071,0.7381217118296255,0,0,0,0,0,0,0,0,0,0,0,0,0
1327,2017,0,64.55,-15.52,0.48,0.48,0.06166085984673446,0.58,20.52,47.95244974871812,92.13200144330922,0.0011688391588683554,4.494229587222407,1.0359859542327645,0.4,0.0,37,BUVA,1.085399192825873,0,0.0,0.6455,-0.1552,0.4795244974871812,0.9213200144330922,0,0,0,0,0,0,0,0,0,0,0,0,0
1326,2018,0,57.89,2.83,0.35,0.34,0.05398860071538838,1.31,24.97,43.52261262858947,77.06201482439872,0.050363644075015514,4.345322195332155,0.6049574677712292,0.3333333333333333,0.0,38,BUVA,1.2976561828531228,0,0.0,0.5789,0.028300000000000002,0.4352261262858947,0.7706201482439872,0,0,0,0,0,0,0,0,0,0,0,0,0
1325,2019,0,56.07,-18.51,0.28,0.27,0.03911304191279541,2.0,23.38,46.836228286667854,88.09801633190463,-0.02311934003077761,4.779138273425697,0.22624492920023367,0.3333333333333333,0.0,40,BUVA,1.1350993378018328,0,0.0,0.5607,-0.18510000000000001,0.4683622828666785,0.8809801633190463,0,0,0,0,0,0,0,0,0,0,0,0,0
1324,2020,0,45.57,-1751.83,0.08,0.08,0.0016513385409836175,0.31,6.25,79.72583619576005,393.23859156690304,-0.053626962009893316,5.2976508019657675,0.8114144860351511,0.3333333333333333,0.14285714285714285,37,BUVA,0.2542985407447902,0,0.0,0.4557,-17.5183,0.7972583619576006,3.9323859156690304,0,1,0,0,1,0,0,0,0,0,0,0,2
1323,2021,0,55.29,-587.75,0.04,0.04,0.0024631661830971387,0.62,28.35,98.04648644086984,5018.9816181530405,-0.05411237395353414,2.1620026901143574,11.230078405088127,0.3333333333333333,0.16666666666666666,38,BUVA,0.019924360678730577,0,0.0,0.5529,-5.8775,0.9804648644086984,50.189816181530404,0,0,0,0,0,0,0,0,0,0,0,0,0
1322,2022,0,70.38,-88.02,0.05,0.05,0.0033178711007761917,3.06,44.57,112.55207304404995,-896.6811509864735,-0.004383381160265413,-11.235415006588777,-1.7658528458842946,0.3333333333333333,0.2,34,BUVA,-0.11152236209045562,1,0.0,0.7038,-0.8802,1.1255207304404995,-8.966811509864735,0,0,0,0,0,0,0,0,0,0,0,0,0
1321,2023,0,70.76,4.61,0.85,0.83,0.42229228658127554,6.02,33.27,44.02114729975978,78.63888803775157,0.03578283183870682,3.0168655911091515,1.3134722065815438,0.3333333333333333,0.0,34,BUVA,1.2716354782635502,0,0.0,0.7076,0.0461,0.44021147299759783,0.7863888803775158,0,0,0,0,0,0,0,0,0,0,0,0,0
1355,2013,0,24.74,-1.63,1.0,0.51,0.2737778090296145,13.5,3.17,38.46,120.96,0.032642432301276336,1.631084400697662,2.5832982277556797,0.3333333333333333,0.0,32,BWPT,0.8267195767195767,0,,0.24739999999999998,-0.0163,0.3846,1.2096,0,0,0,0,0,0,0,0,0,0,0,0,0
1354,2014,0,27.78,8.6,0.52,0.29,0.058516402737337526,6.79,2.47,44.82,105.67,0.03756508033531539,2.0977551197138853,1.8152695146509323,0.3333333333333333,0.0,34,BWPT,0.9463423866754992,0,0.0,0.2778,0.086,0.4482,1.0567,0,0,0,0,0,0,0,0,0,0,0,0,0
1353,2015,0,21.46,-6.78,0.7,0.56,0.3240026487438796,5.12,3.34,51.43,135.78,0.021441853462049642,1.9435808592326163,0.653922402135004,0.0,0.3333333333333333,36,BWPT,0.7364854912358226,0,0.0,0.2146,-0.0678,0.5143,1.3578000000000001,0,0,0,0,0,0,0,0,0,0,0,0,0
1352,2016,0,23.35,-15.4,0.58,0.34,0.054630042532777943,5.08,3.49,52.15,135.41,0.024492549562942844,1.820709332450139,1.3799853108171407,0.5,0.0,37,BWPT,0.7384978952809985,0,0.0,0.2335,-0.154,0.5215,1.3540999999999999,0,0,0,0,0,0,0,0,0,0,0,0,0
1351,2017,0,25.25,-6.17,0.5,0.27,0.03208810581323585,7.25,3.8,50.8,131.39,0.041257778778269125,1.860060901527321,0.9221804329709595,0.5,0.0,37,BWPT,0.7610929294466855,0,0.0,0.2525,-0.0617,0.508,1.3138999999999998,0,0,0,0,0,0,0,0,0,0,0,0,0
1350,2018,0,13.23,-15.0,0.59,0.28,0.007262742146302802,6.2,3.45,50.98,142.09,-0.004377838300749599,1.7831508323995464,0.8915906305297087,0.3333333333333333,0.2,38,BWPT,0.7037792948131466,0,0.0,0.1323,-0.15,0.5097999999999999,1.4209,0,0,0,0,0,0,0,0,0,0,0,0,0
1349,2019,0,0.39,-46.46,0.66,0.41,0.013259608266236636,4.27,3.27,58.63,200.75,-0.042952811648445624,1.5276070392071468,1.07288291861432,0.4,0.2,40,BWPT,0.4981320049813201,0,0.0,0.0039000000000000003,-0.4646,0.5863,2.0075,0,0,0,0,0,0,0,0,0,0,0,0,0
1348,2020,0,2.53,-50.41,0.92,0.82,0.008216459991751633,4.04,3.86,49.62,214.29,-0.02479454240976633,1.534304583126132,1.301631584546063,0.375,0.0,37,BWPT,0.4666573335199963,0,0.0,0.0253,-0.5041,0.4962,2.1429,0,0,0,0,0,0,0,0,0,0,0,0,0
1347,2021,0,22.26,-48.23,0.59,0.4,0.041771088011936214,7.76,4.2,60.09,351.72,0.030796946178437572,1.2947929074610616,1.1336594062465983,0.3333333333333333,0.16666666666666666,38,BWPT,0.2843170703969066,0,0.0,0.22260000000000002,-0.48229999999999995,0.6009,3.5172000000000003,0,0,0,0,0,0,0,0,0,0,0,0,0
1346,2022,0,22.74,0.28,0.55,0.28,0.03714530158277485,13.5,4.63,57.75,344.41,0.0658273969977172,1.3023235918522433,0.9997565014980657,0.4,0.16666666666666666,34,BWPT,0.29035161580674196,0,0.0,0.2274,0.0028000000000000004,0.5775,3.4441,0,0,0,0,0,0,0,0,0,0,0,0,0
1345,2023,0,24.75,3.8,0.37,0.19,0.008964485630151278,11.27,4.03,50.16,233.08,0.08597903392909874,1.4893081409952276,0.7767861623052178,0.5,0.0,34,BWPT,0.42903724043246955,0,0.0,0.2475,0.038,0.5015999999999999,2.3308,0,0,0,0,0,0,0,0,0,0,0,0,0
1379,2013,0,14.24,-4.81,1.1,0.75,0.420392014586813,14.51,5.73,71.28896997584141,248.29819729858548,0.03847008713874204,1.656232044259633,5.1627205217659045,0.5,0.0,32,BYAN,0.40274154660795713,0,,0.1424,-0.0481,0.7128896997584141,2.4829819729858547,0,0,0,0,0,0,0,0,0,0,0,0,0
1378,2014,0,11.71,-22.82,0.62,0.46,0.1543547070107303,13.18,6.23,78.00278430716642,354.6029888345315,-0.009172320442392442,1.659727202545138,6.9704391577165445,0.4,0.0,34,BYAN,0.28200551926724743,0,0.0,0.11710000000000001,-0.22820000000000001,0.7800278430716642,3.546029888345315,0,0,0,0,0,0,0,0,0,0,0,0,0
1377,2015,0,26.4,-17.59,1.89,1.28,0.6046007034904872,7.5,3.91,81.64315212525392,444.75583543527773,0.03397117537195064,1.2793197164350205,11.064908324947385,0.3333333333333333,0.0,36,BYAN,0.22484246868201535,0,0.0,0.264,-0.1759,0.8164315212525391,4.447558354352777,0,0,0,0,0,0,0,0,0,0,0,0,0
1376,2016,0,37.88,3.24,2.55,2.04,0.6793167816321155,8.24,5.11,77.18515614501979,338.3111304010576,0.18497665850220224,1.3429944210637437,7.891434402259943,0.3333333333333333,0.25,37,BYAN,0.2955859001193754,0,0.0,0.3788,0.032400000000000005,0.7718515614501978,3.383111304010576,0,0,0,0,0,0,0,0,0,0,0,0,0
1375,2017,0,51.86,31.67,1.02,0.75,0.19385447550429738,12.86,7.95,41.989626863568716,72.38296289657656,1.1827433770398759,8.306285657550514,5.051829780193991,0.4,0.0,37,BYAN,1.3815405725085292,0,0.0,0.5186,0.31670000000000004,0.4198962686356872,0.7238296289657655,0,0,0,0,0,0,0,0,0,0,0,0,0
1374,2018,0,50.51,31.27,1.24,0.93,0.576965626936202,16.24,8.07,41.081622309775376,69.72632974684126,1.4547329718418236,9.972686152140183,6.712726462041262,0.3333333333333333,0.0,38,BYAN,1.4341784568766895,0,0.0,0.5051,0.3127,0.4108162230977538,0.6972632974684125,0,0,0,0,0,0,0,0,0,0,0,0,0
1373,2019,0,35.17,16.83,0.89,0.53,0.30035876019296914,12.41,5.45,51.56019346663343,106.44178240290343,0.4891432552878643,8.934597989766514,6.150207488947363,0.75,0.0,40,BYAN,0.9394806977346547,0,0.0,0.3517,0.16829999999999998,0.5156019346663343,1.0644178240290343,0,0,0,0,0,0,0,0,0,0,0,0,0
1372,2020,0,33.18,24.69,3.25,2.88,1.621535115206688,10.06,6.27,46.80863959635736,88.00045579047048,0.3886163296010898,2.652145303436408,4.26441956993225,0.4,0.25,37,BYAN,1.1363577506700704,0,0.0,0.3318,0.2469,0.4680863959635736,0.8800045579047048,0,0,0,0,0,0,0,0,0,0,0,0,0
1371,2021,0,61.23,44.38,3.13,2.93,2.164562364315741,15.04,12.45,23.454121613511695,30.640606794123297,2.948554922165044,16.810922267231817,3.3867233847584672,0.3333333333333333,0.0,38,BYAN,3.2636429386633248,0,0.0,0.6123,0.44380000000000003,0.23454121613511694,0.306406067941233,0,0,0,0,0,0,0,0,0,1,0,0,1
1370,2022,0,67.18,48.93,1.31,1.25,0.9974644866473614,15.1,14.84,49.42817514331989,97.73856348549552,1.4388939669807363,17.816935049839334,22.539422875339824,0.3333333333333333,0.16666666666666666,34,BYAN,1.023137607448467,0,0.0,0.6718000000000001,0.4893,0.4942817514331989,0.9773856348549552,0,0,0,0,0,0,0,0,0,0,0,0,0
1369,2023,0,46.47,35.73,1.42,1.27,0.5490482122773206,9.76,11.98,42.54836055560992,74.05943671423736,1.0846277819600139,16.593100370290962,21.77440285281224,0.3333333333333333,0.2857142857142857,34,BYAN,1.3502668186075437,0,0.0,0.4647,0.35729999999999995,0.42548360555609915,0.7405943671423736,0,0,0,0,0,0,0,0,0,0,0,0,0
1403,2013,0,93.95,18.95,1.53,1.47,0.38463638617974766,5.64,4.81,20.21,45.31,0.6417990571765336,3.124118581159514,4.186700868539957,0.5,0.0,32,CASS,2.2070183182520413,0,,0.9395,0.1895,0.2021,0.4531,0,0,0,0,0,0,0,0,0,0,0,0,0
1402,2014,0,94.31,17.86,1.69,1.64,0.43092082419455474,4.96,4.69,23.27,51.58,0.583842352497882,3.01915937787116,5.328321142989697,0.3333333333333333,0.0,34,CASS,1.9387359441644048,0,0.0,0.9431,0.17859999999999998,0.2327,0.5158,0,0,0,0,0,0,0,0,0,0,0,0,0
1401,2015,0,94.63,17.99,2.23,2.19,0.37049444878252025,3.52,5.23,24.02,55.05,0.5736452961881594,2.838811525191181,4.223103029569659,0.375,0.14285714285714285,36,CASS,1.8165304268846503,0,0.0,0.9462999999999999,0.17989999999999998,0.2402,0.5505,0,0,0,0,0,0,0,0,0,0,0,0,0
1400,2016,0,95.76,16.67,2.23,2.2,0.22403949365299042,3.07,4.78,24.49,50.75,0.5089106407955944,3.1758153571353946,2.4824887173174357,0.6666666666666666,0.3333333333333333,37,CASS,1.9704433497536948,0,0.0,0.9576,0.16670000000000001,0.24489999999999998,0.5075,0,0,0,0,0,0,0,0,0,0,0,0,0
1399,2017,0,95.08,15.7,1.33,1.31,0.2174455417074039,4.49,6.6,26.73,63.81,0.45422368112662276,2.6577318172088624,2.351946485655318,1.0,0.0,37,CASS,1.567152483936687,0,0.0,0.9508,0.157,0.2673,0.6381,0,0,0,0,0,0,0,0,0,0,0,0,0
1398,2018,0,94.64,7.18,1.13,1.11,0.26138067143419536,6.15,6.57,25.64,64.95,0.28146081849256216,2.878044002115863,1.9321393736764692,0.375,0.09090909090909091,38,CASS,1.5396458814472669,0,0.0,0.9464,0.0718,0.2564,0.6495000000000001,0,0,0,0,0,0,0,0,0,0,0,0,0
1397,2019,0,94.59,-0.2,0.81,0.79,0.3181605359200922,6.15,5.93,20.48,56.07,0.4253727040968381,4.093074422781048,2.196632837726342,0.5,0.25,40,CASS,1.7834849295523454,0,0.0,0.9459000000000001,-0.002,0.2048,0.5607,0,0,0,0,0,0,0,0,0,0,0,0,0
1396,2020,0,88.59,-4.94,0.63,0.62,0.32086641349085454,4.27,8.24,19.82,64.8,-0.053872044071746596,3.5815756418344784,1.240577492541914,0.3333333333333333,0.16666666666666666,37,CASS,1.5432098765432098,0,0.0,0.8859,-0.049400000000000006,0.19820000000000002,0.648,0,0,0,0,0,0,0,0,0,0,0,0,0
1395,2021,0,91.33,10.1,0.83,0.81,0.5045273541415376,6.14,8.8,10.75,29.01,0.14118337739786896,5.0520356808163545,1.6732325308883087,0.4,0.2,38,CASS,3.447087211306446,0,0.0,0.9133,0.10099999999999999,0.1075,0.2901,0,0,0,0,0,0,0,0,0,0,0,0,0
1394,2022,0,91.41,17.79,1.01,0.98,0.46031912193053853,5.78,9.92,5.68,12.55,0.35470246486116613,5.784272271016311,1.1384164707394182,0.3333333333333333,0.25,34,CASS,7.968127490039841,0,0.0,0.9140999999999999,0.1779,0.056799999999999996,0.1255,0,0,0,0,0,0,0,0,0,0,0,0,0
1393,2023,0,92.01,19.55,1.34,1.31,0.597596179840774,5.12,9.2,4.47,8.31,0.5231195918712478,9.023095693259352,1.8192600355666448,0.4,0.5,34,CASS,12.033694344163656,0,0.0,0.9201,0.1955,0.0447,0.08310000000000001,0,0,0,0,0,0,0,0,0,0,0,0,0
1427,2013,0,8.89,2.57,1.63,0.93,0.057061141851676975,11.21,6.82,50.611307878597366,102.47549733487458,0.2714615663768032,24.593462106062926,0.6532583278923104,0.3333333333333333,0.0,32,CEKA,0.9758430317563132,0,,0.0889,0.025699999999999997,0.5061130787859737,1.0247549733487458,0,0,0,0,0,0,0,0,0,0,0,0,0
1426,2014,0,6.05,1.11,1.47,0.8,0.03856039014149053,12.35,8.27,58.13953537442648,138.88889168924243,0.15398112000361017,20.254786225886466,0.8301535242497463,0.3333333333333333,0.0,34,CEKA,0.7199999854829675,0,0.0,0.0605,0.0111,0.5813953537442648,1.3888889168924243,0,0,0,0,0,0,0,0,0,0,0,0,0
1425,2015,0,8.57,3.06,1.53,1.01,0.013252353748912616,8.57,7.08,56.93348858401235,132.1989794691533,0.23215697909249908,22.71972940095472,0.6276434922269344,0.4,0.4,36,CEKA,0.7564354914202158,0,0.0,0.0857,0.030600000000000002,0.5693348858401235,1.321989794691533,0,0,0,0,0,0,0,0,0,0,0,0,0
1424,2016,0,10.57,6.07,2.19,1.09,0.04101321137226268,10.54,7.5,37.731947032250915,60.595996235491214,0.5938925306894937,27.242440845888638,0.9046421942461519,0.5,0.0,37,CEKA,1.6502740479977418,0,0.0,0.1057,0.060700000000000004,0.3773194703225091,0.6059599623549121,0,0,0,0,0,0,0,0,0,0,0,0,0
1423,2017,0,6.68,2.52,2.22,1.29,0.028837446495185267,14.88,8.18,35.155783791496205,54.215758701522866,0.3292428002970349,20.974797040339393,0.8499584084477395,0.5,0.0,37,CEKA,1.8444821652415815,0,0.0,0.0668,0.0252,0.35155783791496203,0.5421575870152286,0,0,0,0,0,0,0,0,0,0,0,0,0
1422,2018,0,7.56,2.55,5.11,3.01,0.006383111305186753,12.52,8.97,16.4513001202483,19.690671601227123,0.7037536904629659,29.680326904419307,0.8376870226666389,0.5,0.0,38,CEKA,5.0785469396466905,0,0.0,0.0756,0.0255,0.164513001202483,0.19690671601227122,0,0,0,0,0,0,0,0,0,0,0,0,0
1421,2019,0,11.71,6.9,4.8,3.62,1.6470863788732009,9.62,9.26,18.791808890611485,23.14028749304201,1.0500306058511242,29.753701978136963,0.8783299371810952,0.3333333333333333,0.0,40,CEKA,4.321467485227602,0,0.0,0.11710000000000001,0.069,0.18791808890611483,0.2314028749304201,0,0,0,0,0,0,0,0,0,0,0,0,0
1420,2020,0,9.22,5.0,4.66,3.46,1.626434038853611,9.36,11.22,19.529197955448936,24.26867566796698,0.6782367241031825,37.73644524348143,0.8424386196167528,0.3333333333333333,0.0,37,CEKA,4.120537987657615,0,0.0,0.0922,0.05,0.19529197955448935,0.24268675667966982,0,0,0,0,0,0,0,0,0,0,0,0,0
1419,2021,0,6.75,3.49,4.8,3.33,0.8297271538209422,10.91,13.47,18.264555904641362,22.345943191221394,0.7372268951466341,52.54546189970874,0.8062755060205395,0.5,0.16666666666666666,38,CEKA,4.4750852154356595,0,0.0,0.0675,0.0349,0.18264555904641364,0.22345943191221396,0,0,0,0,0,0,0,0,0,0,0,0,0
1418,2022,0,6.85,3.59,9.95,7.31,0.8490855423440928,8.7,14.61,9.79141083056083,10.854189075243802,1.661462385632863,54.06991516057902,0.7600434949196023,0.4,0.2,34,CEKA,9.213032802982921,0,0.0,0.06849999999999999,0.0359,0.0979141083056083,0.10854189075243802,0,0,0,0,0,0,0,0,0,0,0,0,0
1417,2023,0,6.12,2.42,7.29,5.97,2.7224622282334674,8.61,18.2,13.269979805625864,15.300330584365113,0.752849867959122,48.93758389247111,0.6684433927708195,0.5,0.0,34,CEKA,6.535806494415657,0,0.0,0.061200000000000004,0.0242,0.13269979805625864,0.15300330584365113,0,0,0,0,0,0,0,0,0,0,0,0,0
1451,2013,0,35.3,-35.52,1.63,1.63,0.4176015868972945,7.15,364.09,12.065830066722608,13.721435109597419,-0.33899051891371523,26.2492752859058,2.434189825113246,0.3333333333333333,0.0,32,CENT,7.287867427952582,0,,0.353,-0.3552,0.12065830066722608,0.13721435109597419,0,0,0,0,0,0,0,0,0,0,0,0,0
1450,2014,0,17.66,-54.82,0.54,0.0,0.22443193784192253,4.3,0.0,25.74588387253765,34.67266895746101,-0.10260105350754341,10.870388242877036,2.1460964333534442,0.75,0.2,34,CENT,2.884116020104693,0,0.0,0.1766,-0.5482,0.2574588387253765,0.3467266895746101,0,0,0,1,0,0,0,0,0,0,0,0,1
1449,2015,0,69.64,-50.85,4.67,0.0,4.0568288153534855,5.07,0.0,16.66008413821306,19.990521907704547,-0.17140855745947667,9.295492970383046,1.2057500562512282,0.6,0.6666666666666666,36,CENT,5.002370646534196,0,0.0,0.6964,-0.5085000000000001,0.16660084138213058,0.19990521907704548,0,0,0,1,0,0,0,0,0,0,0,0,1
1448,2016,0,71.61,-21.19,1.44,0.0,1.0111199465901632,5.06,0.0,21.101833311864432,26.74565734242549,-0.07346537998011278,9.075568896563574,3.576859931856768,0.3333333333333333,0.0,37,CENT,3.7389247427983117,0,0.0,0.7161,-0.2119,0.21101833311864432,0.2674565734242549,0,0,0,1,0,0,0,0,0,0,0,0,1
1447,2017,0,21.8,-16.82,1.04,1.02,0.49896021411585645,5.44,0.0,33.96609664203469,51.437360075334006,-0.004154658352546636,4.759253700530302,0.8404920941405573,0.3333333333333333,0.2857142857142857,37,CENT,1.944112214420457,0,0.0,0.218,-0.16820000000000002,0.33966096642034693,0.51437360075334,0,0,0,0,0,0,0,0,0,0,0,0,0
1446,2018,0,50.27,4.45,1.21,1.19,0.5852715765690591,2.94,28.2,41.651153313917156,71.38299328862595,0.10183326432811199,3.1859983251171986,0.88262137917552,0.3333333333333333,0.2,38,CENT,1.400893901936357,0,0.0,0.5027,0.044500000000000005,0.41651153313917155,0.7138299328862595,0,0,0,0,0,0,0,0,0,0,0,0,0
1445,2019,0,51.88,1.07,1.02,1.02,0.5461533133170432,2.42,37.34,47.37568040969894,90.02620989408577,0.10777494452310503,3.0675208611069964,0.7550495797859426,0.3333333333333333,0.0,40,CENT,1.110787626377343,0,0.0,0.5188,0.010700000000000001,0.4737568040969894,0.9002620989408576,0,0,0,0,0,0,0,0,0,0,0,0,0
1444,2020,0,52.69,-46.46,0.22,0.22,0.11084366699923827,2.73,49.81,67.60139690474159,208.65528277864288,0.07465601947022286,15.203274223391906,1.7914723260829724,0.5,0.0,37,CENT,0.479259373011358,0,0.0,0.5268999999999999,-0.4646,0.676013969047416,2.086552827786429,0,0,0,0,0,0,0,0,0,0,0,0,0
1443,2021,0,51.52,-26.34,1.38,1.37,0.7387763042702895,2.48,56.09,89.60549788007287,862.0470403127015,0.021860461314678347,1.1235185868752982,3.515444766676531,0.4,0.16666666666666666,38,CENT,0.11600295033055934,0,0.0,0.5152,-0.2634,0.8960549788007287,8.620470403127015,0,0,0,0,0,0,0,0,0,0,0,0,0
1442,2022,0,47.08,-107.18,1.42,1.41,0.7951048245501443,3.72,144.88,102.9472441960616,-3493.00015022948,0.03774286156661162,0.9688498619681668,-5.895322240208499,0.3333333333333333,0.3333333333333333,34,CENT,-0.028628684712031945,1,0.0,0.4708,-1.0718,1.029472441960616,-34.9300015022948,0,0,0,0,0,0,0,0,0,0,0,1,1
1441,2023,1,47.66,-33.47,0.72,0.72,0.14425756417342472,3.29,169.86,107.31483725503904,-1467.084413684148,0.03810059452669418,0.9245511077092397,-1.1699444319384102,0.25,0.2857142857142857,34,CENT,-0.06816240365397899,1,1.0,0.47659999999999997,-0.3347,1.0731483725503903,-14.670844136841481,0,0,0,0,0,0,0,0,0,0,0,0,0
1475,2013,0,53.5,16.65,1.91,1.28,0.8794361039628437,14.1,4.1,44.39601225181899,79.84321637663717,0.5630885757983849,4.880091802928167,0.6265081900061065,0.5,0.0,32,CITA,1.2524545545394747,0,,0.535,0.16649999999999998,0.4439601225181899,0.7984321637663717,0,0,0,0,0,0,0,0,0,0,0,0,0
1474,2014,0,42.05,-229.16,1.52,0.72,0.6832785339578634,0.77,0.15,41.05009443699829,69.6355558926667,-0.041407822906735364,5.087678676634389,1.926399495901639,0.6666666666666666,0.25,34,CITA,1.4360479889632212,0,0.0,0.4205,-2.2916,0.4105009443699829,0.696355558926667,0,0,0,0,0,0,0,0,0,0,0,0,0
1473,2015,0,20.63,-2454.12,0.59,0.09,0.024788132535158,0.73,0.02,53.789163045401025,116.39945647002146,-0.05076802798574293,5.298250496272853,2.4523209004214457,0.3333333333333333,0.0,36,CITA,0.8591105408276102,0,0.0,0.20629999999999998,-24.5412,0.5378916304540102,1.1639945647002146,0,1,0,0,0,0,0,0,0,0,0,0,1
1472,2016,0,27.19,-54.54,1.16,0.39,0.09536177712901454,4.58,0.62,64.68255677769086,183.14620446862,-0.010026430948561059,1.9062100009115177,3.1507790724985973,0.2857142857142857,0.14285714285714285,37,CITA,0.5460118613439999,0,0.0,0.27190000000000003,-0.5454,0.6468255677769086,1.8314620446862,0,0,0,0,0,0,0,0,0,0,0,0,0
1471,2017,0,32.89,6.56,0.54,0.23,0.019598810570346497,3.4,0.98,65.85476903473602,192.86666738828106,-0.006043954510639713,3.6430387052671973,2.61698758604286,0.5555555555555556,0.0,37,CITA,0.518492911990225,0,0.0,0.3289,0.06559999999999999,0.6585476903473603,1.9286666738828107,0,0,0,0,0,0,0,0,0,0,0,0,0
1470,2018,0,45.14,33.02,0.46,0.16,0.027274516359983767,10.46,2.57,54.11765785478438,117.94876923053208,0.16938029081736167,4.751600964699589,4.135607850665955,0.5,0.25,38,CITA,0.8478257183383489,0,0.0,0.4514,0.33020000000000005,0.5411765785478438,1.1794876923053208,0,0,0,0,0,0,0,0,0,0,0,0,0
1469,2019,0,49.89,16.89,0.68,0.41,0.08712812393250449,15.52,4.93,47.83671600843248,91.70572162627941,0.35198196681295724,5.8325836716935315,2.928621660058477,0.3333333333333333,0.0,40,CITA,1.0904445025526495,0,0.0,0.4989,0.1689,0.47836716008432484,0.9170572162627941,0,0,0,0,0,0,0,0,0,0,0,0,0
1468,2020,0,49.83,14.96,2.1,0.84,0.32505677597795846,13.9,3.83,16.467699922601724,19.714170335718396,1.0439612265703704,41.395908375241014,3.400025439873429,0.3333333333333333,0.0,37,CITA,5.072493455066616,0,0.0,0.49829999999999997,0.1496,0.16467699922601725,0.19714170335718395,0,0,0,0,0,0,0,0,0,0,0,0,0
1467,2021,0,43.56,12.41,2.21,1.24,0.3011916878953431,12.05,4.01,14.753367306884007,17.30668630635025,0.5543656869652089,47.271308331057845,3.4742765889164056,0.3333333333333333,0.25,38,CITA,5.778113627870376,0,0.0,0.43560000000000004,0.1241,0.14753367306884008,0.1730668630635025,0,0,0,0,0,0,0,0,0,0,0,0,0
1466,2022,0,40.94,16.69,1.81,0.93,0.4341087843748307,12.86,5.22,16.064834513674594,19.13957567200109,0.31115279960995645,62.89780347203853,3.145054930721985,0.5,0.0,34,CITA,5.224776228779619,0,0.0,0.4094,0.16690000000000002,0.16064834513674595,0.1913957567200109,0,0,0,0,0,0,0,0,0,0,0,0,0
1465,2023,0,35.04,21.82,2.22,1.14,0.7616344565869536,10.94,3.0,11.292953539397656,12.730616100957908,0.4217800889001898,71.24641234149752,1.5134502394045122,0.4,0.0,34,CITA,7.855079377696068,0,0.0,0.3504,0.2182,0.11292953539397656,0.1273061610095791,0,0,0,0,0,0,0,0,0,0,0,0,0
1499,2013,0,13.07,2.68,1.53,0.96,0.04934393361918374,3.08,4.16,37.71,86.7,0.1887098709931137,13.65997226295762,0.6739682080110955,0.6666666666666666,0.0,32,CLPI,1.1534025374855825,0,,0.1307,0.0268,0.3771,0.867,0,0,0,0,0,0,0,0,0,0,0,0,0
1498,2014,0,16.17,7.59,1.95,1.2,0.05595612712388422,2.95,3.83,21.89,36.21,0.35822819441143827,54.52293498074495,0.7622036637345633,0.375,0.14285714285714285,34,CLPI,2.7616680475006903,0,0.0,0.1617,0.0759,0.2189,0.36210000000000003,0,0,0,0,0,0,0,0,0,0,0,0,0
1497,2015,0,17.39,6.33,2.62,1.83,0.2765187838846399,2.73,3.83,17.07,24.56,0.3734591475351067,32.0447310526476,0.5228328833863279,0.3333333333333333,0.5,36,CLPI,4.071661237785016,0,0.0,0.1739,0.0633,0.1707,0.24559999999999998,0,0,0,0,0,0,0,0,0,0,0,0,0
1496,2016,0,20.39,9.75,3.25,2.37,0.8314897772069744,3.02,4.41,9.26,12.25,0.6290477011449784,38.542119957194096,0.6787484050813054,0.3333333333333333,0.0,37,CLPI,8.16326530612245,0,0.0,0.2039,0.0975,0.0926,0.1225,0,0,0,0,0,0,0,0,0,0,0,0,0
1495,2017,0,16.19,6.77,3.12,2.22,0.7440400762995997,3.0,4.15,13.04,17.45,0.3254887281428901,46.62051018723812,0.6003506648213573,0.3333333333333333,0.25,37,CLPI,5.730659025787966,0,0.0,0.16190000000000002,0.0677,0.1304,0.1745,0,0,0,0,0,0,0,0,0,0,0,0,0
1494,2018,0,10.65,4.04,2.15,1.49,0.25714781223780386,3.12,4.78,20.98,32.8,0.11986045177870065,56.91201038447979,0.432657994580249,0.5,0.0,38,CLPI,3.0487804878048785,0,0.0,0.1065,0.0404,0.20980000000000001,0.32799999999999996,0,0,0,0,0,0,0,0,0,0,0,0,0
1493,2019,0,12.55,4.43,2.51,1.8,0.35887063015730203,2.71,4.57,17.21,25.27,0.2361775399599935,39.599800303972394,0.5008957369979039,0.5,0.2,40,CLPI,3.957261574990107,0,0.0,0.1255,0.0443,0.1721,0.2527,0,0,0,0,0,0,0,0,0,0,0,0,0
1492,2020,0,14.51,4.69,3.48,2.62,0.7700822186801316,2.73,4.88,7.7,10.18,0.3363558663619689,34.731555022455396,0.4695680447910749,0.4,0.25,37,CLPI,9.823182711198427,0,0.0,0.1451,0.046900000000000004,0.077,0.1018,0,0,0,0,0,0,0,0,0,0,0,0,0
1491,2021,0,11.72,5.12,2.46,1.7,0.7457979635818346,3.33,4.65,16.06,24.55,0.18929169621726472,47.776936919192224,0.6201173196968389,0.0,0.0,38,CLPI,4.0733197556008145,0,0.0,0.11720000000000001,0.0512,0.1606,0.2455,0,0,0,0,0,0,0,0,0,0,0,0,0
1490,2022,0,9.38,4.26,2.73,1.88,0.8004694809556157,3.46,3.86,12.44,18.1,0.11068770109545661,52.67293601329168,0.548554462705602,0.3333333333333333,0.16666666666666666,34,CLPI,5.524861878453038,0,0.0,0.09380000000000001,0.0426,0.1244,0.18100000000000002,0,0,0,0,0,0,0,0,0,0,0,0,0
1489,2023,0,13.41,6.54,3.17,2.45,1.279830869928329,3.37,4.04,8.7,12.16,0.2578934997215825,42.107694339164254,0.5429706194896902,0.42857142857142855,0.0,34,CLPI,8.223684210526315,0,0.0,0.1341,0.0654,0.087,0.1216,0,0,0,0,0,0,0,0,0,0,0,0,0
1523,2013,0,46.72,25.41,4.138401114792339,4.088320640292889,4.023336808703721,93.94,65.85214247158498,25.64,37.06,0.3165635875106811,4.129040555358778,2.220276422904683,0.3333333333333333,0.3333333333333333,32,CMNP,2.698327037236913,0,,0.4672,0.2541,0.2564,0.37060000000000004,0,0,0,0,0,0,0,0,0,0,0,0,0
1522,2014,0,54.07,31.61,3.9600050276671253,3.9276768864718696,3.737534415213875,54.13,74.24687390190908,22.86,32.45,0.28512332139261687,4.642858091750616,1.7449851624764432,0.3333333333333333,0.4,34,CMNP,3.081664098613251,0,0.0,0.5407,0.3161,0.2286,0.3245,0,0,0,0,0,0,0,0,0,0,0,0,0
1521,2015,0,50.99,29.75,2.8751307148089387,2.766219232773663,2.601663858291103,26.52,20.360293273569024,20.92,31.03,0.24642395171324671,4.141204683759124,1.6050905982732815,0.4,0.25,36,CMNP,3.2226877215597804,0,0.0,0.5099,0.2975,0.20920000000000002,0.3103,0,0,0,0,0,0,0,0,0,0,0,0,0
1520,2016,0,42.44,22.01,2.880189050183763,2.7927936254022563,1.8581634621691119,5.56,29.065984592265668,29.43,49.88,0.21366262272236397,2.997063444685492,1.0510532697537356,0.3333333333333333,0.14285714285714285,37,CMNP,2.0048115477145148,0,0.0,0.4244,0.22010000000000002,0.2943,0.4988,0,0,0,0,0,0,0,0,0,0,0,0,0
1519,2017,0,34.14,23.84,2.7125056273477495,2.6436590011623973,1.9530506734512734,3.33,29.14543475284729,36.1,69.36,0.1371191188240389,2.5105671520336132,0.9219745922956587,0.3333333333333333,0.3333333333333333,37,CMNP,1.441753171856978,0,0.0,0.3414,0.2384,0.361,0.6936,0,0,0,0,0,0,0,0,0,0,0,0,0
1518,2018,0,31.63,19.12,2.655696806770704,2.6245245345236956,1.6954857564898527,2.63,59.70121514973734,36.95,71.32,0.1395570443537761,2.5738548851769227,0.665112680170885,0.375,0.18181818181818182,38,CMNP,1.4021312394840157,0,0.0,0.31629999999999997,0.1912,0.36950000000000005,0.7132,0,0,0,0,0,0,0,0,0,0,0,0,0
1517,2019,0,37.07,19.55,1.5482596318312725,1.5375468001329764,0.7698328673540197,1.48,87.13087951699728,39.0,76.13,0.14799974166569754,3.1068186476497113,0.8484439230938854,0.6,0.0,40,CMNP,1.3135426244581636,0,0.0,0.37070000000000003,0.1955,0.39,0.7613,0,0,0,0,0,0,0,0,0,0,0,0,0
1516,2020,0,35.31,14.49,2.2697949658287446,2.250700303957451,1.4693444236627464,1.07,52.9319102300197,31.22,52.5,0.11731834034145158,3.3764612707529267,0.8526818337124654,0.4,0.16666666666666666,37,CMNP,1.9047619047619047,0,0.0,0.3531,0.1449,0.3122,0.525,0,0,0,0,0,0,0,0,0,0,0,0,0
1515,2021,0,25.43,15.98,0.6607980691516155,0.6421653719143411,0.2897352067627249,2.81,63.585905105089445,10.27,14.98,0.20312029485806626,10.522648868278171,1.0260083501510762,0.42857142857142855,0.3333333333333333,38,CMNP,6.675567423230974,0,0.0,0.25429999999999997,0.1598,0.1027,0.14980000000000002,0,0,0,0,0,0,0,0,0,0,0,0,0
1514,2022,0,31.51,20.94,0.4739939141295679,0.45328956831612166,0.08766604506237725,4.46,52.9514281282288,15.59,24.37,0.18817296125506447,5.615496623958864,1.0116742391605211,0.3333333333333333,0.0,34,CMNP,4.1034058268362745,0,0.0,0.3151,0.2094,0.1559,0.2437,0,0,0,0,0,0,0,0,0,0,0,0,0
1513,2023,0,24.67,13.8,0.3708494759089559,0.3668684965511663,0.045185635231494645,11.6,547.112648583329,24.97,41.41,0.2016876201996349,3.5751277062268567,0.6956809603010892,0.3333333333333333,0.0,34,CMNP,2.4148756339048543,0,0.0,0.24670000000000003,0.138,0.24969999999999998,0.41409999999999997,0,0,0,0,0,0,0,0,0,0,0,0,0
1547,2013,0,5.2,0.51,1.72,1.72,0.26176932845724166,9.49,1526.4,52.78103461396337,111.77931198001731,0.025187183046262936,2.606332714505588,0.9339972972626706,0.6666666666666666,0.14285714285714285,32,CMPP,0.8946199276828337,0,,0.052000000000000005,0.0051,0.5278103461396337,1.1177931198001732,0,0,0,0,0,0,1,0,0,0,0,0,1
1546,2014,0,17.43,8.64,0.63,0.0,0.0868071991921474,6.11,1908.4303374928115,76.71735923926572,329.5045437700629,0.12352296808656496,1.6189147908933599,0.8024835868486436,0.2,0.0,34,CMPP,0.3034859515314686,0,0.0,0.1743,0.0864,0.7671735923926571,3.295045437700629,0,0,0,1,0,0,1,0,0,0,0,0,2
1545,2015,0,7.83,-5.63,0.77,0.0,0.03799892672040161,2.37,10.792858943771792,83.63811476429134,511.17651517171794,0.030334977624447,1.5604528730092897,0.8057106006124888,0.3333333333333333,0.0,36,CMPP,0.19562714059038355,0,0.0,0.0783,-0.056299999999999996,0.8363811476429135,5.111765151717179,0,0,0,1,0,0,0,0,0,0,0,0,1
1544,2016,0,21.8,-0.54,0.3,0.28,0.14070316093851262,32.48,5.798477859585886,88.10673441574552,740.8119644817343,0.06001452532806245,1.2991659529513835,0.05907214720157699,0.3333333333333333,0.0,37,CMPP,0.13498702072118818,0,0.0,0.218,-0.0054,0.8810673441574552,7.408119644817344,0,0,0,0,0,0,0,0,0,0,0,0,0
1543,2017,0,18.42,-13.44,0.26,0.24,0.11425711239766535,18.99,87.3,98.80060640571958,82.375466132947,0.12393445764679457,1.042139494343207,89.73662216353218,0.2,0.0,37,CMPP,1.213953676918908,0,0.0,0.18420000000000003,-0.1344,0.9880060640571958,0.82375466132947,0,0,0,0,0,0,0,0,0,0,0,0,0
1542,2018,1,0.71,-21.43,0.16,0.14,0.05003198244039884,20.59,79.08,128.19552237264466,-454.66624338415613,-0.31556127746350976,0.04597525764563304,-2.770598545349098,0.3333333333333333,0.0,38,CMPP,-0.21994155373331312,1,0.0,0.0070999999999999995,-0.2143,1.2819552237264467,-4.546662433841561,0,0,0,0,0,0,0,0,0,0,0,0,0
1541,2019,1,20.26,-2.35,0.47,0.44,0.155373242355758,24.88,85.24,92.2647593243203,1192.784596991844,4.726067713521068e-05,1.5007001986419604,9.726856751815633,0.42857142857142855,0.4,40,CMPP,0.08383743406160347,0,0.0,0.2026,-0.0235,0.922647593243203,11.92784596991844,0,0,0,0,0,0,0,0,0,0,0,0,0
1540,2020,1,-92.62,-170.99,0.03,0.02,0.0037767870472254737,8.4,50.22,147.86455227362524,-308.9228776837655,-0.3117655242221779,0.27849322536279897,-0.6755273933732712,0.4,0.0,37,CMPP,-0.3237053880560015,1,0.0,-0.9262,-1.7099000000000002,1.4786455227362523,-3.089228776837655,0,0,1,0,0,0,0,0,0,0,0,0,1
1539,2021,1,-188.63,-374.66,0.03,0.02,0.003201325928406835,17.55,29.64,201.08725050000103,-198.92444349349373,-0.16190079257910717,-0.38711886456684785,-0.3777201545986775,0.3333333333333333,0.0,38,CMPP,-0.5027034297234102,1,1.0,-1.8862999999999999,-3.7466000000000004,2.0108725050000102,-1.9892444349349372,1,0,1,0,0,0,0,0,0,0,0,0,2
1538,2022,1,1.43,-43.56,0.04,0.03,0.00358631925331222,61.68,50.54,227.22333519317465,-178.60193245850772,-0.034264348044096296,-0.44460909008961247,-0.301020032850362,0.0,0.0,34,CMPP,-0.5599043561481716,1,1.0,0.0143,-0.43560000000000004,2.2722333519317464,-1.7860193245850773,0,0,0,0,0,0,0,0,0,0,0,0,0
1537,2023,1,0.86,-16.31,0.04,0.03,0.006557800780423085,61.24,68.05,229.19776484319704,-177.40071983549143,-0.06046590744922708,-0.4525342983383226,-0.16902315479177332,0.4,0.07692307692307693,34,CMPP,-0.5636955706421752,1,1.0,0.0086,-0.1631,2.2919776484319705,-1.7740071983549144,0,0,0,0,0,0,0,0,0,0,0,0,0
1571,2013,0,20.17,6.3,2.25,1.79,0.849680904177227,2.76,1.51,40.95758897976696,69.3697772025796,0.10265494061698294,8.091179193872904,0.8662518614088708,0.4,0.0,32,CNKO,1.4415499664640898,0,,0.20170000000000002,0.063,0.4095758897976696,0.693697772025796,0,0,0,0,0,0,0,0,0,0,0,0,0
1570,2014,0,13.12,-13.99,1.32,0.98,0.11508165863027767,1.11,1.15,42.8019267446395,74.83106389537025,-0.014800473417354645,9.346712660699275,0.44563387041086366,0.5,0.0,34,CNKO,1.3363434220288686,0,0.0,0.13119999999999998,-0.1399,0.428019267446395,0.7483106389537025,0,0,0,0,0,0,0,0,0,0,0,0,0
1569,2015,0,-4.85,-52.27,1.18,0.86,0.12044601497107481,1.04,1.61,54.44873504494628,119.53287158692929,-0.12066571275144061,4.969906255419682,0.17620272982996005,0.4,0.0,36,CNKO,0.8365899578282601,0,0.0,-0.048499999999999995,-0.5227,0.5444873504494628,1.195328715869293,0,0,0,0,0,0,0,0,0,0,0,0,0
1568,2016,0,2.95,-28.33,1.01,0.78,0.09694438566481083,1.86,3.09,62.62975134639196,167.5925464850905,-0.10421586306954474,4.283475413923428,0.23440841156925507,0.6666666666666666,0.2,37,CNKO,0.596685247030937,0,0.0,0.029500000000000002,-0.2833,0.6262975134639196,1.675925464850905,0,0,0,0,0,0,0,0,0,0,0,0,0
1567,2017,0,2.77,-128.63,0.8,0.78,0.13731283648484696,1.36,4.49,88.66799566237322,782.4564218349274,-0.13401434867987266,1.4769898665634598,1.0669007475893333,0.2857142857142857,0.0,37,CNKO,0.12780264460670082,0,0.0,0.0277,-1.2863,0.8866799566237321,7.824564218349273,0,0,0,0,0,0,0,0,0,0,0,0,0
1566,2018,0,7.13,-48.52,0.62,0.6,0.031120288554495314,2.31,37.91,130.25445987406115,-430.5297811174463,-0.1456302983835525,-0.633520033192743,-0.5474801259220013,0.5,0.0,38,CNKO,-0.23227196906204386,1,0.0,0.0713,-0.4852,1.3025445987406115,-4.305297811174463,0,0,0,0,0,0,0,0,0,0,0,0,0
1565,2019,1,7.42,9.54,0.45,0.43,0.02202528524065698,1.25,22.96,141.57648933809696,-340.5205480116595,-0.09634158160629766,-0.3047243801052464,-0.6587111856646916,0.4,0.0,40,CNKO,-0.29366803437828365,1,1.0,0.0742,0.09539999999999998,1.4157648933809697,-3.405205480116595,0,0,0,0,0,0,0,0,0,0,0,0,0
1564,2020,1,11.86,-30.18,0.24,0.23,0.02270514264929145,1.63,31.73,203.5793167085631,-196.54437119079083,-0.03016551687163507,-1.3829707684860235,-0.3894235042589039,0.5,0.0,37,CNKO,-0.5087909635576761,1,1.0,0.1186,-0.3018,2.035793167085631,-1.9654437119079082,0,0,0,0,0,0,0,0,0,0,0,0,0
1563,2021,1,13.09,-7.68,0.32,0.31,0.019076063929630356,2.52,38.08,201.4883270995076,-198.53349922888341,0.03077644481933563,-0.7141197565967651,-0.3656241433887335,0.3333333333333333,0.0,38,CNKO,-0.5036933333085161,1,1.0,0.1309,-0.0768,2.014883270995076,-1.9853349922888341,0,0,0,0,0,0,0,0,0,0,0,0,0
1562,2022,1,7.26,-4.32,0.23,0.21,0.038642158276463896,4.5,44.11,241.84425934400275,-170.49985699983708,-0.09722930139157512,-1.0613426475331371,-0.3485083215784744,0.4,0.16666666666666666,34,CNKO,-0.5865107558424261,1,1.0,0.0726,-0.0432,2.4184425934400275,-1.7049985699983707,0,0,0,0,0,0,0,0,0,0,0,0,0
1561,2023,1,11.07,-2.4,0.28,0.26,0.06741853084423544,8.73,54.83,235.8955571908821,-173.5859229448816,-0.0015252597490846252,-1.30594577399663,-0.33747800371589143,0.42857142857142855,0.16666666666666666,34,CNKO,-0.5760835804165572,1,1.0,0.1107,-0.024,2.358955571908821,-1.735859229448816,0,0,0,0,0,0,0,0,0,0,0,0,0
1595,2013,0,11.72,-0.36,0.49,0.29,0.019994118502386502,4.83,5.22,93.0989687682554,1349.0587948653563,-0.0032844152143375696,2.616813924214937,1.0478886430280268,0.3333333333333333,0.14285714285714285,32,CNTB,0.0741257537333505,0,,0.11720000000000001,-0.0036,0.9309896876825541,13.490587948653562,0,0,0,0,0,0,0,0,0,0,0,0,0
1594,2014,0,13.52,0.83,0.5,0.29,0.010626643478462407,5.28,5.35,94.35214950672132,1670.5851123185112,0.01940231563531099,1.8199498372398601,2.8457795925241705,0.5,0.3333333333333333,34,CNTB,0.05985926682970113,0,0.0,0.1352,0.0083,0.9435214950672132,16.705851123185113,0,0,0,0,0,0,0,0,0,0,0,0,0
1593,2015,0,12.92,-4.09,0.53,0.31,0.02032355809940711,0.0,0.0,95.94966609574188,2368.9322501255997,-0.0057957703377410795,1.6083858757377814,3.6165868415685614,0.5,0.0,36,CNTB,0.042213110989011204,0,0.0,0.1292,-0.0409,0.9594966609574187,23.689322501255997,0,0,0,0,0,0,0,0,0,0,0,0,0
1592,2016,0,13.01,3.89,0.54,0.33,0.022805968802517455,5.38,5.01,91.95183015146569,1142.5185089528331,-0.010971602450685278,2.1462227390024218,1.4943869992381829,0.5,0.0,37,CNTB,0.08752593434276548,0,0.0,0.1301,0.038900000000000004,0.9195183015146569,11.425185089528332,0,0,0,0,0,0,0,0,0,0,0,0,0
1591,2017,0,10.68,-4.28,0.46,0.31,0.028954314161090306,4.95,5.28,96.89673364249892,3122.4111139633233,-0.016126137049454096,1.4258215445304545,3.405987489439414,0.5,0.3333333333333333,37,CNTB,0.03202653217342302,0,0.0,0.10679999999999999,-0.042800000000000005,0.9689673364249891,31.224111139633234,0,0,0,0,0,0,0,0,0,0,0,0,0
1590,2018,0,12.78,-4.17,0.56,0.37,0.018828617035122227,4.88,5.09,100.60332190109548,-166.748997041919,-0.004114217153323668,0.981401689962455,-8.163612284415567,0.3333333333333333,0.125,38,CNTB,-0.5997037569878817,1,0.0,0.1278,-0.0417,1.0060332190109549,-1.6674899704191901,0,0,0,0,0,0,0,0,0,0,0,1,1
1589,2019,1,13.0,-0.5,0.58,0.33,0.01742834433401405,5.66,5.01,100.73303004308474,-137.420056644855,0.030214686214030072,0.9772279261317551,-7.7688514616162765,0.4,0.0,40,CNTB,-0.7276958141447832,1,1.0,0.13,-0.005,1.0073303004308474,-1.3742005664485502,0,0,0,0,0,0,0,0,0,0,0,1,1
1588,2020,1,9.24,-5.81,0.53,0.28,0.037343753038077,5.52,4.39,105.53845363311889,-1905.5581327253408,-0.011546852493355958,0.835799473163573,-0.46625209790736977,0.6,0.0,37,CNTB,-0.05247806313679835,1,1.0,0.0924,-0.0581,1.055384536331189,-19.055581327253407,0,0,0,0,0,0,0,0,0,0,0,0,0
1587,2021,1,-8.86,-27.81,0.28,0.13,0.010236699241725893,3.77,2.95,120.84867925714491,-579.6466901649403,-0.09970559965454366,-2.028096029143205,-0.1300901577695471,0.4,0.2,38,CNTB,-0.17251888382480832,1,1.0,-0.0886,-0.2781,1.208486792571449,-5.796466901649403,0,0,0,0,0,0,0,0,0,0,0,0,0
1586,2022,1,0.57,-16.13,0.34,0.19,0.0022069274108242934,5.8,5.13,131.76398957467626,-414.8219141833639,-0.08372344374608462,-4.6252063378487955,-0.08904208424012096,0.42857142857142855,0.0,34,CNTB,-0.24106730281321867,1,1.0,0.005699999999999999,-0.1613,1.3176398957467625,-4.148219141833639,0,0,0,0,0,0,0,0,0,0,0,0,0
1585,2023,1,7.62,-4.41,0.35,0.2,0.0059223636019548245,6.27,5.69,137.143394449209,-369.22687461088924,-0.01346298883910975,-5.413909225599744,-0.06380642328389935,0.5,0.2222222222222222,34,CNTB,-0.2708361900941942,1,1.0,0.0762,-0.0441,1.3714339444920902,-3.6922687461088923,0,0,0,0,0,0,0,0,0,0,0,0,0
1619,2013,0,20.07,9.85,3.79,1.72,0.4928355581835871,11.5,4.65,18.38,29.04,0.695792990726348,3.889134902848197,5.561632616145273,0.5,0.2,32,CPIN,3.443526170798898,0,,0.2007,0.09849999999999999,0.1838,0.2904,0,0,0,0,0,0,0,0,0,0,0,0,0
1618,2014,0,14.18,5.99,2.24,1.03,0.19807097981260025,9.5,4.88,31.65,59.94,0.268047207885426,3.0496426466219746,5.632277343347492,0.4,0.0,34,CPIN,1.6683350016683351,0,0.0,0.1418,0.0599,0.3165,0.5993999999999999,0,0,0,0,0,0,0,0,0,0,0,0,0
1617,2015,0,17.07,6.09,2.11,0.93,0.29441085499913916,8.78,4.13,33.48,65.79,0.2800574389152693,2.956716460689577,3.3941048258291038,0.5,0.25,36,CPIN,1.519987840097279,0,0.0,0.1707,0.060899999999999996,0.3348,0.6579,0,0,0,0,0,0,0,0,0,0,0,0,0
1616,2016,0,17.03,5.89,2.17,1.02,0.4549886608854329,12.39,4.85,27.31,46.69,0.4328845330661558,4.147806978730822,3.5790739764797426,0.6666666666666666,0.3333333333333333,37,CPIN,2.141786249732277,0,0.0,0.1703,0.058899999999999994,0.2731,0.4669,0,0,0,0,0,0,0,0,0,0,0,0,0
1615,2017,0,12.66,5.06,2.32,0.93,0.3548623188105031,18.27,6.4,23.99,37.47,0.420358318705466,5.175282001971483,3.1313555732101244,0.4,0.0,37,CPIN,2.6688017080330932,0,0.0,0.1266,0.0506,0.23989999999999997,0.3747,0,0,0,0,0,0,0,0,0,0,0,0,0
1614,2018,0,16.93,8.44,2.89,1.11,0.6129091950917254,24.42,5.73,16.16,23.17,0.7757255927179874,6.454406550724835,6.16887299288012,0.3333333333333333,0.0,38,CPIN,4.315925766076823,0,0.0,0.1693,0.08439999999999999,0.1616,0.23170000000000002,0,0,0,0,0,0,0,0,0,0,0,0,0
1613,2019,0,18.76,8.57,2.54,0.89,0.40193364177338053,21.39,4.05,17.34,24.16,0.6079494250354597,7.755505049851932,5.100867358497555,0.4,0.25,40,CPIN,4.139072847682119,0,0.0,0.18760000000000002,0.0857,0.1734,0.2416,0,0,0,0,0,0,0,0,0,0,0,0,0
1612,2020,0,19.4,9.05,2.53,0.97,0.5372066178868741,20.74,4.08,14.3,19.08,0.6603999842245604,10.518225713418026,4.5823727028756664,0.5,0.0,37,CPIN,5.241090146750525,0,0.0,0.19399999999999998,0.09050000000000001,0.14300000000000002,0.19079999999999997,0,0,0,0,0,0,0,0,0,0,0,0,0
1611,2021,0,15.74,7.0,2.01,0.53,0.2578787588368246,27.41,4.37,17.72,24.98,0.4704137080892754,11.223780473676102,3.8794474703557644,0.3333333333333333,0.0,38,CPIN,4.00320256204964,0,0.0,0.1574,0.07,0.1772,0.2498,0,0,0,0,0,0,0,0,0,0,0,0,0
1610,2022,0,14.32,5.15,1.76,0.45,0.23711678364600638,31.41,3.92,23.45,35.49,0.31554049971113873,8.718336227893554,3.51912283616489,0.3333333333333333,0.3333333333333333,34,CPIN,2.817695125387433,0,0.0,0.1432,0.051500000000000004,0.2345,0.3549,0,0,0,0,0,0,0,0,0,0,0,0,0
1609,2023,0,13.43,3.76,1.65,0.43,0.2411323194491965,33.72,3.97,23.38,35.43,0.2667975752762759,10.590719674120544,3.0486028991787193,0.3333333333333333,0.14285714285714285,34,CPIN,2.822466836014677,0,0.0,0.1343,0.037599999999999995,0.23379999999999998,0.3543,0,0,0,0,0,0,0,0,0,0,0,0,0
1643,2013,0,14.91,15.6,1.11,0.72,0.06003247813576015,3.55,5.48,54.47,299.07,-0.10640122688833767,1.4736475499945847,1.5474936467113585,0.4,0.2,32,CPRO,0.3343698799612131,0,,0.1491,0.156,0.5447,2.9907,0,0,0,0,0,0,0,0,0,0,0,0,0
1642,2014,0,15.42,-4.12,1.13,0.68,0.05486920322250132,5.18,6.21,57.94,452.09,0.02580025590587168,1.2860081339530691,4.587493579952084,0.3333333333333333,0.0,34,CPRO,0.2211948948218275,0,0.0,0.1542,-0.0412,0.5794,4.5209,0,0,0,0,0,0,0,0,0,0,0,0,0
1641,2015,0,16.18,-13.4,1.0,0.56,0.0456145812713691,5.41,5.42,55.4,253.95,-0.0044324465390417475,1.5161475855234774,1.0207597307382075,0.3333333333333333,0.2,36,CPRO,0.3937783028155149,0,0.0,0.1618,-0.134,0.5539999999999999,2.5395,0,0,0,0,0,0,0,0,0,0,0,0,0
1640,2016,0,15.61,-23.23,0.63,0.33,0.03254168548436762,7.26,6.14,67.16,2719.21,-0.13199170921546127,1.044943097171605,11.186868658539955,0.42857142857142855,0.0,37,CPRO,0.03677538696900938,0,0.0,0.1561,-0.2323,0.6716,27.1921,0,0,0,0,0,0,0,0,0,0,0,0,0
1639,2017,0,15.94,-40.0,0.28,0.18,0.06574894298676366,8.08,6.34,92.41,358.0,-0.04160864454753672,-2.3376700377131923,-1.1375354224966523,0.6666666666666666,0.4,37,CPRO,0.27932960893854747,0,0.0,0.1594,-0.4,0.9240999999999999,3.58,0,0,0,0,0,0,0,0,0,0,0,0,0
1638,2018,0,16.63,23.31,0.61,0.34,0.03611160875921919,9.06,7.36,59.51,580.0,0.062330782284523295,1.2492672719227915,4.417068375218546,0.5,0.3333333333333333,38,CPRO,0.1724137931034483,0,0.0,0.1663,0.23309999999999997,0.5951,5.8,0,0,0,0,0,0,0,0,0,0,0,0,0
1637,2019,0,18.42,-4.86,0.31,0.16,0.025493627233274873,10.92,7.06,65.67,1195.97,0.0772131882688885,1.5553529231318957,9.040034778841367,0.5,0.0,40,CPRO,0.08361413747836484,0,0.0,0.18420000000000003,-0.048600000000000004,0.6567000000000001,11.9597,0,0,0,0,0,0,0,0,0,0,0,0,0
1636,2020,0,17.47,5.04,0.33,0.18,0.059312331172233036,14.32,7.9,56.86,508.34,0.11307455146724986,2.3259451508024998,4.209562595183045,0.25,0.0,37,CPRO,0.1967187315576189,0,0.0,0.1747,0.0504,0.5686,5.0834,0,0,0,0,0,0,0,0,0,0,0,0,0
1635,2021,0,18.62,27.52,0.88,0.35,0.04774588339250985,15.07,6.9,35.44,79.48,0.21850775912938006,2.8961753717802035,1.969341135742574,0.5,0.0,38,CPRO,1.2581781580271765,0,0.0,0.1862,0.2752,0.3544,0.7948000000000001,0,0,0,0,0,0,0,0,0,0,0,0,0
1634,2022,0,19.9,4.54,1.09,0.41,0.03930430254139699,14.12,5.38,34.29,73.64,0.2233075613960385,2.905015988729757,0.9923013810000025,0.4,0.5,34,CPRO,1.3579576317218902,0,0.0,0.19899999999999998,0.0454,0.3429,0.7364,0,0,0,0,0,0,0,0,0,0,0,0,0
1633,2023,0,18.6,4.45,1.07,0.41,0.03360003805793243,12.71,5.23,31.42,62.99,0.21861908523890375,3.829818784843101,0.8884372479539889,0.4,0.0,34,CPRO,1.5875535799333227,0,0.0,0.18600000000000003,0.044500000000000005,0.31420000000000003,0.6299,0,0,0,0,0,0,0,0,0,0,0,0,0
1667,2013,0,12.94,1.18,1.07,0.56,0.03246862245057764,7.32,5.78,30.29,131.33,0.07451733253179241,3.558549945059865,0.733533896497579,0.4,0.0,32,CSAP,0.7614406457016675,0,,0.1294,0.0118,0.3029,1.3133000000000001,0,0,0,0,0,0,0,0,0,0,0,0,0
1666,2014,0,13.02,1.61,1.13,0.58,0.0276916413414585,6.68,5.33,24.43,98.72,0.09707674860062801,4.440809061756287,2.0513483110557047,0.4,0.16666666666666666,34,CSAP,1.012965964343598,0,0.0,0.13019999999999998,0.0161,0.2443,0.9872,0,0,0,0,0,0,0,0,0,0,0,0,0
1665,2015,0,13.42,0.59,1.09,0.51,0.030591845422019922,6.68,4.86,28.43,117.32,0.05809538875072842,3.6356148427967603,1.3622616657463826,0.4,0.16666666666666666,36,CSAP,0.8523695874531196,0,0.0,0.13419999999999999,0.0059,0.2843,1.1732,0,0,0,0,0,0,0,0,0,0,0,0,0
1664,2016,0,13.8,0.94,1.26,0.6,0.03153238569853213,6.92,4.6,21.79,65.46,0.07073145700171711,5.196306383033718,1.5209416123935384,0.3333333333333333,0.3333333333333333,37,CSAP,1.527650473571647,0,0.0,0.138,0.009399999999999999,0.21789999999999998,0.6546,0,0,0,0,0,0,0,0,0,0,0,0,0
1663,2017,0,13.83,0.92,1.16,0.6,0.02951698063017958,6.79,4.88,26.26,88.46,0.06190637236959665,4.3656458875427555,1.2173785683944292,0.3333333333333333,0.6666666666666666,37,CSAP,1.1304544426859597,0,0.0,0.1383,0.0092,0.2626,0.8845999999999999,0,0,0,0,0,0,0,0,0,0,0,0,0
1662,2018,0,14.13,0.82,1.23,0.59,0.021206925122125398,6.82,4.8,25.81,76.94,0.06870631435531961,4.585137960787597,1.2634529293762282,0.6666666666666666,0.2,38,CSAP,1.2997140629061608,0,0.0,0.1413,0.008199999999999999,0.2581,0.7694,0,0,0,0,0,0,0,0,0,0,0,0,0
1661,2019,0,14.92,0.57,1.14,0.53,0.017634905056472375,7.2,4.54,26.61,88.87,0.05702929978493856,4.0060712663628815,1.0267398193730515,0.3333333333333333,0.0,40,CSAP,1.1252391133115787,0,0.0,0.1492,0.005699999999999999,0.2661,0.8887,0,0,0,0,0,0,0,0,0,0,0,0,0
1660,2020,0,15.58,0.48,1.09,0.51,0.02711798655956191,7.16,4.51,34.08,126.4,0.05616815106832018,2.3674367969622954,0.8456530830884259,0.4,0.0,37,CSAP,0.7911392405063291,0,0.0,0.1558,0.0048,0.3408,1.264,0,0,0,0,0,0,0,0,0,0,0,0,0
1659,2021,0,15.85,1.58,1.09,0.45,0.014987940878773994,7.97,4.58,38.68,145.23,0.0785072476835641,2.2773256055237883,0.9732013733112839,0.375,0.4,38,CSAP,0.6885629690835228,0,0.0,0.1585,0.0158,0.3868,1.4523,0,0,0,0,0,0,0,0,0,0,0,0,0
1658,2022,0,16.13,1.7,1.05,0.4,0.027241558270942233,8.52,4.11,40.45,156.33,0.08236382376415469,2.329169097639227,1.4689785031093514,0.4,0.0,34,CSAP,0.6396724876863046,0,0.0,0.1613,0.017,0.4045,1.5633000000000001,0,0,0,0,0,0,0,0,0,0,0,0,0
1657,2023,0,15.86,1.26,1.05,0.42,0.02887587689553018,8.59,3.93,36.31,117.34,0.06731190648609177,2.678409609141565,0.981901577672641,0.5714285714285714,0.0,34,CSAP,0.8522243054371911,0,0.0,0.1586,0.0126,0.36310000000000003,1.1734,0,0,0,0,0,0,0,0,0,0,0,0,0
1691,2013,0,33.92,15.67,1.79,0.91,0.37617781534651834,4.22,1.58,4.9,8.91,0.39311617043674757,13.091576813008638,1.9563486380018789,0.3333333333333333,0.25,32,CTBN,11.22334455667789,0,,0.3392,0.1567,0.049,0.0891,0,0,0,0,0,0,0,0,0,0,0,0,0
1690,2014,0,28.39,12.32,1.8,1.04,0.4049568813666091,3.47,1.72,8.71,15.61,0.3338256448059062,9.557431860003131,2.3474959535252116,0.3333333333333333,0.25,34,CTBN,6.406149903907752,0,0.0,0.2839,0.1232,0.08710000000000001,0.1561,0,0,0,0,0,0,0,0,0,0,0,0,0
1689,2015,0,23.28,7.14,1.65,0.63,0.3091163760720647,2.61,1.1,5.4,9.53,0.07848141728237175,9.719624537917053,2.404525780100746,0.3333333333333333,0.0,36,CTBN,10.493179433368311,0,0.0,0.2328,0.07139999999999999,0.054000000000000006,0.0953,0,0,0,0,0,0,0,0,0,0,0,0,0
1688,2016,0,18.52,-0.95,2.59,1.52,1.2759342930710098,6.14,1.4,5.38,7.3,0.011821018675235894,10.121163064295507,2.62690304101939,0.0,0.4,37,CTBN,13.698630136986303,0,0.0,0.1852,-0.0095,0.0538,0.073,0,0,0,0,0,0,0,0,0,0,0,0,0
1687,2017,0,5.65,-24.38,2.47,1.62,1.2896991057776306,5.76,1.58,5.06,7.18,-0.3857328154948263,10.96440899183291,2.7184061470680736,0.4,0.0,37,CTBN,13.927576601671309,0,0.0,0.0565,-0.2438,0.0506,0.0718,0,0,0,0,0,0,0,0,0,0,0,0,0
1686,2018,0,15.07,-6.77,1.83,0.77,0.31222130859442637,5.36,1.8,2.32,3.66,-0.12614728991010066,14.069176076584304,2.3948108636612107,0.3333333333333333,0.0,38,CTBN,27.3224043715847,0,0.0,0.1507,-0.0677,0.0232,0.0366,0,0,0,0,0,0,0,0,0,0,0,0,0
1685,2019,0,18.35,1.15,1.77,0.72,0.1930708384057221,5.56,2.0,1.92,3.26,0.06113586288824383,11.621711526809765,1.7852965111363501,0.3333333333333333,0.375,40,CTBN,30.674846625766875,0,0.0,0.18350000000000002,0.0115,0.0192,0.0326,0,0,0,0,0,0,0,0,0,0,0,0,0
1684,2020,0,16.2,-2.42,3.35,1.73,0.8761363018397563,5.49,2.09,1.7,2.23,0.05747421825273079,12.920711411038821,1.8477023230507887,0.3333333333333333,0.0,37,CTBN,44.84304932735426,0,0.0,0.162,-0.0242,0.017,0.0223,0,0,0,0,0,0,0,0,0,0,0,0,0
1683,2021,0,11.13,-17.08,2.17,0.72,0.22491333281513626,5.71,1.78,1.1,1.68,-0.21259976719108448,12.010551812071323,1.5058771304156493,0.3333333333333333,0.0,38,CTBN,59.523809523809526,0,0.0,0.11130000000000001,-0.17079999999999998,0.011000000000000001,0.0168,0,0,0,0,0,0,0,0,0,0,0,0,0
1682,2022,0,6.38,-5.14,1.96,0.6,0.25616854190699107,8.46,2.08,0.66,1.06,-0.11773738521297199,12.640312781379592,0.9843653065985956,0.4,0.0,34,CTBN,94.33962264150944,0,0.0,0.0638,-0.051399999999999994,0.0066,0.0106,0,0,0,0,0,0,0,0,0,0,0,0,0
1681,2023,0,20.61,8.96,2.09,0.49,0.1247079021162873,12.11,2.1,0.31,0.51,0.3716852048209354,14.620547637606231,0.7283229281977908,0.3333333333333333,0.5,34,CTBN,196.078431372549,0,0.0,0.2061,0.08960000000000001,0.0031,0.0051,0,0,0,0,0,0,0,0,0,0,0,0,0
1715,2013,0,50.16,27.84,1.36,0.67,0.4874018869164616,7.41,0.62,13.56,27.94,0.2257426704585293,4.0326228707354375,1.164747980381789,0.5,0.25,32,CTRA,3.579098067287043,0,,0.5015999999999999,0.2784,0.1356,0.27940000000000004,0,0,0,0,0,0,0,0,0,0,0,0,0
1714,2014,0,52.52,28.3,1.43,0.6,0.3715550622593569,6.93,0.53,17.08,34.51,0.2890649183585306,3.834748722229638,1.626893040929421,0.3333333333333333,0.4,34,CTRA,2.8977108084613157,0,0.0,0.5252,0.28300000000000003,0.17079999999999998,0.34509999999999996,0,0,0,0,0,0,0,0,0,0,0,0,0
1713,2015,0,49.62,23.15,1.5,0.63,0.37869996524638566,6.28,0.56,20.1,40.44,0.3013425506108088,3.5121013863099915,1.715125183408005,0.3333333333333333,0.16666666666666666,36,CTRA,2.472799208704253,0,0.0,0.4962,0.23149999999999998,0.201,0.4044,0,0,0,0,0,0,0,0,0,0,0,0,0
1712,2016,0,50.36,17.37,1.87,0.79,0.47437260670295517,4.46,0.45,22.91,46.59,0.2532011843999297,2.9157701326722476,1.4402621987579038,0.3333333333333333,0.3333333333333333,37,CTRA,2.1463833440652498,0,0.0,0.5036,0.17370000000000002,0.2291,0.46590000000000004,0,0,0,0,0,0,0,0,0,0,0,0,0
1711,2017,0,47.91,15.72,1.94,0.73,0.4127836319930237,3.68,0.39,23.9,48.99,0.2060411661858398,2.8352130296976092,1.414350424608148,0.0,0.3333333333333333,37,CTRA,2.0412329046744233,0,0.0,0.47909999999999997,0.1572,0.239,0.4899,0,0,0,0,0,0,0,0,0,0,0,0,0
1710,2018,0,49.03,16.92,2.02,0.8,0.4056488664005034,3.53,0.41,24.66,50.8,0.2688705706916321,2.724813671605648,1.1262674586127988,0.5,0.0,38,CTRA,1.968503937007874,0,0.0,0.4903,0.16920000000000002,0.2466,0.508,0,0,0,0,0,0,0,0,0,0,0,0,0
1709,2019,0,49.84,16.87,2.17,0.9,0.5064023767641502,2.92,0.37,25.35,51.66,0.2613711657823585,2.7645518717053554,1.0867686643926933,0.4,0.0,40,CTRA,1.9357336430507164,0,0.0,0.4984,0.16870000000000002,0.2535,0.5166,0,0,0,0,0,0,0,0,0,0,0,0,0
1708,2020,0,51.07,16.98,1.78,0.72,0.4544317223935678,3.19,0.34,25.54,57.42,0.2280984208160722,2.7134970743243807,1.047221510745393,0.5,0.5,37,CTRA,1.7415534656913967,0,0.0,0.5107,0.1698,0.2554,0.5742,0,0,0,0,0,0,0,0,0,0,0,0,0
1707,2021,0,49.74,21.46,2.0,0.94,0.6532283170100448,3.95,0.41,23.5,49.27,0.30717575564094085,2.880952364788161,0.9282928442507828,0.3333333333333333,0.2,38,CTRA,2.029632636492795,0,0.0,0.4974,0.2146,0.235,0.4927,0,0,0,0,0,0,0,0,0,0,0,0,0
1706,2022,0,50.05,21.94,2.2,1.12,0.8372719049809895,3.89,0.39,21.21,42.43,0.2833393946195207,3.0585419342502553,0.8302042972867385,0.5,0.1,34,CTRA,2.356823002592505,0,0.0,0.5005,0.2194,0.2121,0.4243,0,0,0,0,0,0,0,0,0,0,0,0,0
1705,2023,0,49.31,20.65,2.42,1.28,0.9977323198118921,4.46,0.39,18.34,35.76,0.27777072967445166,3.082328717914593,0.9585430132404755,0.3333333333333333,0.5,34,CTRA,2.796420581655481,0,0.0,0.49310000000000004,0.2065,0.1834,0.3576,0,0,0,0,0,0,0,0,0,0,0,0,0
1739,2013,0,35.64,0.2,1.08,0.34,0.06074674344309416,5.36,1.09,33.92,139.97,0.1252718971493884,3.4068250596036567,0.9941678423982475,0.3333333333333333,0.0,32,CTTH,0.7144388083160678,0,,0.3564,0.002,0.3392,1.3997,0,0,0,0,0,0,0,0,0,0,0,0,0
1738,2014,0,32.43,0.49,1.09,0.29,0.04082845591034912,3.6,0.77,34.78,152.34,0.0032676372398643583,3.8512525022847988,0.9888116221850161,0.6666666666666666,0.0,34,CTTH,0.6564264145989234,0,0.0,0.3243,0.0049,0.3478,1.5234,0,0,0,0,0,0,0,0,0,0,0,0,0
1737,2015,0,33.47,0.88,1.88,0.52,0.018269831448020253,3.12,0.68,25.91,54.3,0.032790314464901806,2.9722271893242436,0.23851190487809235,0.3333333333333333,0.0,36,CTTH,1.841620626151013,0,0.0,0.3347,0.0088,0.2591,0.5429999999999999,0,0,0,0,0,0,0,0,0,0,0,0,0
1736,2016,0,36.53,7.56,1.89,0.57,0.03808139013004831,3.19,0.76,24.05,47.04,0.08838269524078984,3.4988885345557112,0.3126391491507097,0.5,0.3333333333333333,37,CTTH,2.1258503401360547,0,0.0,0.3653,0.0756,0.24050000000000002,0.4704,0,0,0,0,0,0,0,0,0,0,0,0,0
1735,2017,0,38.31,2.02,1.89,0.63,0.01619195496365683,2.12,0.56,35.35,77.02,0.061502988752065564,3.034217434969651,0.3791176561146419,0.5,0.3333333333333333,37,CTTH,1.2983640612827838,0,0.0,0.3831,0.0202,0.35350000000000004,0.7702,0,0,0,0,0,0,0,0,0,0,0,0,0
1734,2018,0,35.36,1.63,1.85,0.69,0.02216872759514731,2.06,0.65,38.83,87.74,0.079299176848077,2.951771624029649,0.45187583253224667,0.5,0.5,38,CTTH,1.1397310234784592,0,0.0,0.35359999999999997,0.0163,0.3883,0.8774,0,0,0,0,0,0,0,0,0,0,0,0,0
1733,2019,0,27.41,-16.84,1.7,0.58,0.017901120759211384,1.12,0.38,39.87,99.57,-0.01947154214417579,2.708982720094929,0.2898781222605046,0.8,0.25,40,CTTH,1.0043185698503567,0,0.0,0.2741,-0.1684,0.3987,0.9956999999999999,0,0,0,0,0,0,0,0,0,0,0,0,0
1732,2020,0,19.58,-40.31,1.4,0.38,0.014810347747160807,0.99,0.27,44.71,135.03,-0.04203638961914594,2.3651397990832685,0.2947758156514163,0.4,0.3333333333333333,37,CTTH,0.7405761682589054,0,0.0,0.19579999999999997,-0.4031,0.4471,1.3503,0,0,0,0,0,0,0,0,0,0,0,0,0
1731,2021,0,28.01,-23.39,1.3,0.33,0.007239846872937473,1.16,0.22,44.93,151.55,-0.009557880300604716,2.2391268829784936,0.3008634400761168,0.2857142857142857,0.0,38,CTTH,0.6598482349059716,0,0.0,0.2801,-0.2339,0.4493,1.5155,0,0,0,0,0,0,0,0,0,0,0,0,0
1730,2022,0,24.31,-28.82,1.19,0.34,0.003853881113133921,1.35,0.28,45.18,186.21,-0.003382687331765708,1.9856876870328357,0.3561352562174144,0.3333333333333333,0.125,34,CTTH,0.5370280865689275,0,0.0,0.24309999999999998,-0.2882,0.4518,1.8621,0,0,0,0,0,0,0,0,0,0,0,0,0
1729,2023,0,35.04,-9.9,2.72,0.74,0.02390141024046044,1.11,0.21,25.91,92.16,0.011246274933023824,1.5534836641907914,0.0699058735172261,0.3333333333333333,0.6,34,CTTH,1.0850694444444444,0,0.0,0.3504,-0.099,0.2591,0.9216,0,0,0,0,0,0,0,0,0,0,0,0,0
1763,2013,0,49.29,21.8,2.0149913762085983,2.002162932510276,0.13490071768147568,128.08724593615216,1.46943641865386,29.7,48.39,0.1765972875822138,3.1889511288605554,0.4776470430724836,0.5,0.1111111111111111,32,DART,2.0665426741062203,0,,0.4929,0.218,0.297,0.4839,0,0,0,0,0,0,0,0,0,0,0,0,0
1762,2014,0,52.39,31.68,1.8594246517779824,1.85038212482033,0.17574007625250182,297.03616735699194,2.5067608203373295,28.06,44.2,0.3028533829243213,3.339348457778404,0.6579176862261061,0.3333333333333333,0.0,34,DART,2.262443438914027,0,0.0,0.5239,0.31679999999999997,0.28059999999999996,0.442,0,0,0,0,0,1,0,0,0,0,0,0,1
1761,2015,0,54.62,21.09,0.6640957915299902,0.6527535520087425,0.0862537118942622,100.29670107853475,4.445868740357142,34.23,57.31,0.13194969940668416,3.1827565092029295,0.38483920535678456,0.5,0.0,36,DART,1.7448961786773685,0,0.0,0.5462,0.2109,0.3423,0.5731,0,0,0,0,0,0,0,0,0,0,0,0,0
1760,2016,0,63.6,25.42,0.6443320350035975,0.6289817683139194,0.1877297912530825,81.24996573934493,9.709672240168635,34.37,57.54,0.12833633828078125,2.9716031108660577,0.31211481143351444,0.42857142857142855,0.0,37,DART,1.737921445950643,0,0.0,0.636,0.25420000000000004,0.34369999999999995,0.5754,0,0,0,0,0,0,0,0,0,0,0,0,0
1759,2017,0,64.63,6.77,0.5364592636452191,0.5201789308384905,0.0761199469081986,41.10124007045038,18.049421572631154,39.57,70.71,0.04395904867803488,2.667261718655189,0.2701384949238968,0.3333333333333333,0.3333333333333333,37,DART,1.4142271248762552,0,0.0,0.6463,0.0677,0.3957,0.7071,0,0,0,0,0,0,0,0,0,0,0,0,0
1758,2018,0,63.2,3.46,0.39350932468549515,0.3811636958179041,0.13155731775935356,37.74688506023744,25.780322967088303,42.62,82.31,0.02654809870641349,2.4217302385305395,0.21259359062256683,0.3333333333333333,0.0,38,DART,1.2149192078726765,0,0.0,0.632,0.0346,0.42619999999999997,0.8231,0,0,0,0,0,0,0,0,0,0,0,0,0
1757,2019,0,54.25,-56.51,0.17855438926800024,0.17206776200195129,0.04987771922052864,49.67567869288085,34.456485583506016,46.28,96.05,0.0037885815072065073,2.5536343627554565,0.2956488823940426,0.0,0.0,40,DART,1.041124414367517,0,0.0,0.5425,-0.5650999999999999,0.4628,0.9605,0,0,0,0,0,0,0,0,0,0,0,0,0
1756,2020,0,42.67,-123.46,0.2992884969446568,0.292881574138527,0.0495175440246966,83.02535886270492,47.481314132462686,47.16,107.72,-0.016758683999812004,1.9302312579860637,0.240272652450444,0.3333333333333333,0.14285714285714285,37,DART,0.9283327144448571,0,0.0,0.4267,-1.2346,0.47159999999999996,1.0772,0,0,0,0,0,0,0,0,0,0,0,0,0
1755,2021,0,43.34,-141.52,0.1467620172667587,0.14328081884745764,0.07392129313483554,64.85156665163129,49.89794995612446,51.64,136.23,-0.01637403329298875,1.889685123330125,0.3919428727079208,0.42857142857142855,0.2857142857142857,38,DART,0.7340527049842179,0,0.0,0.4334,-1.4152,0.5164,1.3622999999999998,0,0,0,0,0,0,0,0,0,0,0,0,0
1754,2022,0,45.63,-127.56,0.1428790748221973,0.13429261955532915,0.04176894989719186,38.61060814899207,13.862568110330727,53.98,167.53,-0.009355683524873815,1.6152642065691092,0.2579844562278449,0.4,0.0,34,DART,0.5969080164746613,0,0.0,0.45630000000000004,-1.2756,0.5398,1.6753,0,0,0,0,0,0,0,0,0,0,0,0,0
1753,2023,0,53.45,-79.36,0.15070803960594098,0.1426859703789369,0.04709324922548912,65.56730365664446,10.726357748736145,54.89,199.44,0.006229346175700866,1.4630098402192044,0.23128634517592808,0.4,0.4,34,DART,0.5014039310068191,0,0.0,0.5345,-0.7936,0.5489,1.9944,0,0,0,0,0,0,0,0,0,0,0,0,0
1787,2013,0,-4.79,-23.31,1.28,1.02,1.2778363082712372,2.41,6.85,8.83,14.53,-0.226266916179723,7.714267377783239,0.40457402635991285,0.5,0.0,32,DEWA,6.882312456985548,0,,-0.0479,-0.23309999999999997,0.0883,0.14529999999999998,0,0,0,0,0,0,0,0,0,0,0,0,0
1786,2014,0,5.46,0.04,1.4,1.17,1.4027422682448567,2.47,7.89,7.61,12.11,0.05970393064586187,13.748677229826622,0.3946547934505519,0.3333333333333333,0.0,34,DEWA,8.257638315441783,0,0.0,0.0546,0.0004,0.0761,0.1211,0,0,0,0,0,0,0,0,0,0,0,0,0
1785,2015,0,9.95,0.19,1.25,1.08,1.2533443115874747,2.88,10.08,14.07,23.35,0.05082115523258069,6.5253298834283475,0.35267670026180264,0.3333333333333333,0.0,36,DEWA,4.282655246252676,0,0.0,0.09949999999999999,0.0019,0.1407,0.2335,0,0,0,0,0,0,0,0,0,0,0,0,0
1784,2016,0,6.12,0.21,1.03,0.89,1.0273272004545984,3.75,13.39,13.3,22.52,0.02911538507033079,8.358599289084989,0.36032576754233697,0.3333333333333333,0.3333333333333333,37,DEWA,4.440497335701599,0,0.0,0.061200000000000004,0.0021,0.133,0.22519999999999998,0,0,0,0,0,0,0,0,0,0,0,0,0
1783,2017,0,14.16,1.14,0.84,0.62,0.8352274195423859,4.43,8.58,9.67,17.08,0.09237906836280457,7.817994619252424,0.35399259603387895,0.5,0.0,37,DEWA,5.85480093676815,0,0.0,0.1416,0.011399999999999999,0.0967,0.17079999999999998,0,0,0,0,0,0,0,0,0,0,0,0,0
1782,2018,0,8.62,0.93,0.8,0.63,0.7951267788453076,5.81,9.55,4.44,7.99,0.03520072522719196,5.88707483126405,0.3293397961577633,0.0,0.0,38,DEWA,12.51564455569462,0,0.0,0.0862,0.009300000000000001,0.0444,0.0799,0,0,0,0,0,0,0,0,0,0,0,0,0
1781,2019,0,6.01,1.1,1.01,0.68,1.011638095258976,4.9,7.43,22.37,52.47,0.025271437702132436,2.981642141195054,0.3360488573674643,0.3333333333333333,0.3333333333333333,40,DEWA,1.9058509624547362,0,0.0,0.0601,0.011000000000000001,0.2237,0.5246999999999999,0,0,0,0,0,0,0,0,0,0,0,0,0
1780,2020,0,2.46,0.54,1.12,0.96,1.1153263515129668,3.66,6.44,18.94,38.72,-0.012099471986767925,4.230476088104226,0.2888886673437185,0.6,0.375,37,DEWA,2.5826446280991737,0,0.0,0.0246,0.0054,0.1894,0.3872,0,0,0,0,0,0,0,0,0,0,0,0,0
1779,2021,0,10.79,0.34,0.66,0.57,0.6639000710789357,4.05,11.68,17.72,40.8,0.07346703757524445,3.5221062505772913,0.3297616942218456,0.5,0.3333333333333333,38,DEWA,2.450980392156863,0,0.0,0.1079,0.0034000000000000002,0.1772,0.408,0,0,0,0,0,0,0,0,0,0,0,0,0
1778,2022,0,0.14,-4.1,0.6,0.42,0.5956837254795951,5.19,12.98,14.0,34.69,-0.04778201107798002,4.248982067971687,0.359110916080035,0.0,0.0,34,DEWA,2.882675122513693,0,0.0,0.0014000000000000002,-0.040999999999999995,0.14,0.3469,0,0,0,0,0,0,0,0,0,0,0,0,0
1777,2023,0,6.95,0.48,0.69,0.59,0.6933661568731578,4.63,12.31,7.6,18.8,0.04074625916132058,6.014063834336508,0.398631347672524,0.5,0.0,34,DEWA,5.319148936170213,0,0.0,0.0695,0.0048,0.076,0.188,0,0,0,0,0,0,0,0,0,0,0,0,0
1811,2013,0,12.77,4.55,1.56,1.38,0.5450908691771641,2.14,8.07,25.28,50.1,0.08796757344351537,19.08841063428164,0.783914400886906,0.5,0.3333333333333333,32,DGIK,1.996007984031936,0,,0.1277,0.0455,0.2528,0.501,0,0,0,0,0,0,0,0,0,0,0,0,0
1810,2014,0,12.01,3.02,1.65,1.42,0.32141541655878153,2.61,9.38,14.01,25.93,0.06262002822311079,17.718450189425447,0.8976676843049086,0.3333333333333333,0.3333333333333333,34,DGIK,3.856536829926726,0,0.0,0.1201,0.0302,0.1401,0.2593,0,0,0,0,0,0,0,0,0,0,0,0,0
1809,2015,0,10.87,0.3,1.56,1.41,0.2053608996612559,1.7,8.01,11.96,23.11,0.005804655228082648,11.981455753251156,0.43450186156521137,0.5,0.2,36,DGIK,4.327131112072696,0,0.0,0.10869999999999999,0.003,0.11960000000000001,0.2311,0,0,0,0,0,0,0,0,0,0,0,0,0
1808,2016,0,7.52,-34.9,1.2,1.2,0.19873338840102714,1.43,14.41,10.33,21.17,-0.5656646670397139,7.592774557651719,0.4016900903970223,0.5714285714285714,0.14285714285714285,37,DGIK,4.7236655644780345,0,0.0,0.07519999999999999,-0.349,0.1033,0.21170000000000003,0,0,0,0,0,0,0,0,0,0,0,0,0
1807,2017,0,13.46,1.28,1.08,1.05,0.19374761913049238,1.9,86.14,12.24,28.33,-0.07696769294399655,6.806274131086189,0.4086832643867659,0.3333333333333333,0.0,37,DGIK,3.5298270384751147,0,0.0,0.1346,0.0128,0.12240000000000001,0.2833,0,0,0,0,0,0,0,0,0,0,0,0,0
1806,2018,0,7.23,-14.29,1.17,1.15,0.3099482010249731,1.46,43.8,12.5,32.51,-0.09519434467335813,6.769939144718933,0.41701311019247217,0.6666666666666666,0.0,38,DGIK,3.0759766225776684,0,0.0,0.0723,-0.1429,0.125,0.3251,0,0,0,0,0,0,0,0,0,0,0,0,0
1805,2019,0,11.45,0.13,1.37,1.35,0.4753228327943831,1.61,62.22,7.29,14.51,-0.05963865148452645,7.339492182278197,0.41280837060183345,0.5,0.2,40,DGIK,6.891798759476223,0,0.0,0.11449999999999999,0.0013,0.0729,0.1451,0,0,0,0,0,0,0,0,0,0,0,0,0
1804,2020,0,9.87,-3.13,1.42,1.4,0.2728643992613609,1.19,60.81,5.11,8.76,-0.20097144260617827,7.201515520984862,0.42883139436205187,0.16666666666666666,0.25,37,DGIK,11.415525114155251,0,0.0,0.0987,-0.0313,0.051100000000000007,0.0876,0,0,0,0,0,0,0,0,0,0,0,0,0
1803,2021,0,13.89,2.14,1.59,1.54,0.4034447192781631,1.12,27.56,2.01,3.12,-0.07570877128006338,10.036106013936525,1.6766930499975192,0.3333333333333333,0.0,38,DGIK,32.05128205128205,0,0.0,0.1389,0.021400000000000002,0.020099999999999996,0.031200000000000002,0,0,0,0,0,0,0,0,0,0,0,0,0
1802,2022,0,15.29,2.21,1.35,1.29,0.16201695154059675,1.39,19.79,1.15,1.71,-0.11564174406901648,17.99619154193252,1.1886438302043463,0.3333333333333333,0.2857142857142857,34,DGIK,58.47953216374269,0,0.0,0.15289999999999998,0.022099999999999998,0.0115,0.0171,0,0,0,0,0,0,0,0,0,0,0,0,0
1801,2023,0,17.79,5.43,1.56,1.52,0.10064773208127213,1.65,27.71,5.14,7.46,0.04958581268301411,23.70289121878567,0.8421752979702817,0.6666666666666666,0.0,34,DGIK,13.404825737265416,0,0.0,0.1779,0.054299999999999994,0.051399999999999994,0.0746,0,0,0,0,0,0,0,0,0,0,0,0,0
1835,2013,0,46.75,21.83,0.79,0.48,0.31153715948999017,7.62,0.74,20.02,36.79,0.11670719440138137,3.353147617965956,0.7971700659498425,0.5454545454545454,0.2857142857142857,32,DILD,2.718129926610492,0,,0.4675,0.2183,0.2002,0.3679,0,0,0,0,0,0,0,0,0,0,0,0,0
1834,2014,0,54.34,23.68,1.41,0.49,0.3163176595280695,11.41,0.78,23.6,47.63,0.1309859213481805,2.59470228754117,1.5090820725785157,0.3333333333333333,0.0,34,DILD,2.099517111064455,0,0.0,0.5434,0.2368,0.23600000000000002,0.4763,0,0,0,0,0,0,0,0,0,0,0,0,0
1833,2015,0,47.38,19.04,0.89,0.28,0.12313164384721732,10.47,0.64,27.74,59.83,0.10340676980026967,3.1374505973518714,1.062478456612191,0.5,0.0,36,DILD,1.671402306535183,0,0.0,0.4738,0.19039999999999999,0.2774,0.5982999999999999,0,0,0,0,0,0,0,0,0,0,0,0,0
1832,2016,0,45.53,13.06,0.92,0.29,0.14376390262490488,9.68,0.61,37.63,88.09,0.07540954421173171,2.449100345186443,1.0248046689851105,0.4,0.0,37,DILD,1.13520263367011,0,0.0,0.45530000000000004,0.1306,0.3763,0.8809,0,0,0,0,0,0,0,0,0,0,0,0,0
1831,2017,0,43.39,12.33,0.88,0.3,0.18266512018758918,10.98,0.56,33.83,70.21,0.06384418270139784,3.3516616864507585,0.5749179986860234,0.3333333333333333,0.3333333333333333,37,DILD,1.424298532972511,0,0.0,0.4339,0.1233,0.3383,0.7021,0,0,0,0,0,0,0,0,0,0,0,0,0
1830,2018,0,39.41,7.6,1.01,0.42,0.24208102332441167,7.04,0.6,35.26,76.92,0.05437886451351264,3.2222741790226923,0.4900020457123296,0.4,0.0,38,DILD,1.3000520020800832,0,0.0,0.39409999999999995,0.076,0.35259999999999997,0.7692,0,0,0,0,0,0,0,0,0,0,0,0,0
1829,2019,0,41.36,15.96,1.18,0.61,0.41482607127099014,5.66,0.66,33.56,68.55,0.08001861316490184,2.8123348114645426,0.37251833803663686,0.5,0.0,40,DILD,1.4587892049598834,0,0.0,0.41359999999999997,0.15960000000000002,0.3356,0.6855,0,0,0,0,0,0,0,0,0,0,0,0,0
1828,2020,0,40.84,2.39,1.03,0.48,0.32820795207141246,9.51,0.77,32.06,83.21,0.0806402345383599,2.1446021899021854,0.3769869220567199,0.4,0.42857142857142855,37,DILD,1.2017786323759165,0,0.0,0.40840000000000004,0.0239,0.3206,0.8321,0,0,0,0,0,0,0,0,0,0,0,0,0
1827,2021,0,39.1,-1.11,1.03,0.42,0.32358788860162796,11.87,0.5,29.49,80.28,0.06405749606282005,2.541368907913628,0.2674007798248107,0.4,0.3333333333333333,38,DILD,1.2456402590931739,0,0.0,0.391,-0.0111,0.2949,0.8028,0,0,0,0,0,0,0,0,0,0,0,0,0
1826,2022,0,40.48,6.1,1.04,0.38,0.2514371016797715,7.92,0.46,30.2,79.45,0.09562032639188632,2.575624559641058,0.2851769682691729,0.3333333333333333,0.0,34,DILD,1.2586532410320956,0,0.0,0.4048,0.061,0.302,0.7945,0,0,0,0,0,0,0,0,0,0,0,0,0
1825,2023,0,40.59,19.4,1.14,0.41,0.30826185979610343,10.97,0.65,32.36,72.26,0.15753405860736835,2.671565578446877,0.3138678978741011,0.3333333333333333,0.0,34,DILD,1.383891502906172,0,0.0,0.40590000000000004,0.19399999999999998,0.3236,0.7226,0,0,0,0,0,0,0,0,0,0,0,0,0
1859,2013,0,33.55,39.25,9.84,9.68,7.4333444647852245,3.3,44.84,0.27,0.3,1.7109530660756844,83.77896869873064,1.4723219126740215,0.5,0.25,32,DKFT,333.3333333333333,0,,0.33549999999999996,0.3925,0.0027,0.003,0,0,0,0,0,0,0,0,0,0,0,0,0
1858,2014,0,0.0,0.0,17.36,16.92,12.389378340437785,0.0,0.0,0.2,0.21,-1.6802861382511618,84.32133943789168,1.9728412706375966,0.42857142857142855,0.0,34,DKFT,476.1904761904762,0,0.0,0.0,0.0,0.002,0.0021,0,0,0,1,0,0,0,0,0,1,0,0,2
1857,2015,0,0.0,0.0,20.17,19.88,8.897405377896922,0.0,0.0,0.03,0.03,-1.5793987327683503,94.66559560033632,1.7118982318689429,0.375,0.2,36,DKFT,3333.3333333333335,0,0.0,0.0,0.0,0.0003,0.0003,0,0,0,1,0,0,0,1,1,0,0,0,3
1856,2016,0,0.0,0.0,1.63,1.32,0.3544988145299346,0.0,0.0,25.09,38.77,-0.11679666863533886,4.5151910858221065,1.5511361141222808,0.4,0.0,37,DKFT,2.579313902501934,0,0.0,0.0,0.0,0.2509,0.38770000000000004,0,0,0,0,0,0,0,0,0,0,0,0,0
1855,2017,0,76.05,-79.15,0.8,0.38,0.03296149500273777,0.63,0.08,34.71,67.31,-0.04521018734971484,3.4393622637623293,1.9001655953796306,0.5,0.0,37,DKFT,1.4856633486851878,0,0.0,0.7605,-0.7915000000000001,0.3471,0.6731,0,0,0,0,0,0,0,0,0,0,0,0,0
1854,2018,0,8.23,-18.04,0.82,0.46,0.014291169171173342,3.73,1.56,32.62,80.48,-0.025467081554233575,2.83452702164022,1.6022159079461222,0.2,0.0,38,DKFT,1.242544731610338,0,0.0,0.0823,-0.1804,0.3262,0.8048000000000001,0,0,0,0,0,0,0,0,0,0,0,0,0
1853,2019,0,25.91,-18.42,1.11,0.59,0.02790984661726959,5.49,1.02,33.07,90.02,-0.059784555086594096,2.1804598874588983,0.8207989328520471,0.5,0.2,40,DKFT,1.110864252388358,0,0.0,0.2591,-0.18420000000000003,0.3307,0.9002,0,0,0,0,0,0,0,0,0,0,0,0,0
1852,2020,0,-5.71,-24.16,0.95,0.53,0.04067931720905455,46.87,2.76,31.84,116.84,-0.09676683270539249,1.8363006540212239,1.436084071520275,0.4,0.2,37,DKFT,0.8558712769599451,0,0.0,-0.0571,-0.2416,0.3184,1.1684,0,0,0,0,0,0,0,0,0,0,0,0,0
1851,2021,0,-3.73,-24.49,0.9,0.74,0.3477659490465647,42.97,4.89,35.67,222.93,-0.09740184990791466,1.4158353949501838,1.9158832537312764,0.4,0.16666666666666666,38,DKFT,0.4485713004081998,0,0.0,-0.0373,-0.24489999999999998,0.3567,2.2293000000000003,0,0,0,0,0,0,0,0,0,0,0,0,0
1850,2022,0,41.49,3.49,0.96,0.87,0.3547152260256957,9.44,3.6,33.16,204.41,0.04707272120422709,1.421069008086472,1.5051907321807898,0.5,0.4,34,DKFT,0.48921285651386925,0,0.0,0.41490000000000005,0.0349,0.33159999999999995,2.0441,0,0,0,0,0,0,0,0,0,0,0,0,0
1849,2023,0,43.21,3.78,0.96,0.86,0.39355157128486407,6.53,4.49,32.19,197.36,0.04001156173470043,1.4274081283808844,1.5079213579777173,0.3333333333333333,0.0,34,DKFT,0.5066882853668423,0,0.0,0.4321,0.0378,0.32189999999999996,1.9736000000000002,0,0,0,0,0,0,0,0,0,0,0,0,0
1883,2013,0,69.81,31.2,4.71,1.88,2.728312820430216,5.45,1.88,21.96930162463104,28.15469050263663,1.7660642488740284,22.483441258922724,8.994068273464327,0.5,0.25,32,DLTA,3.551806047757307,0,,0.6981,0.312,0.2196930162463104,0.2815469050263663,0,0,0,0,0,0,0,0,0,0,0,0,0
1882,2014,0,70.23,32.81,4.4,1.42,2.12805352292989,5.19,1.42,23.76547063959184,31.174155384678297,1.508789336909017,19.123032089371318,8.213009715788864,0.3333333333333333,0.0,34,DLTA,3.207785383951372,0,0.0,0.7023,0.3281,0.2376547063959184,0.311741553846783,0,0,0,0,0,0,0,0,0,0,0,0,0
1881,2015,0,66.67,27.45,6.42,1.23,3.5243414456091013,3.5,1.23,18.173596462929712,22.209941629288917,1.1990322067885004,18.59745110596438,4.90033168076173,0.4,0.0,36,DLTA,4.502488195112003,0,0.0,0.6667000000000001,0.27449999999999997,0.18173596462929711,0.22209941629288918,0,0,0,0,0,0,0,0,0,0,0,0,0
1880,2016,0,66.51,32.84,7.6,1.42,4.778406837342346,4.28,1.42,15.480310618668035,18.31562649127199,1.585664354841843,22.277057392321645,3.9543639192285545,0.25,0.0,37,DLTA,5.459818698948319,0,0.0,0.6651,0.3284,0.15480310618668036,0.18315626491271988,0,0,0,0,0,0,0,0,0,0,0,0,0
1879,2017,0,71.92,35.99,8.64,1.2,6.051649803141224,4.59,1.2,14.632392188057933,17.14045006425846,1.6901572769282558,21.254742263582774,3.210623186861505,0.4,0.0,37,DLTA,5.834152523714742,0,0.0,0.7192000000000001,0.3599,0.14632392188057933,0.17140450064258458,0,0,0,0,0,0,0,0,0,0,0,0,0
1878,2018,0,72.14,37.86,7.2,1.29,5.009583585567462,5.09,1.29,15.710578174842624,18.638849139849693,1.6569321300846938,28.29156086602928,3.4291768129513733,0.3333333333333333,0.16666666666666666,38,DLTA,5.365138118222165,0,0.0,0.7214,0.3786,0.15710578174842624,0.18638849139849692,0,0,0,0,0,0,0,0,0,0,0,0,0
1877,2019,0,71.75,38.42,8.05,1.13,5.257071741068443,3.91,1.13,14.896410577679791,17.503856980411797,1.703452521671766,24.41293577162684,4.486359629066314,0.5,0.25,40,DLTA,5.713026569624508,0,0.0,0.7175,0.38420000000000004,0.14896410577679792,0.17503856980411797,0,0,0,0,0,0,0,0,0,0,0,0,0
1876,2020,0,65.83,22.6,7.5,0.95,4.7363592031709,2.97,0.95,16.78240480235025,20.16689470837319,0.6419446431735989,18.441840543415726,3.4541655083533995,0.5,0.0,37,DLTA,4.9586216145850415,0,0.0,0.6583,0.226,0.1678240480235025,0.2016689470837319,0,0,0,0,0,0,0,0,0,0,0,0,0
1875,2021,0,66.87,27.6,4.81,1.26,3.328324453004803,5.52,1.26,22.812181133356226,29.55412067384426,0.7557392905814612,19.58945397309837,2.964305947892936,0.5,0.0,38,DLTA,3.3836229168713237,0,0.0,0.6687000000000001,0.276,0.22812181133356227,0.2955412067384426,0,0,0,0,0,0,0,0,0,0,0,0,0
1874,2022,0,65.63,29.54,4.56,1.46,2.931577569674147,6.37,1.46,23.44046034562109,30.617295312172622,0.880426846466248,20.60141160596076,3.0641467972451553,0.5,0.0,34,DLTA,3.266127820253367,0,0.0,0.6563,0.2954,0.23440460345621092,0.3061729531217262,0,0,0,0,0,0,0,0,0,0,0,0,0
1873,2023,0,64.9,27.09,4.89,1.34,2.8241864366633997,4.8,1.34,22.651028329530828,29.28420099239496,0.8060862222863788,17.422163874595775,3.0247038893648734,0.3333333333333333,0.0,34,DLTA,3.4148106013194544,0,0.0,0.649,0.2709,0.22651028329530828,0.2928420099239496,0,0,0,0,0,0,0,0,0,0,0,0,0
1907,2013,0,27.33,2137.86,156.1963888764182,155.02405193207017,153.9465401450849,4.364224731792652,6.226034335016456,0.03620662694220928,0.03621974088867228,-1.811639562780944,8553.666825251057,1.5782434827599487,0.3333333333333333,0.0,32,DNET,2760.925328189606,0,,0.2733,21.378600000000002,0.0003620662694220928,0.0003621974088867228,0,1,1,1,1,0,0,1,1,1,1,0,8
1906,2014,0,98.47,17933.0,247.12706758677328,246.83510541817165,246.7238614908994,5.324111000240537,13.973248083028066,0.02481950269260596,0.024825664299025118,-7.798296628612343,12150.410729954425,1.7369276102006768,0.3333333333333333,0.5,34,DNET,4028.089592910789,0,0.0,0.9847,179.33,0.00024819502692605957,0.0002482566429902512,1,1,1,1,1,0,0,1,1,1,1,0,9
1905,2015,0,94.77,4508.69,17.210119588292947,15.82551268034538,15.191627784149984,0.3750025077225303,1.4618144431052886,0.7623153051977654,0.7681711917636687,-0.395828507896881,185.19187260868412,2.064120199323668,0.4,0.0,36,DNET,130.17931559032672,0,0.0,0.9477,45.08689999999999,0.007623153051977654,0.007681711917636686,0,1,0,1,1,0,0,0,0,0,0,0,3
1904,2016,0,99.7,1756.86,8.4451708138177,8.202003323044623,6.161143108965793,5.313499216241395,1.055231391163545,1.2679984267471336,1.2842831164588107,-0.3766877280128723,94.35425005384599,1.8959394534439902,0.5,0.0,37,DNET,77.86445116224277,0,0.0,0.997,17.5686,0.012679984267471335,0.012842831164588106,1,1,0,0,0,0,0,0,0,0,0,0,2
1903,2017,0,98.17,302.99,6.2049098273452925,6.1843290939397475,5.872072316872024,8.093395704900505,1.0243683136575694,22.285533235112286,28.67617081197184,-0.02867709472364163,5.051684161770033,3.7675156703133705,0.5,0.0,37,DNET,3.4872159416155943,0,0.0,0.9817,3.0299,0.22285533235112287,0.2867617081197184,0,0,0,0,0,0,0,0,0,0,0,0,0
1902,2018,0,99.15,217.94,15.624075045962112,15.583124115713265,14.99399365966298,10.597362062525859,1.5828406224609948,37.783281480157775,60.72850252966925,-0.018091841465872942,2.7415608163838785,5.162762827351423,1.0,0.0,38,DNET,1.6466732396561967,0,0.0,0.9915,2.1794,0.37783281480157777,0.6072850252966925,1,0,0,0,1,0,0,0,0,0,0,0,2
1901,2019,0,99.34,201.38,16.506992458089933,16.25721843950899,15.37971644826642,3.5912243921293334,2.751967982874603,38.42113610787505,62.393382533302244,-0.016817538388215494,2.684090435199517,4.55861968842431,,0.14285714285714285,40,DNET,1.6027340711432876,0,0.0,0.9934000000000001,2.0138,0.3842113610787505,0.6239338253330224,1,0,0,1,1,0,0,0,0,0,0,0,3
1900,2020,0,100.0,66.9,7.936448568573599,7.913563886233099,7.490579371166619,30.645029608523412,8.638944307619893,41.150741289797296,69.92567483719719,0.005540716144385761,2.586094424757455,4.897876654694662,0.3333333333333333,0.0,37,DNET,1.430089880903154,0,0.0,1.0,0.669,0.41150741289797294,0.6992567483719719,1,0,0,0,0,0,0,0,0,0,0,0,1
1899,2021,0,100.0,114.69,4.709990911058971,4.696544186539778,4.377097270951236,55.03923869117455,34.84122792540023,37.66189629333864,60.41553087748825,0.037331856468681826,2.987432980145569,4.130697390709972,0.3333333333333333,0.0,38,DNET,1.655203530409786,0,0.0,1.0,1.1469,0.3766189629333864,0.6041553087748825,1,0,0,0,0,0,0,0,0,0,0,0,1
1898,2022,0,100.0,119.28,1.1971935526906237,1.1938115047360314,1.0254809406571017,81.64168399913936,40.99430999711898,34.838783407597106,53.46552018130818,0.05688443409609741,5.9944404919528536,4.763554835779909,0.3333333333333333,0.0,34,DNET,1.8703642957346651,0,0.0,1.0,1.1928,0.34838783407597107,0.5346552018130818,1,0,0,0,0,0,0,0,0,0,0,0,1
1897,2023,0,100.0,56.6,1.9637447131650194,1.959182878142664,1.6455993101017867,169.6491335123261,47.94457473960129,36.87584194958587,58.41795453356379,0.05964565506361931,3.238202173324634,5.099209427029646,0.4,0.25,34,DNET,1.7118024894648687,0,0.0,1.0,0.5660000000000001,0.3687584194958587,0.5841795453356379,1,0,0,0,0,0,0,0,0,0,0,0,1
1931,2013,0,16.19,-4.23,1.41,1.31,0.7175534419379729,3.53,16.32,81.14,1283.03,0.05405514520166056,1.0959002700291405,0.9086894166936995,0.3333333333333333,0.6,32,DOID,0.07794050022213043,0,,0.16190000000000002,-0.042300000000000004,0.8114,12.8303,0,0,0,0,0,0,0,0,0,0,0,0,0
1930,2014,0,20.19,2.55,2.38,2.19,0.5908059488163016,4.15,18.76,79.26,780.54,0.09347809557278298,1.1339586108824609,1.398216494999357,0.3333333333333333,0.0,34,DOID,0.12811643221359573,0,0.0,0.20190000000000002,0.0255,0.7926000000000001,7.8054,0,0,0,0,0,0,0,0,0,0,0,0,0
1929,2015,0,22.25,-1.47,3.0,2.81,0.688764482085896,3.97,20.38,79.54,778.4,0.11383635786370826,1.1319327762846418,0.38144699784004077,0.5,0.0,36,DOID,0.12846865364850976,0,0.0,0.2225,-0.0147,0.7954000000000001,7.784,0,0,0,0,0,0,0,0,0,0,0,0,0
1928,2016,0,26.81,6.07,1.36,1.28,0.3052152106141871,4.28,23.66,68.8,479.97,0.15967094976265014,1.2357285394143795,2.492323136810924,0.4,0.125,37,DOID,0.2083463549805196,0,0.0,0.2681,0.060700000000000004,0.688,4.7997000000000005,0,0,0,0,0,0,0,0,0,0,0,0,0
1927,2017,0,29.45,6.11,1.59,1.46,0.4296389322963807,4.72,23.26,60.22,321.4,0.2203952651974161,1.3221120640421156,2.5447016068051815,0.375,0.4,37,DOID,0.3111387678904792,0,0.0,0.2945,0.0611,0.6022,3.214,0,0,0,0,0,0,0,0,0,0,0,0,0
1926,2018,0,24.16,8.48,1.58,1.46,0.36841371964903424,4.39,21.96,58.72,265.9,0.17586516805029756,1.4062172390467989,1.2026788720859947,0.3333333333333333,0.2,38,DOID,0.37608123354644607,0,0.0,0.2416,0.0848,0.5871999999999999,2.659,0,0,0,0,0,0,0,0,0,0,0,0,0
1925,2019,0,16.18,2.32,1.83,1.62,0.5171092060101083,3.77,16.91,59.44,250.37,0.09988736320123184,1.435675461544692,0.6197605279792379,0.3333333333333333,0.16666666666666666,40,DOID,0.39940887486519944,0,0.0,0.1618,0.0232,0.5943999999999999,2.5037000000000003,0,0,0,0,0,0,0,0,0,0,0,0,0
1924,2020,0,8.64,-3.9,1.67,1.49,0.6681614783455553,3.02,11.73,58.41,215.83,0.0286528307091098,1.537821079604521,0.8194298484377024,0.3333333333333333,0.3333333333333333,37,DOID,0.46332761895936614,0,0.0,0.0864,-0.039,0.5841,2.1583,0,0,0,0,0,0,0,0,0,0,0,0,0
1923,2021,0,14.81,0.03,1.42,1.28,0.43194350874255927,3.91,14.57,56.85,350.12,0.05988288350302349,1.2964162119829918,0.6012228752251273,0.3333333333333333,0.0,38,DOID,0.2856163601051068,0,0.0,0.1481,0.0003,0.5685,3.5012,0,0,0,0,0,0,0,0,0,0,0,0,0
1922,2022,0,13.11,1.84,1.55,1.36,0.37814512713569065,4.84,18.23,60.3,369.72,0.09525803448609771,1.286161935251335,0.6571490012194616,0.4,0.0,34,DOID,0.2704749540192578,0,0.0,0.1311,0.0184,0.603,3.6972000000000005,0,0,0,0,0,0,0,0,0,0,0,0,0
1921,2023,0,13.44,1.96,1.94,1.81,0.9429154689675737,5.09,20.97,63.48,436.55,0.09060878689110279,1.2538899345593313,0.7230954466687511,0.3333333333333333,0.3333333333333333,34,DOID,0.2290688351849731,0,0.0,0.1344,0.0196,0.6347999999999999,4.3655,0,0,0,0,0,0,0,0,0,0,0,0,0
1955,2013,0,21.12,50.87,10.17,7.54,6.537046900342347,7.82,2.58,12.850318398633531,14.745112274090102,0.11609087305250558,14.524324570976816,0.6965604219967616,0.5,0.0,32,DPNS,6.781908346382587,0,,0.2112,0.5086999999999999,0.1285031839863353,0.14745112274090102,0,0,0,0,0,0,0,0,0,0,0,0,0
1954,2014,0,25.51,10.94,12.72,9.66,8.158945617351614,7.68,2.26,12.216725038938996,13.916916456304582,0.5171426764731223,13.783358547411073,0.4952050413356687,0.3333333333333333,0.5,34,DPNS,7.1854997702956265,0,0.0,0.2551,0.1094,0.12216725038938997,0.13916916456304582,0,0,0,0,0,0,0,0,0,0,0,0,0
1953,2015,0,22.62,8.32,13.35,10.71,8.97078370926283,6.86,2.27,12.090737125961692,13.753655451856114,0.35480803910760644,13.48821146031626,0.5310790458337984,0.6,0.0,36,DPNS,7.270794324464815,0,0.0,0.2262,0.0832,0.12090737125961691,0.13753655451856114,0,0,0,0,0,0,0,0,0,0,0,0,0
1952,2016,0,25.44,8.63,15.16,12.41,10.576681774862026,8.03,2.53,11.098237392620272,12.483709058966895,0.369406114173993,13.341731870934357,0.503113899918945,0.3333333333333333,0.14285714285714285,37,DPNS,8.010439808205177,0,0.0,0.2544,0.0863,0.11098237392620272,0.12483709058966895,0,0,0,0,0,0,0,0,0,0,0,0,0
1951,2017,0,22.34,5.36,9.62,7.44,5.673861605464316,7.14,2.37,13.178914024707744,15.17939320461648,0.1851074132667519,13.273080082200257,0.43271161566076666,0.3333333333333333,0.0,37,DPNS,6.587878622815252,0,0.0,0.2234,0.0536,0.13178914024707744,0.1517939320461648,0,0,0,0,0,0,0,0,0,0,0,0,0
1950,2018,0,20.14,6.54,7.74,5.29,4.004974752845237,7.59,2.25,13.804618951085157,16.015497330711028,0.27034710599772854,15.154846843124448,0.37678726984611666,0.3333333333333333,0.0,38,DPNS,6.243952212975729,0,0.0,0.2014,0.0654,0.13804618951085157,0.1601549733071103,0,0,0,0,0,0,0,0,0,0,0,0,0
1949,2019,0,22.12,3.31,21.7,15.81,12.515673659370067,6.94,1.67,11.328218644512932,12.775449496269687,0.13082788658988112,11.256918710492545,0.2981443462659583,0.3333333333333333,0.0,40,DPNS,7.827513233816084,0,0.0,0.2212,0.0331,0.11328218644512932,0.12775449496269686,0,0,0,1,0,0,0,0,0,0,0,0,1
1948,2020,0,21.45,2.48,208.44,175.36,142.03606149504998,5.34,1.91,10.238246982297545,11.406023877762724,0.11728041336602418,10.013066558867953,0.31854659010618386,0.4,0.16666666666666666,37,DPNS,8.767297094210088,0,0.0,0.2145,0.0248,0.10238246982297544,0.11406023877762723,0,0,1,1,1,0,0,0,0,0,0,0,3
1947,2021,0,31.64,15.44,9.46,6.73,5.310804634604207,6.78,2.13,14.986012331101014,17.62770191355629,0.5002720947787761,11.131252862469633,0.423647660300455,0.5,0.0,38,DPNS,5.672889210992198,0,0.0,0.3164,0.15439999999999998,0.14986012331101015,0.1762770191355629,0,0,0,0,0,0,0,0,0,0,0,0,0
1946,2022,0,28.65,13.65,8.57,6.14,4.981049892985122,10.11,2.08,18.66463112419082,22.947742638413732,0.44822972873161343,8.194601741299543,0.40142080888369286,0.5,0.2,34,DPNS,4.3577271009046195,0,0.0,0.2865,0.1365,0.1866463112419082,0.22947742638413732,0,0,0,0,0,0,0,0,0,0,0,0,0
1945,2023,0,30.13,13.83,33.48,27.71,24.296088256295363,7.37,1.4,4.40335109365652,4.606177249968778,1.2591052193854977,43.962612438494865,0.41919351117911136,0.4,0.0,34,DPNS,21.709976532205275,0,0.0,0.3013,0.1383,0.0440335109365652,0.04606177249968778,0,0,1,1,1,0,0,0,0,0,0,0,3
1979,2013,0,14.67,3.38,1.09,0.46,0.03393339998716445,9.06,4.44,31.03,76.02,0.14190350163516355,3.9106407869565536,0.9095497638984854,0.0,0.0,32,DSFI,1.3154433043935807,0,,0.1467,0.0338,0.3103,0.7602,0,0,0,0,0,0,0,0,0,0,0,0,0
1978,2014,0,12.32,2.64,1.52,0.72,0.07550419817610421,9.65,5.4,28.53,64.46,0.21496914639999018,2.9806171888246125,3.0989218474367863,0.3333333333333333,0.3333333333333333,34,DSFI,1.5513496742165684,0,0.0,0.1232,0.0264,0.2853,0.6446,0,0,0,0,0,0,0,0,0,0,0,0,0
1977,2015,0,11.89,2.43,1.5,0.87,0.05353446173453594,9.32,7.25,21.01,44.37,0.20760195984932656,3.40948105697216,1.3756049402006552,0.6666666666666666,0.25,36,DSFI,2.2537750732476898,0,0.0,0.1189,0.024300000000000002,0.2101,0.4437,0,0,0,0,0,0,0,0,0,0,0,0,0
1976,2016,0,8.98,0.95,1.44,0.84,0.05246556547026531,7.8,8.14,21.16,46.7,0.07978880421212536,3.5852315812839617,1.9706076453094594,0.2857142857142857,0.0,37,DSFI,2.141327623126338,0,0.0,0.0898,0.0095,0.2116,0.467,0,0,0,0,0,0,0,0,0,0,0,0,0
1975,2017,0,9.93,1.04,1.41,0.79,0.11840764524450652,7.76,6.99,30.83,69.9,0.06916636146929293,4.099241783884909,1.2216655941893555,0.5,0.2,37,DSFI,1.4306151645207439,0,0.0,0.0993,0.0104,0.30829999999999996,0.6990000000000001,0,0,0,0,0,0,0,0,0,0,0,0,0
1974,2018,0,11.65,1.32,1.36,0.71,0.018596490413399235,8.21,5.51,30.49,67.75,0.07662110139445603,4.992779447380216,1.029078089374332,0.4,0.0,38,DSFI,1.4760147601476015,0,0.0,0.1165,0.0132,0.3049,0.6775,0,0,0,0,0,0,0,0,0,0,0,0,0
1973,2019,0,12.27,1.77,1.5,0.61,0.04656382265686324,7.19,3.37,25.6,50.86,0.09344368592766754,5.500343134838663,0.9425330133962971,0.3333333333333333,0.0,40,DSFI,1.9661816751867875,0,0.0,0.12269999999999999,0.0177,0.256,0.5085999999999999,0,0,0,0,0,0,0,0,0,0,0,0,0
1972,2020,0,10.61,-1.6,1.4,0.58,0.05391685683643781,6.17,2.53,24.04,46.47,0.0028362184890772944,7.875152326787755,0.7836017632451421,0.3333333333333333,0.0,37,DSFI,2.1519259737465033,0,0.0,0.1061,-0.016,0.2404,0.4647,0,0,0,0,0,0,0,0,0,0,0,0,0
1971,2021,0,16.01,2.74,1.54,0.86,0.0521429313746923,6.46,3.9,21.46,39.76,0.13857242575376175,8.352048434439087,0.8354212407279015,0.3333333333333333,0.0,38,DSFI,2.5150905432595576,0,0.0,0.16010000000000002,0.0274,0.2146,0.39759999999999995,0,0,0,0,0,0,0,0,0,0,0,0,0
1970,2022,0,17.41,3.87,1.85,0.82,0.12513351406356926,6.32,3.91,21.13,34.95,0.18431541595265555,9.178530154069069,0.7152393382693358,0.3333333333333333,0.3333333333333333,34,DSFI,2.8612303290414878,0,0.0,0.1741,0.0387,0.2113,0.34950000000000003,0,0,0,0,0,0,0,0,0,0,0,0,0
1969,2023,0,13.58,2.16,1.93,0.9,0.10841837896592987,7.18,3.65,20.84,34.26,0.13436134548338752,9.094730294776085,0.5041303184484373,0.42857142857142855,0.0,34,DSFI,2.9188558085230594,0,0.0,0.1358,0.0216,0.2084,0.34259999999999996,0,0,0,0,0,0,0,0,0,0,0,0,0
2003,2013,0,30.98,5.61,0.83,0.49,0.1427255399306574,13.43,4.08,50.3,177.44,0.35223235636566835,1.752357188191379,2.588780759526852,0.3333333333333333,0.0,32,DSNG,0.563570784490532,0,,0.3098,0.056100000000000004,0.503,1.7744,0,0,0,0,0,0,0,0,0,0,0,0,0
2002,2014,0,34.9,13.27,1.14,0.8,0.5065611643428519,14.81,4.59,49.6,150.1,0.5433566850527544,1.8832613518074495,3.453410863407199,0.3333333333333333,0.0,34,DSNG,0.6662225183211193,0,0.0,0.349,0.13269999999999998,0.496,1.501,0,0,0,0,0,0,0,0,0,0,0,0,0
2001,2015,0,26.55,6.84,1.1,0.76,0.38045449390930136,13.07,4.54,55.03,172.38,0.2893851362747966,1.7719896658332,2.536516447209656,0.3333333333333333,0.0,36,DSNG,0.580113702285648,0,0.0,0.2655,0.0684,0.5503,1.7238,0,0,0,0,0,0,0,0,0,0,0,0,0
2000,2016,0,24.07,6.39,1.09,0.55,0.1280667285883388,11.65,3.37,51.12,145.71,0.21484458238046347,1.8331156492108018,1.9318876280805863,0.4,0.3,37,DSNG,0.6862946949420081,0,0.0,0.2407,0.0639,0.5112,1.4571,0,0,0,0,0,0,0,0,0,0,0,0,0
1999,2017,0,33.41,12.82,1.07,0.67,0.22091489626904826,13.98,3.94,48.04,122.53,0.6792262717440771,1.9709549282223195,1.394530089359157,0.3333333333333333,0.2,37,DSNG,0.8161266628580756,0,0.0,0.33409999999999995,0.1282,0.4804,1.2253,0,0,0,0,0,0,0,0,0,0,0,0,0
1998,2018,0,32.41,9.08,1.03,0.63,0.22571679445487086,10.39,3.95,55.49,178.02,0.4010830545775406,1.635357573370757,1.1877508932861287,0.4,0.0,38,DSNG,0.5617346365576902,0,0.0,0.32409999999999994,0.0908,0.5549000000000001,1.7802,0,0,0,0,0,0,0,0,0,0,0,0,0
1997,2019,0,25.46,3.11,0.82,0.47,0.11446322353801962,10.85,4.87,55.2,171.9,0.3171423635575308,1.6750956716244827,1.3066614742447726,0.3333333333333333,0.3333333333333333,40,DSNG,0.5817335660267597,0,0.0,0.2546,0.0311,0.552,1.719,0,0,0,0,0,0,0,0,0,0,0,0,0
1996,2020,0,26.15,7.14,1.14,0.79,0.28247082876147184,14.03,6.11,45.16,102.57,0.4349262018689828,2.1071726210466872,1.0377410266406173,0.5714285714285714,0.23076923076923078,37,DSNG,0.9749439407234085,0,0.0,0.2615,0.07139999999999999,0.45159999999999995,1.0256999999999998,0,0,0,0,0,0,0,0,0,0,0,0,0
1995,2021,0,28.42,10.38,1.25,0.7,0.22755436887816424,21.18,5.6,38.72,75.57,0.7081247713697558,2.454386409452868,0.7543874617231633,0.4,0.0,38,DSNG,1.3232764324467383,0,0.0,0.2842,0.1038,0.3872,0.7556999999999999,0,0,0,0,0,0,0,0,0,0,0,0,0
1994,2022,0,32.36,12.52,1.07,0.57,0.11890461199631257,23.83,5.17,35.47,66.75,0.7418983495921132,2.954558726416055,0.7793868046381557,0.3333333333333333,0.0,34,DSNG,1.4981273408239701,0,0.0,0.3236,0.1252,0.3547,0.6675,0,0,0,0,0,0,0,0,0,0,0,0,0
1993,2023,0,26.61,8.86,1.0,0.56,0.13229842486034268,17.0,4.97,34.47,62.74,0.5421942109892154,3.0468927481222754,0.6617875224367642,0.3333333333333333,0.0,34,DSNG,1.5938795027095949,0,0.0,0.2661,0.0886,0.3447,0.6274000000000001,0,0,0,0,0,0,0,0,0,0,0,0,0
2027,2013,0,17.5,-0.76,2.06,1.78,0.9739292649387071,4.1,8.86,12.9,17.92,0.03841209912321656,7.324093558269707,0.9881585348376287,0.3333333333333333,0.0,32,DSSA,5.580357142857142,0,,0.175,-0.0076,0.129,0.17920000000000003,0,0,0,0,0,0,0,0,0,0,0,0,0
2026,2014,0,28.47,1.45,1.91,1.71,0.7917347929145904,5.47,9.99,20.17,31.34,0.05148292424705413,3.655207189478217,0.9529709080542954,0.3333333333333333,0.0,34,DSSA,3.190810465858328,0,0.0,0.2847,0.014499999999999999,0.20170000000000002,0.3134,0,0,0,0,0,0,0,0,0,0,0,0,0
2025,2015,0,41.87,15.72,1.55,1.4,0.6048665879113266,6.86,12.7,30.01,53.63,0.6218818649086969,2.812656790875206,0.605200577835011,0.4,0.125,36,DSSA,1.8646280067126608,0,0.0,0.41869999999999996,0.1572,0.30010000000000003,0.5363,0,0,0,0,0,0,0,0,0,0,0,0,0
2024,2016,0,40.42,9.1,1.75,1.62,0.737002348780872,5.53,11.86,30.18,52.49,0.5614016319085486,2.8123334811346616,0.24757815069216038,0.3333333333333333,0.0,37,DSSA,1.9051247856734614,0,0.0,0.4042,0.091,0.3018,0.5249,0,0,0,0,0,0,0,0,0,0,0,0,0
2023,2017,0,39.17,9.62,1.66,1.49,0.7061909275106761,8.07,15.54,31.28,58.89,0.7058473884164931,2.6701024813425254,0.5432893378279454,0.4,0.0,37,DSSA,1.6980811682798438,0,0.0,0.3917,0.0962,0.3128,0.5889,0,0,0,0,0,0,0,0,0,0,0,0,0
2022,2018,0,35.55,6.83,1.22,1.1,0.4708996825589421,8.05,15.45,35.47,79.37,0.500859711285617,2.237888796015642,0.4722809466994319,0.3333333333333333,0.0,38,DSSA,1.2599218848431397,0,0.0,0.3555,0.0683,0.3547,0.7937000000000001,0,0,0,0,0,0,0,0,0,0,0,0,0
2021,2019,0,34.8,4.3,1.3,1.2,0.6441085262919937,7.3,15.45,37.01,84.03,0.3622667664999034,2.15892167446772,0.4680302175785345,0.3333333333333333,0.0,40,DSSA,1.1900511722004046,0,0.0,0.348,0.043,0.3701,0.8403,0,0,0,0,0,0,0,0,0,0,0,0,0
2020,2020,0,34.73,-3.84,1.55,1.43,0.9476235627306299,6.62,12.71,25.15,45.9,0.24149810817805867,3.7076819589054146,0.5499151884838424,0.3333333333333333,0.0,37,DSSA,2.178649237472767,0,0.0,0.34729999999999994,-0.0384,0.2515,0.45899999999999996,0,0,0,0,0,0,0,0,0,0,0,0,0
2019,2021,0,41.11,12.26,1.7,1.58,0.9093742607357905,7.81,15.04,20.85,35.86,0.722546090555375,3.9826774755881615,1.5122948018459894,0.5,0.125,38,DSSA,2.7886224205242613,0,0.0,0.4111,0.1226,0.20850000000000002,0.3586,0,0,0,0,0,0,0,0,0,0,0,0,0
2018,2022,0,43.25,21.8,1.36,1.19,0.6732995001973987,13.0,18.65,25.12,53.37,0.9810514593509552,2.7259614380779165,0.6443186159411535,0.3333333333333333,0.0,34,DSSA,1.8737118231216041,0,0.0,0.4325,0.218,0.25120000000000003,0.5337,0,0,0,0,0,0,0,0,0,0,0,0,0
2017,2023,0,40.47,17.26,1.67,1.55,0.7966333262431851,10.25,15.53,26.34,46.89,1.4519729676706328,4.32980901856185,2.326902553123107,0.3333333333333333,0.0,34,DSSA,2.1326508850501176,0,0.0,0.4047,0.1726,0.2634,0.4689,0,0,0,0,0,0,0,0,0,0,0,0,0
2051,2013,0,74.13,47.17,3.51,1.79,1.5393045970287242,0.0,0.27,19.114552520542,23.631633521464295,0.4332989402376796,12.822589094048515,1.369508488566916,0.5,0.3333333333333333,32,DUTI,4.231616062815604,0,,0.7413,0.4717,0.19114552520542,0.23631633521464296,0,0,0,0,0,0,0,0,0,0,0,0,0
2050,2014,0,74.96,45.29,3.34,1.52,1.2846231418999208,23.93,0.22,23.120200894186553,30.073180683478483,0.25496977851284935,8.62597663109347,1.444264540132906,0.5714285714285714,0.3333333333333333,34,DUTI,3.3252219328744865,0,0.0,0.7495999999999999,0.45289999999999997,0.23120200894186552,0.30073180683478484,0,0,0,0,0,0,0,0,0,0,0,0,0
2049,2015,0,76.98,39.78,3.62,1.85,1.5467399569391653,27.62,0.19,24.22489907460213,31.9694712098794,0.2593067846135793,7.934732242159323,1.7332600417336992,0.5,0.0,36,DUTI,3.1279841741360235,0,0.0,0.7698,0.3978,0.24224899074602133,0.319694712098794,0,0,0,0,0,0,0,0,0,0,0,0,0
2048,2016,0,77.8,42.25,3.89,1.83,1.4487773834098405,20.75,0.2,19.59618323441699,24.372205229447726,0.3984103584455279,10.31600204851481,1.4243710867343526,0.3333333333333333,0.0,37,DUTI,4.103034545235774,0,0.0,0.778,0.4225,0.19596183234416992,0.24372205229447727,0,0,0,0,0,0,0,0,0,0,0,0,0
2047,2017,0,81.61,37.74,3.79,1.87,1.4270236153086457,12.05,0.14,21.188421373677805,26.884909226556886,0.27981234415855827,8.803300531057245,1.1985801774062048,0.5,0.5,37,DUTI,3.7195587739318126,0,0.0,0.8161,0.3774,0.21188421373677804,0.26884909226556886,0,0,0,0,0,0,0,0,0,0,0,0,0
2046,2018,0,81.84,50.62,3.6,2.05,1.7112825681632595,12.13,0.17,25.5319430553279,34.28576506876968,0.3367212645746787,6.685107718996405,0.8626202916926072,0.5,0.3333333333333333,38,DUTI,2.916662346586756,0,0.0,0.8184,0.5062,0.255319430553279,0.3428576506876968,0,0,0,0,0,0,0,0,0,0,0,0,0
2045,2019,0,78.07,52.44,3.83,2.23,1.8456237627451406,8.91,0.21,23.189763052757733,30.19097971105832,0.3682148499019491,8.34239695708065,0.8734020132931453,0.3333333333333333,0.14285714285714285,40,DUTI,3.3122475970321728,0,0.0,0.7807,0.5244,0.23189763052757734,0.3019097971105832,0,0,0,0,0,0,0,0,0,0,0,0,0
2044,2020,0,79.04,37.01,3.2,1.65,1.4465415767703724,9.06,0.13,24.890913265722048,33.139683023714014,0.19326830623066102,7.7823673122060235,0.6805274896084802,0.25,0.0,37,DUTI,3.017530370717253,0,0.0,0.7904000000000001,0.3701,0.24890913265722048,0.3313968302371401,0,0,0,0,0,0,0,0,0,0,0,0,0
2043,2021,0,67.06,33.53,3.27,1.72,1.5526416452024254,59.16,0.21,28.39803945482814,39.66098028406992,0.16405728011747617,6.704352605095951,0.5721394066926107,1.0,0.0,38,DUTI,2.521369852276839,0,0.0,0.6706,0.3353,0.2839803945482814,0.39660980284069924,0,0,0,0,0,0,0,0,0,0,0,0,0
2042,2022,0,68.03,28.06,2.43,1.28,1.1355281269065696,88.35,0.25,29.897885873483197,42.649050240517695,0.23604936644015131,9.372436044278484,0.7009730475333865,0.5,0.2,34,DUTI,2.3447180989038165,0,0.0,0.6803,0.28059999999999996,0.298978858734832,0.42649050240517694,0,0,0,0,0,0,0,0,0,0,0,0,0
2041,2023,0,62.62,33.28,2.7,1.28,1.1150544453965043,86.55,0.37,24.258034292691384,32.027204557156935,0.36864615612169344,14.60034536594353,0.7457537838002503,0.3333333333333333,0.14285714285714285,34,DUTI,3.1223455616157914,0,0.0,0.6262,0.3328,0.24258034292691386,0.32027204557156935,0,0,0,0,0,0,0,0,0,0,0,0,0
2075,2013,0,57.71,11.42,4.24,3.28,1.4697904951661995,2.85,2.74,23.137712184773875,30.102814842561042,0.5633456995465604,16.27610399180494,2.693770687645053,0.36363636363636365,0.0,32,DVLA,3.3219484796688983,0,,0.5771000000000001,0.1142,0.23137712184773876,0.30102814842561043,0,0,0,0,0,0,0,0,0,0,0,0,0
2074,2014,0,51.02,7.39,4.91,3.71,1.7093010609437849,2.98,2.49,23.66867866577721,31.007819925115683,0.34266563014922596,9.981659976914088,1.9977735611588194,0.5,0.14285714285714285,34,DVLA,3.224992928928941,0,0.0,0.5102,0.0739,0.2366867866577721,0.3100781992511568,0,0,0,0,0,0,0,0,0,0,0,0,0
2073,2015,0,49.97,8.26,3.52,2.85,1.4251156499077056,3.43,3.07,29.264496972496996,41.371723844415904,0.3024515142672624,10.144203150424817,1.4956076786199268,0.5,0.16666666666666666,36,DVLA,2.4171098206123545,0,0.0,0.4997,0.08259999999999999,0.29264496972496995,0.41371723844415903,0,0,0,0,0,0,0,0,0,0,0,0,0
2072,2016,0,53.43,10.48,2.85,2.29,0.9945278272955959,3.32,3.31,29.502161886809265,41.848321418652354,0.4538652315669864,14.955551169622922,1.8207087074927089,0.3333333333333333,0.0,37,DVLA,2.3895821053273756,0,0.0,0.5343,0.1048,0.29502161886809264,0.41848321418652357,0,0,0,0,0,0,0,0,0,0,0,0,0
2071,2017,0,54.98,10.3,2.66,2.2,1.0209654158192194,3.28,3.43,31.969681684441692,46.993285458625195,0.4194601271900319,14.455362065111919,1.967076384611421,0.42857142857142855,0.2857142857142857,37,DVLA,2.127963580840588,0,0.0,0.5498,0.10300000000000001,0.3196968168444169,0.46993285458625195,0,0,0,0,0,0,0,0,0,0,0,0,0
2070,2018,0,52.86,11.81,2.89,2.22,0.7349082170937817,3.18,3.31,28.675638352922416,40.2045495966908,0.5397868325877968,19.1795854625945,1.810271630699975,0.5,0.2,38,DVLA,2.4872806934325387,0,0.0,0.5286,0.11810000000000001,0.28675638352922417,0.40204549596690803,0,0,0,0,0,0,0,0,0,0,0,0,0
2069,2019,0,52.11,12.23,2.91,2.15,0.7715372845075151,3.17,2.83,28.628031301004203,40.111029333855264,0.5834943095533742,16.467962274524115,1.9294392017276676,0.3333333333333333,0.0,40,DVLA,2.4930798750556153,0,0.0,0.5211,0.1223,0.28628031301004203,0.40111029333855264,0,0,0,0,0,0,0,0,0,0,0,0,0
2068,2020,0,49.15,8.86,2.52,1.85,0.47731502478014853,2.84,2.63,33.24209908380716,49.795003479122165,0.31753858811062174,13.681887772801401,2.0435996943084294,0.5,0.5,37,DVLA,2.0082336180963933,0,0.0,0.4915,0.0886,0.33242099083807164,0.49795003479122163,0,0,0,0,0,0,0,0,0,0,0,0,0
2067,2021,0,50.33,7.71,2.57,1.84,0.9801620058893497,3.18,2.35,33.19868569037429,49.697653457082566,0.2843467307466074,15.4341126060925,2.2135785032129864,0.3333333333333333,0.4,38,DVLA,2.0121674373691922,0,0.0,0.5033,0.0771,0.3319868569037429,0.4969765345708257,0,0,0,0,0,0,0,0,0,0,0,0,0
2066,2022,0,50.13,7.79,3.0,1.95,0.740178597071591,3.68,2.04,30.13822128929988,43.139785223767674,0.31547212108178874,12.395321667166321,1.8911093467359181,0.4,0.16666666666666666,34,DVLA,2.318045847500081,0,0.0,0.5013000000000001,0.0779,0.3013822128929988,0.43139785223767674,0,0,0,0,0,0,0,0,0,0,0,0,0
2065,2023,0,49.72,7.74,2.86,1.96,0.4759650114949573,2.91,1.98,31.228504939790763,45.40908251660125,0.2979452881128961,11.527162235071753,1.327796487487416,0.3333333333333333,0.14285714285714285,34,DVLA,2.20220260921239,0,0.0,0.4972,0.0774,0.31228504939790763,0.4540908251660125,0,0,0,0,0,0,0,0,0,0,0,0,0
2099,2013,0,36.93,6.31,1.1,1.08,0.523222470194913,4.98,158.53,25.87,46.2,0.13292670425877812,3.5377811218826163,0.9998123616529935,0.4,0.16666666666666666,32,DYAN,2.1645021645021645,0,,0.3693,0.06309999999999999,0.2587,0.462,0,0,0,0,0,0,0,0,0,0,0,0,0
2098,2014,0,31.23,-1.3,0.91,0.89,0.31990809984491725,4.96,120.09,29.85,55.05,0.04505451563983032,3.026041140209228,0.6160278816068223,0.6666666666666666,0.6,34,DYAN,1.8165304268846503,0,0.0,0.3123,-0.013000000000000001,0.2985,0.5505,0,0,0,0,0,0,0,0,0,0,0,0,0
2097,2015,0,19.0,-15.47,0.72,0.7,0.26339169528869105,4.61,97.56,32.29,65.23,-0.11244191043915981,2.985615881287136,0.3403235864037709,0.3333333333333333,0.125,36,DYAN,1.5330369461904032,0,0.0,0.19,-0.1547,0.32289999999999996,0.6523,0,0,0,0,0,0,0,0,0,0,0,0,0
2096,2016,0,26.05,-6.85,0.75,0.73,0.2533051500740416,5.77,105.63,31.96,62.3,-0.05387944240669406,3.2271056160105487,0.31409567005437145,0.3333333333333333,0.16666666666666666,37,DYAN,1.6051364365971108,0,0.0,0.2605,-0.06849999999999999,0.3196,0.623,0,0,0,0,0,0,0,0,0,0,0,0,0
2095,2017,0,25.17,0.88,0.93,0.91,0.3220787207338493,5.4,106.45,27.06,49.68,-0.007194096603835277,3.421009710766,0.30239141718928353,0.5,0.5,37,DYAN,2.0128824476650564,0,0.0,0.25170000000000003,0.0088,0.2706,0.4968,0,0,0,0,0,0,0,0,0,0,0,0,0
2094,2018,0,32.9,7.76,1.47,1.45,0.6155862695011945,5.7,100.8,13.37,20.23,0.24170950204717265,6.771050382714287,0.4045503596315425,0.3333333333333333,0.0,38,DYAN,4.9431537320810675,0,0.0,0.32899999999999996,0.0776,0.13369999999999999,0.2023,0,0,0,0,0,0,0,0,0,0,0,0,0
2093,2019,0,30.39,2.05,1.5,1.48,0.6410625158265876,5.29,93.86,10.39,15.3,0.11096141710735541,8.609681801805259,0.6111826719791921,0.5,0.25,40,DYAN,6.5359477124183005,0,0.0,0.3039,0.020499999999999997,0.1039,0.153,0,0,0,0,0,0,0,0,0,0,0,0,0
2092,2020,0,16.28,-90.12,0.93,0.91,0.36557798709205175,2.22,0.0,24.93,45.07,-0.4061192538056316,4.540111475322361,0.40725173099091416,0.3333333333333333,0.5,37,DYAN,2.2187708009762592,0,0.0,0.1628,-0.9012,0.2493,0.4507,0,0,0,0,0,0,0,0,0,0,0,0,0
2091,2021,0,23.06,-15.57,0.82,0.81,0.2540388770792661,5.2,91.85,27.47,54.76,-0.15672835586743353,4.2786041005048085,0.6658391866240105,0.3333333333333333,0.5,38,DYAN,1.8261504747991235,0,0.0,0.2306,-0.1557,0.2747,0.5476,0,0,0,0,0,0,0,0,0,0,0,0,0
2090,2022,0,30.41,2.53,1.13,1.12,0.34583040422862915,5.89,199.41,23.1,49.24,0.16323038259100997,4.127272508211736,0.8199370936615716,1.0,0.0,34,DYAN,2.0308692120227456,0,0.0,0.3041,0.0253,0.231,0.4924,0,0,0,0,0,0,0,0,0,0,0,0,0
2089,2023,0,29.58,5.27,1.17,1.15,0.5272187839483536,6.51,118.09,22.09,44.89,0.1412849954758086,4.679338289751974,0.61321412112407,0.0,0.0,34,DYAN,2.227667631989307,0,0.0,0.2958,0.0527,0.22089999999999999,0.4489,0,0,0,0,0,0,0,0,0,0,0,0,0
2123,2013,0,19.74,10.27,5.56,3.97,3.4137796771260107,229.64,5.29,2.15,2.58,0.517353512033145,30.609734174704634,2.1971771144789587,0.3333333333333333,0.42857142857142855,32,ECII,38.75968992248062,0,,0.1974,0.1027,0.0215,0.0258,0,0,0,0,0,1,0,0,0,0,0,0,1
2122,2014,0,19.25,5.81,8.55,5.63,4.301950923820195,168.0,3.85,1.72,1.94,0.43638296460368764,31.209754830709535,0.8183090305583182,0.5,0.0,34,ECII,51.54639175257732,0,0.0,0.1925,0.0581,0.0172,0.0194,0,0,0,0,0,0,0,0,0,0,0,0,0
2121,2015,0,18.69,1.86,14.03,9.38,6.403652966585927,79.84,3.13,1.08,1.16,-0.00631831046282872,38.31781587046282,0.6453478646685263,0.5,0.0,36,ECII,86.20689655172414,0,0.0,0.1869,0.018600000000000002,0.0108,0.0116,0,0,0,0,0,0,0,0,0,0,0,0,0
2120,2016,0,15.0,-1.94,10.29,6.74,4.79820092685372,43.31,3.25,0.5,0.54,-0.4389549285371773,54.48825860971028,0.4633740021396531,0.5,0.0,37,ECII,185.18518518518516,0,0.0,0.15,-0.0194,0.005,0.0054,0,0,0,0,0,0,0,0,0,0,0,0,0
2119,2017,0,14.82,-0.54,9.18,6.43,4.816651299301446,43.04,3.77,0.19,0.22,-0.24182789735257598,41.12987984218833,0.4706396226666028,0.3333333333333333,0.0,37,ECII,454.5454545454545,0,0.0,0.1482,-0.0054,0.0019,0.0022,0,0,0,0,0,0,0,0,0,0,0,0,0
2118,2018,0,16.1,0.47,2.13,1.5,0.9625214047970976,61.42,5.47,0.23,0.29,-0.08943372019917878,26.95290411783527,1.1197499503085862,0.42857142857142855,0.125,38,ECII,344.82758620689657,0,0.0,0.161,0.004699999999999999,0.0023,0.0029,0,0,0,0,0,0,0,0,0,0,0,0,0
2117,2019,0,17.52,1.68,2.08,1.63,1.23067887296315,76.56,8.03,0.26,0.35,0.02138452546017218,22.073681944259587,0.9765799933370743,0.3333333333333333,0.3333333333333333,40,ECII,285.7142857142857,0,0.0,0.1752,0.0168,0.0026,0.0034999999999999996,0,0,0,0,0,0,0,0,0,0,0,0,0
2116,2020,0,17.18,-1.27,2.4,1.91,1.674065543278715,73.37,7.11,2.06,2.85,-0.06133102696570423,16.60769350201054,0.6976203144713593,0.0,0.6666666666666666,37,ECII,35.08771929824561,0,0.0,0.1718,-0.0127,0.0206,0.0285,0,0,0,0,0,0,0,0,0,0,0,0,0
2115,2021,0,16.72,0.48,2.59,2.01,1.7495193561853106,83.23,6.86,2.07,2.81,-0.034688890056067234,20.55202080732669,0.9239679784649383,0.5,0.0,38,ECII,35.587188612099645,0,0.0,0.1672,0.0048,0.0207,0.0281,0,0,0,0,0,0,0,0,0,0,0,0,0
2114,2022,0,17.78,0.57,2.11,1.54,1.1632283571975992,73.56,6.98,1.13,1.6,0.024281584283454675,32.534611379586856,0.5429065967754858,0.5,0.0,34,ECII,62.5,0,0.0,0.1778,0.005699999999999999,0.0113,0.016,0,0,0,0,0,0,0,0,0,0,0,0,0
2113,2023,0,16.79,0.53,1.96,1.28,0.8767286998490494,44.34,6.9,1.72,2.5,0.03400347707640353,23.59272898513843,0.3277871267893452,0.3333333333333333,0.0,34,ECII,40.0,0,0.0,0.1679,0.0053,0.0172,0.025,0,0,0,0,0,0,0,0,0,0,0,0,0
2147,2013,0,27.79,9.42,2.33,1.22,0.4548261038413521,7.45,3.17,18.43,26.65,0.5719976868217984,32.53242976132274,1.1464601649220334,0.375,0.14285714285714285,32,EKAD,3.7523452157598505,0,,0.2779,0.0942,0.1843,0.26649999999999996,0,0,0,0,0,0,0,0,0,0,0,0,0
2146,2014,0,25.41,7.78,2.33,1.06,0.39223835818018776,7.72,2.89,19.5,29.97,0.4530362078022431,17.166879036866046,1.343266117407587,0.3333333333333333,0.0,34,EKAD,3.3366700033366703,0,0.0,0.2541,0.07780000000000001,0.195,0.29969999999999997,0,0,0,0,0,0,0,0,0,0,0,0,0
2145,2015,0,28.48,8.85,3.57,2.13,1.007125554007352,7.33,2.75,8.11,10.83,0.7921296195224841,17.098683891557286,0.9573525270750671,0.3333333333333333,0.0,36,EKAD,9.233610341643582,0,0.0,0.2848,0.0885,0.08109999999999999,0.10830000000000001,0,0,0,0,0,0,0,0,0,0,0,0,0
2144,2016,0,34.86,15.95,4.89,3.09,1.8022826460686572,7.43,3.1,5.85,6.94,1.0790854015211917,15.301922539844346,0.696408617998978,0.3333333333333333,0.25,37,EKAD,14.40922190201729,0,0.0,0.3486,0.1595,0.058499999999999996,0.0694,0,0,0,0,0,0,0,0,0,0,0,0,0
2143,2017,0,30.05,11.84,4.52,2.65,1.5359172261096585,7.42,3.05,5.76,6.92,0.7802653017337497,16.62320840905105,0.7327031344184851,0.3333333333333333,0.0,37,EKAD,14.450867052023122,0,0.0,0.3005,0.1184,0.0576,0.0692,0,0,0,0,0,0,0,0,0,0,0,0,0
2142,2018,0,27.42,10.01,5.05,2.71,1.5100864662884002,7.52,2.79,4.64,5.47,0.7726234514310814,20.42410164171762,0.8245474103629549,0.3333333333333333,0.0,38,EKAD,18.281535648994517,0,0.0,0.2742,0.1001,0.0464,0.0547,0,0,0,0,0,0,0,0,0,0,0,0,0
2141,2019,0,29.3,10.21,6.92,4.31,2.743844413393741,7.25,2.7,2.93,3.32,0.9413970335252264,19.7978411836718,0.8770100357698463,0.5,0.0,40,EKAD,30.12048192771084,0,0.0,0.293,0.10210000000000001,0.029300000000000003,0.0332,0,0,0,0,0,0,0,0,0,0,0,0,0
2140,2020,0,33.51,14.28,8.11,6.84,5.415113686077234,6.97,3.31,3.48,3.95,0.8959060962493376,16.498042963989718,0.9244971811610522,0.3333333333333333,0.0,37,EKAD,25.31645569620253,0,0.0,0.33509999999999995,0.14279999999999998,0.0348,0.0395,0,0,0,0,0,0,0,0,0,0,0,0,0
2139,2021,0,35.66,17.22,7.76,5.73,4.638196880710755,7.29,3.18,4.34,4.91,0.9619778770851861,20.745422984250627,0.9867218280130915,0.5,0.0,38,EKAD,20.36659877800407,0,0.0,0.3566,0.1722,0.0434,0.049100000000000005,0,0,0,0,0,0,0,0,0,0,0,0,0
2138,2022,0,31.03,12.71,11.76,8.9,7.55779066041191,7.72,2.56,2.57,2.82,0.844721497996528,22.608502983940333,0.8790857590108822,0.42857142857142855,0.2,34,EKAD,35.46099290780142,0,0.0,0.3103,0.12710000000000002,0.025699999999999997,0.0282,0,0,0,0,0,0,0,0,0,0,0,0,0
2137,2023,0,33.51,14.29,14.21,11.08,9.590476479224899,7.17,2.15,1.74,1.89,0.7554829756160725,24.341024355837632,0.7549315454813835,0.0,0.0,34,EKAD,52.91005291005291,0,0.0,0.33509999999999995,0.1429,0.0174,0.0189,0,0,0,0,0,0,0,0,0,0,0,0,0
2171,2013,0,15.73,5.9,1.6,1.53,0.8693748289478829,3.91,35.49,17.49,33.45,0.16851978809598006,5.347191017648525,1.053997743657428,0.3333333333333333,0.25,32,ELSA,2.9895366218236172,0,,0.1573,0.059000000000000004,0.17489999999999997,0.3345,0,0,0,0,0,0,0,0,0,0,0,0,0
2170,2014,0,18.0,10.22,1.62,1.54,0.7728937808665823,4.44,31.85,10.23,17.09,0.2592296717636117,8.746351601406188,1.9609957967503655,0.4,0.0,34,ELSA,5.851375073142188,0,0.0,0.18,0.10220000000000001,0.1023,0.1709,0,0,0,0,0,0,0,0,0,0,0,0,0
2169,2015,0,19.04,10.06,1.44,1.35,0.6497326701574295,4.38,25.19,16.78,28.07,0.2652975438505423,9.139771793588721,0.6840995284583328,0.3333333333333333,0.3333333333333333,36,ELSA,3.562522265764161,0,0.0,0.19039999999999999,0.10060000000000001,0.1678,0.2807,0,0,0,0,0,0,0,0,0,0,0,0,0
2168,2016,0,16.97,8.73,1.49,1.38,0.6018676730073251,4.79,23.26,13.12,19.1,0.3170589995682346,49.748865022360754,1.0651993593590532,0.6666666666666666,0.25,37,ELSA,5.2356020942408374,0,0.0,0.1697,0.0873,0.13119999999999998,0.191,0,0,0,0,0,0,0,0,0,0,0,0,0
2167,2017,0,11.62,5.04,1.35,1.3,0.5165666257628225,5.03,38.76,14.36,22.85,0.18781068940679777,67.82841376894105,0.8898800880396602,0.3333333333333333,0.0,37,ELSA,4.3763676148796495,0,0.0,0.1162,0.0504,0.1436,0.2285,0,0,0,0,0,0,0,0,0,0,0,0,0
2166,2018,0,9.84,4.17,1.49,1.41,0.3462538110008134,4.67,45.32,14.52,24.89,0.16154199582797193,14.737725253820313,0.7607672262287134,1.0,0.0,38,ELSA,4.017677782241864,0,0.0,0.0984,0.0417,0.1452,0.2489,0,0,0,0,0,0,0,0,0,0,0,0,0
2165,2019,0,10.39,4.25,1.48,1.39,0.35403330624696777,4.57,39.51,16.56,31.51,0.16531132573128163,5.94016331401484,0.6244141943211309,0.375,0.16666666666666666,40,ELSA,3.17359568390987,0,0.0,0.1039,0.0425,0.1656,0.3151,0,0,0,0,0,0,0,0,0,0,0,0,0
2164,2020,0,9.61,3.22,1.64,1.53,0.49018697344865897,3.62,28.7,23.19,46.87,0.11440638053144582,3.996570835359245,0.6867439412383927,0.3333333333333333,0.4,37,ELSA,2.133560913164071,0,0.0,0.09609999999999999,0.0322,0.23190000000000002,0.46869999999999995,0,0,0,0,0,0,0,0,0,0,0,0,0
2163,2021,0,7.93,1.34,1.74,1.61,0.46456161365966564,3.64,25.13,15.65,29.96,0.09813861278442039,5.219073601127429,0.5331695487772535,0.3333333333333333,0.0,38,ELSA,3.337783711615487,0,0.0,0.0793,0.0134,0.1565,0.29960000000000003,0,0,0,0,0,0,0,0,0,0,0,0,0
2162,2022,0,7.41,3.07,1.48,1.36,0.47669366709555094,4.65,30.28,15.9,34.12,0.10845671365099924,4.556371253347153,0.5530763422132118,0.3333333333333333,0.0,34,ELSA,2.930832356389215,0,0.0,0.0741,0.030699999999999998,0.159,0.34119999999999995,0,0,0,0,0,0,0,0,0,0,0,0,0
2161,2023,0,9.31,4.0,1.44,1.34,0.4993175682425853,4.19,25.82,12.95,28.15,0.13388458472168277,5.642184147647775,0.6412532596871244,0.5,0.25,34,ELSA,3.5523978685612794,0,0.0,0.0931,0.04,0.1295,0.2815,0,0,0,0,0,0,0,0,0,0,0,0,0
2195,2013,0,49.47,15.1,1.84,0.95,0.3437756097979409,1.61,0.47,11.36,19.11,0.14831305161556257,7.099487289414207,0.6664681037045336,0.0,0.0,32,EMDE,5.2328623757195185,0,,0.4947,0.151,0.11359999999999999,0.1911,0,0,0,0,0,0,0,0,0,0,0,0,0
2194,2014,0,53.4,14.46,1.62,0.85,0.3793571684332796,1.96,0.52,21.06,41.18,0.12539497459204418,4.278529484250182,0.7611556777606234,0.3333333333333333,0.0,34,EMDE,2.4283632831471587,0,0.0,0.534,0.1446,0.21059999999999998,0.4118,0,0,0,0,0,0,0,0,0,0,0,0,0
2193,2015,0,59.75,18.83,1.49,0.66,0.33992814262072,2.39,0.42,20.59,37.31,0.19383287555218057,5.065180174599191,0.7309820601743031,0.3333333333333333,0.5,36,EMDE,2.680246582685607,0,0.0,0.5975,0.1883,0.2059,0.37310000000000004,0,0,0,0,0,0,0,0,0,0,0,0,0
2192,2016,0,57.02,19.81,2.06,0.95,0.46978506256223185,2.54,0.4,30.09,59.64,0.13937490003402783,3.1704724402269804,0.6822004295846039,0.375,0.0,37,EMDE,1.6767270288397047,0,0.0,0.5702,0.1981,0.3009,0.5964,0,0,0,0,0,0,0,0,0,0,0,0,0
2191,2017,0,66.92,26.77,3.02,1.03,0.5227031423610541,2.4,0.22,44.69,106.11,0.16460374723218416,2.173019564422999,1.1071585595592384,0.3333333333333333,0.16666666666666666,37,EMDE,0.9424182452172275,0,0.0,0.6692,0.2677,0.44689999999999996,1.0611,0,0,0,0,0,0,0,0,0,0,0,0,0
2190,2018,0,43.07,7.07,2.98,0.61,0.1426008336732091,1.2,0.13,42.49,110.73,0.04315127357614003,1.9961115348196152,1.0575552247517317,0.0,0.3333333333333333,38,EMDE,0.9030976248532466,0,0.0,0.4307,0.0707,0.4249,1.1073,0,0,0,0,0,0,0,0,0,0,0,0,0
2189,2019,0,56.13,-20.97,3.97,0.62,0.19528054716228932,1.01,0.06,45.57,126.52,0.006408476623362771,1.7794957796460307,0.9717298257550052,0.4,0.4,40,EMDE,0.7903888713246918,0,0.0,0.5613,-0.2097,0.4557,1.2651999999999999,0,0,0,0,0,0,0,0,0,0,0,0,0
2188,2020,0,43.05,-66.08,2.09,0.14,0.0677866128370989,1.11,0.04,40.02,179.09,-0.013608391665752463,1.5387029482550596,1.1729488264614567,0.5,0.14285714285714285,37,EMDE,0.5583784689262382,0,0.0,0.4305,-0.6607999999999999,0.40020000000000006,1.7909,0,0,0,0,0,0,0,0,0,0,0,0,0
2187,2021,0,51.96,596.04,1.49,0.16,0.07964799790632057,4.89,0.06,26.16,57.54,0.020411303314200584,2.6416812137785284,0.32809209735927664,0.3333333333333333,0.5,38,EMDE,1.737921445950643,0,0.0,0.5196000000000001,5.9604,0.2616,0.5754,0,1,0,0,0,0,0,0,0,0,0,0,1
2186,2022,0,56.61,-44.5,1.37,0.12,0.05990583948000773,4.47,0.05,25.87,59.55,0.004381857911780304,2.590857078955162,0.2513140949567472,0.8333333333333334,0.0,34,EMDE,1.679261125104954,0,0.0,0.5661,-0.445,0.2587,0.5954999999999999,0,0,0,0,0,0,0,0,0,0,0,0,0
2185,2023,0,52.3,-175.67,1.34,0.1,0.04860139848059134,6.92,0.06,27.3,70.75,0.006699933841648802,2.2900872170461675,0.28863143254428764,0.5,0.3333333333333333,34,EMDE,1.4134275618374559,0,0.0,0.523,-1.7567,0.273,0.7075,0,0,0,0,0,0,0,0,0,0,0,0,0
2219,2013,0,46.6,23.56,4.31,4.01,3.0079593207371267,4.87,7.12,14.32,19.62,0.41751224961776534,6.195917314170283,3.342868076153292,0.4,0.0,32,EMTK,5.09683995922528,0,,0.466,0.23559999999999998,0.1432,0.1962,0,0,0,0,0,0,0,0,0,0,0,0,0
2218,2014,0,46.35,24.58,7.8,7.37,6.282837565963547,4.1,5.21,9.53,11.62,0.4478404701780264,9.75605526655571,2.6984456293445507,0.5,0.0,34,EMTK,8.605851979345955,0,0.0,0.4635,0.2458,0.0953,0.1162,0,0,0,0,0,0,0,0,0,0,0,0,0
2217,2015,0,45.74,28.62,7.93,7.29,5.923674046506385,4.05,4.4,1.99,2.27,0.7397707107098267,20.2700268348332,3.7748936863601834,0.5,0.16666666666666666,36,EMTK,44.052863436123346,0,0.0,0.45740000000000003,0.2862,0.0199,0.0227,0,0,0,0,0,0,0,0,0,0,0,0,0
2216,2016,0,43.43,11.7,5.08,4.5,3.262258460194623,4.19,4.31,2.7,3.5,0.29437886172715777,6.658651468152626,3.567663705037047,0.4,0.0,37,EMTK,28.57142857142857,0,0.0,0.4343,0.11699999999999999,0.027000000000000003,0.035,0,0,0,0,0,0,0,0,0,0,0,0,0
2215,2017,0,37.37,5.9,5.64,5.02,3.8914106993094917,3.94,4.24,2.98,3.71,0.11221256270693813,8.146492621613307,3.0016182911767215,0.3333333333333333,0.0,37,EMTK,26.954177897574123,0,0.0,0.3737,0.059000000000000004,0.0298,0.0371,0,0,0,0,0,0,0,0,0,0,0,0,0
2214,2018,0,31.64,-25.73,4.32,3.79,2.7934689412297042,4.66,5.22,3.59,4.54,0.029853292890246116,9.648696464116282,3.063583249776843,0.4,0.3333333333333333,38,EMTK,22.026431718061673,0,0.0,0.3164,-0.25730000000000003,0.0359,0.0454,0,0,0,0,0,0,0,0,0,0,0,0,0
2213,2019,0,25.02,2.69,3.2,2.75,1.7845084574046999,5.3,6.85,12.53,17.92,0.17106062208117487,5.742852665215689,2.564612134045209,0.3333333333333333,0.0,40,EMTK,5.580357142857142,0,0.0,0.2502,0.0269,0.1253,0.17920000000000003,0,0,0,0,0,0,0,0,0,0,0,0,0
2212,2020,0,24.24,28.12,2.56,2.18,1.2718407248844086,5.21,7.84,17.2,24.8,0.2304697901340633,5.731992518295786,6.372703709192441,0.4,0.42857142857142855,37,EMTK,4.032258064516129,0,0.0,0.24239999999999998,0.2812,0.172,0.248,0,0,0,0,0,0,0,0,0,0,0,0,0
2211,2021,0,28.88,46.88,4.03,3.61,2.5703728789123206,4.79,7.46,2.18,2.47,0.295845881684844,27.180357370054566,4.147190232169921,0.3333333333333333,0.0,38,EMTK,40.48582995951416,0,0.0,0.2888,0.46880000000000005,0.0218,0.024700000000000003,0,0,0,0,0,0,0,0,0,0,0,0,0
2210,2022,0,33.7,55.3,5.27,4.5,3.4098229577338945,3.28,3.46,2.66,2.97,0.06078752446714446,28.64611945666417,1.5810626027427899,0.3333333333333333,0.0,34,EMTK,33.67003367003367,0,0.0,0.337,0.5529999999999999,0.026600000000000002,0.0297,0,0,0,0,0,0,0,0,0,0,0,0,0
2209,2023,0,30.98,-2.67,4.93,4.41,3.304320383877864,2.99,3.11,2.4,2.69,-0.007118879221294062,30.259803032744596,0.9427996773638151,0.5,0.75,34,EMTK,37.174721189591075,0,0.0,0.3098,-0.026699999999999998,0.024,0.0269,0,0,0,0,0,0,0,0,0,0,0,0,0
2243,2013,0,36.79,21.48,0.69,0.61,0.23739178551750292,3.68,10.35,31.86,83.19,0.1627990352284621,2.1314431136652905,0.27840717927914554,0.5,0.0,32,ENRG,1.2020675561966583,0,,0.3679,0.2148,0.3186,0.8319,0,0,0,0,0,0,0,0,0,0,0,0,0
2242,2014,0,17.54,-9.11,0.59,0.52,0.12125221172776653,3.26,12.93,27.49,85.04,0.09355381739257052,2.062303791923139,0.5585612771956882,0.3333333333333333,0.0,34,ENRG,1.1759172154280337,0,0.0,0.1754,-0.0911,0.2749,0.8504,0,0,0,0,0,0,0,0,0,0,0,0,0
2241,2015,0,4.13,-46.07,0.58,0.52,0.16975279963286335,2.34,11.5,27.81,114.53,0.009428743955633485,1.979988686536865,0.4651231114743994,0.5,0.6666666666666666,36,ENRG,0.8731336767659129,0,0.0,0.041299999999999996,-0.4607,0.2781,1.1453,0,0,0,0,0,0,0,0,0,0,0,0,0
2240,2016,0,17.29,-84.21,0.79,0.74,0.2269526806952422,2.08,10.1,32.54,831.13,0.05967111575817017,1.1084531592671412,3.795419488787384,0.4,0.25,37,ENRG,0.12031812111222072,0,0.0,0.1729,-0.8421,0.32539999999999997,8.3113,0,0,0,0,0,0,0,0,0,0,0,0,0
2239,2017,0,41.14,4.66,0.7,0.63,0.20954622666636538,1.97,5.27,42.71,604.38,0.14627207321135297,1.2073684146939803,0.626975599099147,0.3333333333333333,0.0,37,ENRG,0.16545881730037393,0,0.0,0.4114,0.0466,0.42710000000000004,6.0438,0,0,0,0,0,0,0,0,0,0,0,0,0
2238,2018,0,27.72,-3.15,0.34,0.27,0.12722469292852956,3.85,5.85,35.55,303.14,0.10009290092098383,1.5113366745443202,0.403376355852583,0.3333333333333333,0.0,38,ENRG,0.3298805832288712,0,0.0,0.2772,-0.0315,0.3555,3.0313999999999997,0,0,0,0,0,0,0,0,0,0,0,0,0
2237,2019,0,47.14,7.34,0.35,0.27,0.06758443720842358,4.88,5.44,25.38,162.53,0.2509067409983088,1.6188289527588609,0.33777266901771835,0.3333333333333333,0.14285714285714285,40,ENRG,0.6152710268873439,0,0.0,0.4714,0.07339999999999999,0.25379999999999997,1.6253,0,0,0,0,0,0,0,0,0,0,0,0,0
2236,2020,0,39.39,18.04,0.37,0.28,0.06789386272381186,4.63,6.07,22.09,87.94,0.18241982948488364,1.778214115093336,0.43082112418660207,0.3333333333333333,0.4,37,ENRG,1.137138958380714,0,0.0,0.39390000000000003,0.1804,0.22089999999999999,0.8794,0,0,0,0,0,0,0,0,0,0,0,0,0
2235,2021,0,36.49,9.77,0.55,0.43,0.11195665625641162,5.17,7.31,17.95,42.55,0.21955276629380752,2.398500709316678,0.39572848512245007,0.375,0.3333333333333333,38,ENRG,2.3501762632197414,0,0.0,0.3649,0.0977,0.1795,0.4255,0,0,0,0,0,0,0,0,0,0,0,0,0
2234,2022,0,40.57,14.77,0.53,0.42,0.13708815491814175,5.02,7.19,14.61,33.88,0.2353714206939926,2.506732201949675,0.9104926543438826,0.3333333333333333,0.14285714285714285,34,ENRG,2.9515938606847696,0,0.0,0.4057,0.1477,0.1461,0.33880000000000005,0,0,0,0,0,0,0,0,0,0,0,0,0
2233,2023,0,34.51,16.2,0.67,0.56,0.2267687480917273,4.18,7.42,20.18,47.22,0.15402372598251943,2.3927509872649435,0.6062230829613638,0.3333333333333333,0.0,34,ENRG,2.117746717492588,0,0.0,0.34509999999999996,0.162,0.2018,0.4722,0,0,0,0,0,0,0,0,0,0,0,0,0
2267,2013,0,11.29,2.97,1.88,1.05,0.17861632264569632,8.4,7.63,0.45028678555927687,0.8191303642161806,0.2514717190469442,55.52615740501844,3.5653465470304924,0.3,0.25,32,EPMT,122.08068992252439,0,,0.11289999999999999,0.0297,0.004502867855592768,0.008191303642161805,0,0,0,0,0,0,0,0,0,0,0,0,0
2266,2014,0,11.32,3.0,1.98,1.22,0.30048328100301985,8.04,7.59,0.4302502266946215,0.755156468423925,0.24176394675299953,42.81342101129763,2.1480546237005833,0.3333333333333333,0.14285714285714285,34,EPMT,132.42288741657526,0,0.0,0.11320000000000001,0.03,0.004302502266946215,0.0075515646842392505,0,0,0,0,0,0,0,0,0,0,0,0,0
2265,2015,0,12.05,3.13,2.17,1.39,0.487964631501366,7.85,7.7,0.3968162483725065,0.6578695916490258,0.2645394553927652,45.42840455888266,1.996420025865751,0.3333333333333333,0.3333333333333333,36,EPMT,152.00580976746244,0,0.0,0.12050000000000001,0.0313,0.003968162483725065,0.006578695916490258,0,0,0,0,0,0,0,0,0,0,0,0,0
2264,2016,0,11.48,2.94,2.52,1.62,0.5772199151897248,8.33,8.09,0.34812962534069813,0.5340473181065998,0.27701590962973244,44.558396550543236,1.7119612418834156,0.3333333333333333,0.4,37,EPMT,187.24932531173064,0,0.0,0.1148,0.0294,0.003481296253406981,0.005340473181065997,0,0,0,0,0,0,0,0,0,0,0,0,0
2263,2017,0,10.83,2.63,2.8,1.73,0.4436631733478134,7.97,7.9,0.30906175229356,0.44730734377418846,0.2807577341951965,47.53899144154384,1.578948847694517,0.3333333333333333,0.4,37,EPMT,223.55993343691316,0,0.0,0.10830000000000001,0.0263,0.0030906175229355997,0.0044730734377418846,0,0,0,0,0,0,0,0,0,0,0,0,0
2262,2018,0,11.61,3.17,2.85,1.9,0.5841383065838229,7.33,7.85,0.3045918518552871,0.438004433321512,0.32931214332113745,63.74070847264498,0.9827723949081587,0.5,0.0,38,EPMT,228.30819140726865,0,0.0,0.1161,0.0317,0.0030459185185528707,0.00438004433321512,0,0,0,0,0,0,0,0,0,0,0,0,0
2261,2019,0,11.02,2.61,2.89,1.92,0.49588299891653587,7.0,8.41,0.295883120905423,0.42021875868877917,0.2901639053780325,55.87448705143892,0.9059279766989843,0.3333333333333333,0.4,40,EPMT,237.9712897920905,0,0.0,0.11019999999999999,0.026099999999999998,0.00295883120905423,0.004202187586887791,0,0,0,0,0,0,0,0,0,0,0,0,0
2260,2020,0,10.88,3.02,2.98,2.06,0.7071172867997918,6.84,8.54,0.28792359239095944,0.40434367620425554,0.2893310871544479,56.45311522001204,0.8669738331909329,0.5,0.0,37,EPMT,247.31436618161595,0,0.0,0.10880000000000001,0.0302,0.002879235923909594,0.004043436762042555,0,0,0,0,0,0,0,0,0,0,0,0,0
2259,2021,0,10.9,3.3,2.94,1.79,0.5666432456271977,7.98,8.36,0.2963023957682358,0.421064948901898,0.3587327384998735,60.17401281918386,1.0681192095361234,0.5,0.1,38,EPMT,237.4930524632639,0,0.0,0.109,0.033,0.002963023957682358,0.00421064948901898,0,0,0,0,0,0,0,0,0,0,0,0,0
2258,2022,0,10.55,3.01,2.78,1.64,0.3128512069726755,7.97,7.4,0.313845314597052,0.4573973205659081,0.33527211666014206,67.37915860118626,1.043590699580397,0.4,0.25,34,EPMT,218.62830301733396,0,0.0,0.10550000000000001,0.0301,0.00313845314597052,0.004573973205659081,0,0,0,0,0,0,0,0,0,0,0,0,0
2257,2023,0,10.2,2.41,2.6,1.52,0.19301262192187107,6.96,6.88,0.333887281917331,0.5012474208244939,0.24459939195340719,71.96755072090664,0.9612963379104466,0.3333333333333333,0.2857142857142857,34,EPMT,199.502273419206,0,0.0,0.102,0.0241,0.0033388728191733105,0.005012474208244939,0,0,0,0,0,0,0,0,0,0,0,0,0
2291,2013,0,9.19,2.74,1.72,0.68,0.05221788808692207,10.97,6.54,23.45,42.59,0.24095452524313582,56.28539529914765,1.0532648810391285,0.6,0.0,32,ERAA,2.3479690068091097,0,,0.0919,0.0274,0.2345,0.42590000000000006,0,0,0,0,0,0,0,0,0,0,0,0,0
2290,2014,0,8.92,1.49,1.47,0.75,0.06480495666672546,9.84,5.97,25.66,52.19,0.1533606868860697,16.136557556391047,1.050385532003692,0.3333333333333333,0.0,34,ERAA,1.9160758766047135,0,0.0,0.0892,0.0149,0.2566,0.5219,0,0,0,0,0,0,0,0,0,0,0,0,0
2289,2015,0,7.53,1.15,1.24,0.63,0.03294901818918282,9.68,7.67,20.51,49.92,0.10243029587981672,17.391123924801587,0.49307324067259334,0.42857142857142855,0.0,36,ERAA,2.003205128205128,0,0.0,0.0753,0.0115,0.2051,0.49920000000000003,0,0,0,0,0,0,0,0,0,0,0,0,0
2288,2016,0,8.72,1.27,1.31,0.7,0.1592151553655826,9.64,7.32,12.2,26.57,0.1325259479829952,43.49455677316153,0.5103894652196811,0.6666666666666666,0.2,37,ERAA,3.763643206624012,0,0.0,0.0872,0.0127,0.122,0.2657,0,0,0,0,0,0,0,0,0,0,0,0,0
2287,2017,0,8.91,1.43,1.32,0.51,0.07553566776557505,12.81,6.76,19.77,47.32,0.11502854482211027,32.27953367834547,0.5750468486000273,0.6,0.16666666666666666,37,ERAA,2.113271344040575,0,0.0,0.0891,0.0143,0.1977,0.4732,0,0,0,0,0,0,0,0,0,0,0,0,0
2286,2018,0,9.12,2.56,1.3,0.37,0.03734686442429069,17.84,5.58,33.8,88.84,0.18736176611616343,42.35329621828466,1.4543214268775153,0.3333333333333333,0.0,38,ERAA,1.1256190904997747,0,0.0,0.09119999999999999,0.0256,0.33799999999999997,0.8884000000000001,0,0,0,0,0,0,0,0,0,0,0,0,0
2285,2019,0,8.65,0.99,1.5,0.6,0.12768488755953328,18.13,5.29,27.75,54.33,0.1555120840235626,33.444038793758274,1.150105642728303,0.0,0.0,40,ERAA,1.8406037180195103,0,0.0,0.08650000000000001,0.009899999999999999,0.2775,0.5433,0,0,0,0,0,0,0,0,0,0,0,0,0
2284,2020,0,10.0,1.97,1.47,0.76,0.3939677780753685,21.15,7.86,20.39,40.19,0.19503416152866299,15.951800873990651,1.2338264242051118,0.3333333333333333,0.0,37,ERAA,2.488181139586962,0,0.0,0.1,0.0197,0.2039,0.4019,0,0,0,0,0,0,0,0,0,0,0,0,0
2283,2021,0,11.06,2.57,1.55,0.49,0.12862098485252935,33.01,9.46,19.07,33.56,0.3271138718761137,11.251029961863148,1.4808827621682772,0.3333333333333333,0.0,38,ERAA,2.9797377830750893,0,0.0,0.1106,0.025699999999999997,0.1907,0.3356,0,0,0,0,0,0,0,0,0,0,0,0,0
2282,2022,0,10.77,2.18,1.24,0.5,0.12129567868359661,32.35,7.84,28.33,67.1,0.17399188452283346,9.635196695039308,0.8680437363739388,0.5,0.0,34,ERAA,1.490312965722802,0,0.0,0.10769999999999999,0.0218,0.2833,0.6709999999999999,0,0,0,0,0,0,0,0,0,0,0,0,0
2281,2023,0,10.58,1.42,1.25,0.45,0.1758569244226912,29.53,7.17,32.22,81.03,0.1452081155622396,5.093299677018839,0.8356769382269906,0.5,0.16666666666666666,34,ERAA,1.2341108231519191,0,0.0,0.1058,0.014199999999999999,0.3222,0.8103,0,0,0,0,0,0,0,0,0,0,0,0,0
2315,2013,0,8.34,1.26,1.01,0.38,0.014659062456530812,8.88,4.71,59.34,259.04,0.03868012905439426,1.6085137629142656,0.3548037225007573,0.5,0.0,32,ERTX,0.3860407659048795,0,,0.0834,0.0126,0.5934,2.5904000000000003,0,0,0,0,0,0,0,0,0,0,0,0,0
2314,2014,0,11.13,4.1,1.0,0.43,0.012434512499489394,7.72,4.29,58.39,230.76,0.09438014659204912,1.7808129448192385,0.6940360400261913,0.3333333333333333,0.0,34,ERTX,0.43335066736002775,0,0.0,0.11130000000000001,0.040999999999999995,0.5839,2.3076,0,0,0,0,0,0,0,0,0,0,0,0,0
2313,2015,0,12.97,7.69,1.26,0.66,0.16290378243886894,7.79,5.02,55.99,173.13,0.16544963663783357,2.1720618994789187,0.61271563725968,0.5,0.16666666666666666,36,ERTX,0.5776006469127245,0,0.0,0.1297,0.07690000000000001,0.5599000000000001,1.7313,0,0,0,0,0,0,0,0,0,0,0,0,0
2312,2016,0,9.08,2.21,1.27,0.56,0.20675590551739553,9.26,5.2,50.55,133.08,0.09872920552206398,2.2708887670043545,0.7879192607700676,0.3333333333333333,0.0,37,ERTX,0.7514277126540425,0,0.0,0.0908,0.022099999999999998,0.5055,1.3308000000000002,0,0,0,0,0,0,0,0,0,0,0,0,0
2311,2017,0,4.62,-2.46,1.04,0.41,0.06102770169679657,10.66,4.76,54.0,179.02,-0.016334796507622602,2.2392209762027693,0.6260234447779438,0.42857142857142855,0.2857142857142857,37,ERTX,0.5585968048262764,0,0.0,0.0462,-0.0246,0.54,1.7902,0,0,0,0,0,0,0,0,0,0,0,0,0
2310,2018,0,8.46,1.4,1.01,0.55,0.02887121617527704,6.81,4.57,53.55,176.27,0.053056218011846186,2.3915164316885056,0.5836398374276418,0.3333333333333333,0.0,38,ERTX,0.5673115107505531,0,0.0,0.08460000000000001,0.013999999999999999,0.5355,1.7627000000000002,0,0,0,0,0,0,0,0,0,0,0,0,0
2309,2019,0,9.17,0.97,1.08,0.47,0.08130686216007489,6.52,4.53,55.47,202.54,0.05096878555682165,2.1399298528588253,0.6633447598748651,0.3333333333333333,0.0,40,ERTX,0.49372963365261185,0,0.0,0.0917,0.0097,0.5547,2.0254,0,0,0,0,0,0,0,0,0,0,0,0,0
2308,2020,0,7.96,-1.28,1.02,0.41,0.10078181041697448,6.98,3.34,54.71,205.63,0.010906727056795356,2.1145927500901203,0.6027669223234385,0.3333333333333333,0.3333333333333333,37,ERTX,0.4863103632738414,0,0.0,0.0796,-0.0128,0.5471,2.0563,0,0,0,0,0,0,0,0,0,0,0,0,0
2307,2021,0,7.2,1.69,1.09,0.39,0.11231109963891313,9.99,3.84,57.15,208.62,0.06167371888425296,2.1517453035838408,0.970227438343309,0.3333333333333333,0.5,38,ERTX,0.47934042757166145,0,0.0,0.07200000000000001,0.0169,0.5715,2.0862,0,0,0,0,0,0,0,0,0,0,0,0,0
2306,2022,0,9.59,3.56,1.18,0.42,0.029835874427665846,9.64,3.72,53.32,178.52,0.11356826220718905,2.3546007550790633,1.6524887144669476,0.5,0.0,34,ERTX,0.560161326462021,0,0.0,0.0959,0.0356,0.5332,1.7852000000000001,0,0,0,0,0,0,0,0,0,0,0,0,0
2305,2023,0,9.79,2.26,1.28,0.6,0.09925102019667521,8.03,4.13,50.69,161.26,0.11009001383720032,2.26990125534388,0.7866074383494378,0.4,0.16666666666666666,34,ERTX,0.6201165819174005,0,0.0,0.09789999999999999,0.0226,0.5069,1.6125999999999998,0,0,0,0,0,0,0,0,0,0,0,0,0
2339,2013,0,64.53,29.76,3.24,3.17,2.605195321339649,8.1,16.6,16.92,22.25,0.5649742197918715,7.187514448211249,2.388206973730295,0.375,0.0,32,ESSA,4.49438202247191,0,,0.6453,0.29760000000000003,0.16920000000000002,0.2225,0,0,0,0,0,0,0,0,0,0,0,0,0
2338,2014,0,63.48,25.45,1.65,1.59,0.701616571447945,5.57,15.45,22.15,30.85,0.37588634671021176,5.291288518140767,2.655271915684929,0.5,0.0,34,ESSA,3.2414910858995136,0,0.0,0.6347999999999999,0.2545,0.22149999999999997,0.3085,0,0,0,0,0,0,0,0,0,0,0,0,0
2337,2015,0,42.27,12.03,1.6,1.58,0.2696820862953225,4.88,23.46,19.28,29.25,0.09053589922362273,4.459165136119248,0.7191254974108865,0.3333333333333333,0.3333333333333333,36,ESSA,3.418803418803419,0,0.0,0.4227,0.12029999999999999,0.1928,0.2925,0,0,0,0,0,0,0,0,0,0,0,0,0
2336,2016,0,34.15,0.53,2.34,2.33,1.5796240164454995,3.71,18.89,60.41,192.27,0.007621321985885554,1.5238047344345398,0.6291684737566863,0.5,0.2,37,ESSA,0.5201019399802361,0,0.0,0.34149999999999997,0.0053,0.6041,1.9227,0,0,0,0,0,0,0,0,0,0,0,0,0
2335,2017,0,48.09,6.5,0.68,0.65,0.3097194840016856,3.64,9.32,61.92,240.06,0.014105732966684421,1.4405387982733062,0.842710791815988,1.0,0.2,37,ESSA,0.4165625260351579,0,0.0,0.48090000000000005,0.065,0.6192,2.4006,0,0,0,0,0,0,0,0,0,0,0,0,0
2334,2018,0,42.65,26.77,1.86,1.77,1.1523891952481773,9.41,15.69,61.38,179.87,0.08107276694286214,1.611046083118277,1.0291791370403622,0.6,0.0,38,ESSA,0.5559570801134153,0,0.0,0.4265,0.2677,0.6138,1.7987,0,0,0,0,0,0,0,0,0,0,0,0,0
2333,2019,0,18.15,0.27,2.32,2.14,1.7943500465988311,13.15,15.65,55.7,161.67,0.04043072201882728,1.6110182978056689,0.8951904374131276,0.5,0.0,40,ESSA,0.6185439475474733,0,0.0,0.1815,0.0027,0.557,1.6166999999999998,0,0,0,0,0,0,0,0,0,0,0,0,0
2332,2020,0,5.38,-19.13,1.09,0.86,0.7774674602814721,22.73,9.0,56.82,144.33,-0.015059512124186566,1.8090239314867815,0.7513109437211064,0.5,0.0,37,ESSA,0.6928566479595372,0,0.0,0.0538,-0.1913,0.5682,1.4433,0,0,0,0,0,0,0,0,0,0,0,0,0
2331,2021,0,36.35,4.73,1.62,1.28,0.8267942605850623,27.14,7.14,58.51,157.43,0.17075824010204832,1.732300067583469,1.9365401907405633,0.5,0.0,38,ESSA,0.6352029473416757,0,0.0,0.3635,0.0473,0.5851,1.5743,0,0,0,0,0,0,0,0,0,0,0,0,0
2330,2022,0,46.64,30.18,2.24,2.0,1.2522355894496642,17.88,12.67,32.47,51.39,0.9414963916092958,3.853167142599484,1.7523785656192834,0.5,0.2,34,ESSA,1.9459038723487059,0,0.0,0.4664,0.3018,0.3247,0.5139,0,0,0,0,0,0,0,0,0,0,0,0,0
2329,2023,0,29.91,13.54,1.44,1.24,0.8282687072642689,6.91,8.94,23.17,32.38,0.3868124798874982,7.809378670566367,1.1915149535692175,0.375,0.2222222222222222,34,ESSA,3.088326127239036,0,0.0,0.2991,0.1354,0.23170000000000002,0.32380000000000003,0,0,0,0,0,0,0,0,0,0,0,0,0
2363,2013,0,64.53,29.76,3.24,3.17,2.605195321339649,8.1,16.6,16.92,22.25,0.5649742197918715,7.187514448211249,2.388206973730295,0.3333333333333333,0.0,32,ESTI,4.49438202247191,0,,0.6453,0.29760000000000003,0.16920000000000002,0.2225,0,0,0,0,0,0,0,0,0,0,0,0,0
2362,2014,0,63.48,25.45,1.65,1.59,0.701616571447945,5.57,15.45,22.15,30.85,0.37588634671021176,5.291288518140767,2.655271915684929,0.5,0.0,34,ESTI,3.2414910858995136,0,0.0,0.6347999999999999,0.2545,0.22149999999999997,0.3085,0,0,0,0,0,0,0,0,0,0,0,0,0
2361,2015,0,42.27,12.03,1.6,1.58,0.2696820862953225,4.88,23.46,19.28,29.25,0.09053589922362273,4.459165136119248,0.7191254974108865,0.3333333333333333,0.3333333333333333,36,ESTI,3.418803418803419,0,0.0,0.4227,0.12029999999999999,0.1928,0.2925,0,0,0,0,0,0,0,0,0,0,0,0,0
2360,2016,0,34.15,0.53,2.34,2.33,1.5796240164454995,3.71,18.89,60.41,192.27,0.007621321985885554,1.5238047344345398,0.6291684737566863,0.3333333333333333,0.2,37,ESTI,0.5201019399802361,0,0.0,0.34149999999999997,0.0053,0.6041,1.9227,0,0,0,0,0,0,0,0,0,0,0,0,0
2359,2017,0,48.09,6.5,0.68,0.65,0.3097194840016856,3.64,9.32,61.92,240.06,0.014105732966684421,1.4405387982733062,0.842710791815988,1.0,0.2,37,ESTI,0.4165625260351579,0,0.0,0.48090000000000005,0.065,0.6192,2.4006,0,0,0,0,0,0,0,0,0,0,0,0,0
2358,2018,0,42.65,26.77,1.86,1.77,1.1523891952481773,9.41,15.69,61.38,179.87,0.08107276694286214,1.611046083118277,1.0291791370403622,0.2,0.0,38,ESTI,0.5559570801134153,0,0.0,0.4265,0.2677,0.6138,1.7987,0,0,0,0,0,0,0,0,0,0,0,0,0
2357,2019,0,18.15,0.27,2.32,2.14,1.7943500465988311,13.15,15.65,55.7,161.67,0.04043072201882728,1.6110182978056689,0.8951904374131276,0.5,0.0,40,ESTI,0.6185439475474733,0,0.0,0.1815,0.0027,0.557,1.6166999999999998,0,0,0,0,0,0,0,0,0,0,0,0,0
2356,2020,0,5.38,-19.13,1.09,0.86,0.7774674602814721,22.73,9.0,56.82,144.33,-0.015059512124186566,1.8090239314867815,0.7513109437211064,0.5,0.0,37,ESTI,0.6928566479595372,0,0.0,0.0538,-0.1913,0.5682,1.4433,0,0,0,0,0,0,0,0,0,0,0,0,0
2355,2021,0,36.35,4.73,1.62,1.28,0.8267942605850623,27.14,7.14,58.51,157.43,0.17075824010204832,1.732300067583469,1.9365401907405633,0.3333333333333333,0.0,38,ESTI,0.6352029473416757,0,0.0,0.3635,0.0473,0.5851,1.5743,0,0,0,0,0,0,0,0,0,0,0,0,0
2354,2022,0,46.64,30.18,2.24,2.0,1.2522355894496642,17.88,12.67,32.47,51.39,0.9414963916092958,3.853167142599484,1.7523785656192834,0.5,0.0,34,ESTI,1.9459038723487059,0,0.0,0.4664,0.3018,0.3247,0.5139,0,0,0,0,0,0,0,0,0,0,0,0,0
2353,2023,0,29.91,13.54,1.44,1.24,0.8282687072642689,6.91,8.94,23.17,32.38,0.3868124798874982,7.809378670566367,1.1915149535692175,0.375,0.2222222222222222,34,ESTI,3.088326127239036,0,0.0,0.2991,0.1354,0.23170000000000002,0.32380000000000003,0,0,0,0,0,0,0,0,0,0,0,0,0
2387,2013,0,12.98,3.85,0.77,0.65,0.019930170805520477,5.53,20.97,54.44652350421803,119.52221365149968,0.1519364677965352,4.132852958742682,0.6857169511411584,0.5,0.0,32,ETWA,0.8366645575321912,0,,0.1298,0.0385,0.5444652350421803,1.1952221365149969,0,0,0,0,0,0,0,0,0,0,0,0,0
2386,2014,0,14.83,0.66,1.05,0.78,0.046099810895916256,5.04,10.81,65.49844806116043,189.8420342866566,0.1326367310655778,2.3891428641242864,0.7930441595493138,0.6666666666666666,0.0,34,ETWA,0.5267537317315224,0,0.0,0.1483,0.0066,0.6549844806116043,1.898420342866566,0,0,0,0,0,0,0,0,0,0,0,0,0
2385,2015,0,0.21,-14.17,0.47,0.44,0.020532069202745553,4.07,12.36,77.81831426042181,350.82236388180684,-0.09205322087800019,1.7569415823077053,0.850548839662227,0.6666666666666666,0.5,36,ETWA,0.2850445418972501,0,0.0,0.0021,-0.1417,0.7781831426042182,3.5082236388180683,0,0,0,0,0,0,0,0,0,0,0,0,0
2384,2016,0,-0.66,-56.65,0.63,0.48,0.014020165067741008,2.02,9.04,94.31438181039665,1658.8236965209117,-0.057747682277606176,1.0928152020928503,0.9967424261310747,0.4,0.0,37,ETWA,0.06028368187031102,0,0.0,-0.0066,-0.5665,0.9431438181039665,16.588236965209116,0,0,0,0,0,0,0,0,0,0,0,0,0
2383,2017,0,-7.13,-28.18,0.49,0.44,0.004757549952246133,2.06,6.82,99.3872250367043,162.192045775202,-0.03918468110104194,1.0072355266091115,11.180523342559471,0.5,0.0,37,ETWA,0.6165530468651952,0,0.0,-0.0713,-0.2818,0.993872250367043,1.6219204577520199,0,0,0,0,0,0,0,0,0,0,0,0,0
2382,2018,0,-61.22,-246.79,0.14,0.11,0.002031536714204083,1.19,9.82,110.67512010798313,-1036.7576101107986,-0.03824497862517578,0.8721803495213538,-0.5114630124213531,0.5,0.0,38,ETWA,-0.09645456085855302,1,0.0,-0.6122,-2.4678999999999998,1.1067512010798313,-10.367576101107986,0,0,0,0,0,0,0,0,0,0,0,0,0
2381,2019,1,-51.69,-579.35,0.02,0.01,0.0008549708048686429,1.81,4.24,123.50177887667036,-525.4997058936143,-0.01974449732936323,0.4711793855302528,-0.3053191727630405,0.6,0.25,40,ETWA,-0.19029506368600074,1,1.0,-0.5169,-5.7935,1.2350177887667035,-5.254997058936143,0,0,1,0,1,0,0,0,0,0,0,0,2
2380,2020,1,-15.86,-40.06,0.06,0.05,0.0023547775165707286,9.29,35.93,130.82673703741946,-424.3937231578908,-0.04446987658182567,0.3103129801345005,-0.17893705533339552,0.3333333333333333,0.0,37,ETWA,-0.23563025215336691,1,1.0,-0.1586,-0.4006,1.3082673703741947,-4.243937231578908,0,0,0,0,0,0,0,0,0,0,0,0,0
2379,2021,1,-5700.09,15544.32,0.1,0.08,0.0010160573889206968,0.01,5.34,125.40275849298396,-493.65803531777533,-0.030418994055837027,0.7407053304857442,-0.22386735647045036,0.5,0.0,38,ETWA,-0.20256937565217278,1,1.0,-57.0009,155.4432,1.2540275849298397,-4.936580353177753,1,1,0,0,1,0,0,0,0,0,0,0,3
2378,2022,1,-734.6,-3353.79,0.2,0.19,0.04227082447449669,0.17,8.49,110.89799915295775,-1017.5996308722404,-0.03453128803826222,0.8579127170987799,-2.5210473039841057,0.0,0.0,34,ETWA,-0.09827047589854619,1,1.0,-7.346,-33.5379,1.1089799915295775,-10.175996308722404,1,1,0,0,0,0,0,0,0,0,0,0,2
2377,2023,1,-59.8,-585.37,0.14,0.13,0.0006665282459004934,1.88,17.02,144.46630633512717,-324.88937859226377,-0.031698309553501454,0.5272669329505647,-2.099389637443462,0.4,0.0,34,ETWA,-0.30779707367873055,1,1.0,-0.598,-5.8537,1.4446630633512718,-3.248893785922638,0,0,0,0,1,0,0,0,0,0,0,0,1
2411,2013,0,48.77,4.86,0.74,0.73,0.16618186302285978,22.74,264.3,44.25,116.48,0.10792190036472456,1.8975571018288695,2.9005847134305314,0.6666666666666666,0.0,32,EXCL,0.8585164835164835,0,,0.4877,0.048600000000000004,0.4425,1.1648,0,0,0,0,0,0,0,0,0,0,0,0,0
2410,2014,0,46.13,-3.8,0.86,0.86,0.45925846840675577,18.55,244.06,49.83,225.69,0.034754837906851375,1.4109443024930102,2.9556088851659323,0.3333333333333333,0.0,34,EXCL,0.4430856484558465,0,0.0,0.46130000000000004,-0.038,0.49829999999999997,2.2569,0,0,0,0,0,0,0,0,0,0,0,0,0
2409,2015,0,46.28,-0.11,0.64,0.64,0.23342456484271804,21.09,194.44,49.87,208.24,0.024179130257771127,1.4858435446038647,2.210595555315618,0.5,0.3333333333333333,36,EXCL,0.4802151363810987,0,0.0,0.4628,-0.0011,0.4987,2.0824000000000003,0,0,0,0,0,0,0,0,0,0,0,0,0
2408,2016,0,40.24,1.76,0.47,0.46,0.09669864788639776,25.09,124.35,33.46,86.6,-0.002942398703410301,2.104062013618563,1.164082219114915,0.3333333333333333,0.0,37,EXCL,1.1547344110854503,0,0.0,0.40240000000000004,0.0176,0.3346,0.866,0,0,0,0,0,0,0,0,0,0,0,0,0
2407,2017,0,46.1,1.64,0.47,0.46,0.17287526575350526,31.94,94.76,34.44,89.68,0.03534393518980406,2.1113217555933175,1.462557544066923,0.4,0.0,37,EXCL,1.1150758251561106,0,0.0,0.461,0.016399999999999998,0.3444,0.8968,0,0,0,0,0,0,0,0,0,0,0,0,0
2406,2018,0,24.74,-14.37,0.45,0.44,0.11727474233939822,32.16,115.82,40.04,125.77,-0.07875285427951965,1.779311723108791,1.1536852519427199,0.5,0.0,38,EXCL,0.7951021706289257,0,0.0,0.24739999999999998,-0.1437,0.4004,1.2577,0,0,0,0,0,0,0,0,0,0,0,0,0
2405,2019,0,45.3,2.84,0.34,0.33,0.0753049732950529,31.99,114.29,42.93,140.83,0.06435527917672974,1.857080170709948,1.7606492623431085,0.3333333333333333,0.5714285714285714,40,EXCL,0.7100759781296598,0,0.0,0.45299999999999996,0.028399999999999998,0.4293,1.4083,0,0,0,0,0,0,0,0,0,0,0,0,0
2404,2020,0,26.97,1.43,0.4,0.39,0.15726705791252554,35.37,187.39,49.64,175.72,0.011581048173477836,1.643264049682685,1.5272433106468257,0.3333333333333333,0.6,37,EXCL,0.5690871841566127,0,0.0,0.2697,0.0143,0.4964,1.7572,0,0,0,0,0,0,0,0,0,0,0,0,0
2403,2021,0,37.91,4.81,0.37,0.36,0.12715457884946688,41.48,120.73,49.0,177.46,0.06761443663693464,1.6335022000203339,1.692351565014141,0.4,0.6,38,EXCL,0.5635072692437731,0,0.0,0.3791,0.0481,0.49,1.7746000000000002,0,0,0,0,0,0,0,0,0,0,0,0,0
2402,2022,0,35.33,3.85,0.4,0.38,0.1967367981632227,36.95,71.4,50.37,170.56,0.05901039474889532,1.7332001936446262,1.0900362875339107,0.4,0.16666666666666666,34,EXCL,0.5863039399624765,0,0.0,0.3533,0.0385,0.5036999999999999,1.7056,0,0,0,0,0,0,0,0,0,0,0,0,0
2401,2023,0,37.49,3.97,0.36,0.34,0.04796086621854133,27.05,54.86,52.37,173.24,0.07026187600055885,1.6458070407280232,0.9906464151970196,0.3333333333333333,0.0,34,EXCL,0.5772338951743246,0,0.0,0.3749,0.0397,0.5236999999999999,1.7324000000000002,0,0,0,0,0,0,0,0,0,0,0,0,0
2435,2013,0,14.47,-5.02,1.42,0.92,0.061293610113142105,5.1,6.53,53.85,196.75,0.11845393980491549,1.5516857271423734,3.2207597385617,0.5,0.0,32,FASW,0.5082592121982211,0,,0.1447,-0.050199999999999995,0.5385,1.9675,0,0,0,0,0,0,0,0,0,0,0,0,0
2434,2014,0,10.56,1.68,0.98,0.52,0.03316897135081363,5.8,6.54,39.26,135.57,0.08332654402037999,1.7600724877965046,2.5298640732986843,0.3333333333333333,0.0,34,FASW,0.7376263185070444,0,0.0,0.1056,0.0168,0.3926,1.3557,0,0,0,0,0,0,0,0,0,0,0,0,0
2433,2015,0,7.86,-6.23,1.07,0.5,0.03962986259611523,6.61,5.24,50.02,143.05,0.03376133962656772,1.832092665131551,1.0538402948338363,0.3333333333333333,0.0,36,FASW,0.6990562740300593,0,0.0,0.0786,-0.0623,0.5002,1.4305,0,0,0,0,0,0,0,0,0,0,0,0,0
2432,2016,0,20.06,13.24,1.08,0.69,0.11100325430578517,6.54,5.59,46.86,127.36,0.1785504251515228,1.9264564567393185,3.21656770553678,0.5,0.0,37,FASW,0.7851758793969849,0,0.0,0.2006,0.1324,0.4686,1.2736,0,0,0,0,0,0,0,0,0,0,0,0,0
2431,2017,0,19.26,8.12,0.74,0.45,0.07669928075851815,5.96,6.32,44.7,127.37,0.19039185017658417,2.4122017301025975,4.070332607349693,0.3333333333333333,0.0,37,FASW,0.7851142341210646,0,0.0,0.19260000000000002,0.0812,0.447,1.2737,0,0,0,0,0,0,0,0,0,0,0,0,0
2430,2018,0,30.37,14.14,1.17,0.79,0.11799451403315384,6.1,6.17,38.41,98.21,0.3826377363600379,2.169681832892557,4.492553636078697,0.3333333333333333,0.0,38,FASW,1.0182262498727217,0,0.0,0.3037,0.1414,0.38409999999999994,0.9821,0,0,0,0,0,0,0,0,0,0,0,0,0
2429,2019,0,21.89,11.72,0.7,0.41,0.026987027801662653,5.17,5.79,39.51,90.53,0.22603218856015297,3.0337388505072402,4.065923477353642,0.5,0.3333333333333333,40,FASW,1.1046062078868883,0,0.0,0.2189,0.11720000000000001,0.3951,0.9053,0,0,0,0,0,0,0,0,0,0,0,0,0
2428,2020,0,15.58,4.47,0.81,0.49,0.02995749135257484,5.93,6.11,45.73,114.89,0.12087467400544989,2.3038254145653796,4.041509688973194,0.3333333333333333,0.0,37,FASW,0.8703977717817042,0,0.0,0.1558,0.0447,0.4573,1.1489,0,0,0,0,0,0,0,0,0,0,0,0,0
2427,2021,0,13.55,5.15,0.83,0.49,0.02822833051751388,6.67,7.34,47.32,123.6,0.13243561765814732,2.6579887782557954,3.6977104223964923,0.5,0.25,38,FASW,0.8090614886731392,0,0.0,0.1355,0.051500000000000004,0.4732,1.236,0,0,0,0,0,0,0,0,0,0,0,0,0
2426,2022,0,9.11,1.1,0.66,0.32,0.016116127230354337,5.99,5.67,47.07,120.96,0.06322901946865575,2.9094032659966014,2.8925014245255576,0.5555555555555556,0.25,34,FASW,0.8267195767195767,0,0.0,0.0911,0.011000000000000001,0.4707,1.2096,0,0,0,0,0,0,0,0,0,0,0,0,0
2425,2023,0,0.36,-8.1,0.47,0.25,0.012124642316243224,5.76,4.86,50.7,145.77,-0.050187231219495025,3.249559706663587,3.2937946629624215,0.3333333333333333,0.25,34,FASW,0.6860122110173561,0,0.0,0.0036,-0.081,0.507,1.4577,0,0,0,0,0,0,0,0,0,0,0,0,0
2459,2013,0,2.65,0.91,1.23,0.39,0.055769311412049674,29.77,7.22,8.36,47.89,0.07064744604763609,5.842787912647194,1.6818026586881687,0.3333333333333333,0.3333333333333333,32,FISH,2.088118605136772,0,,0.0265,0.0091,0.0836,0.4789,0,0,0,0,0,0,0,0,0,0,0,0,0
2458,2014,0,2.11,0.56,1.19,0.41,0.08549332823365526,25.1,8.44,12.97,50.56,0.08633564783894736,17.99767310114131,1.365766187276668,0.3333333333333333,0.0,34,FISH,1.9778481012658227,0,0.0,0.021099999999999997,0.005600000000000001,0.1297,0.5056,0,0,0,0,0,0,0,0,0,0,0,0,0
2457,2015,0,3.13,1.0,1.15,0.36,0.09162445412771913,19.38,6.79,18.37,89.68,0.05458733153703492,3.641812472532573,0.8831854681245978,0.3333333333333333,0.16666666666666666,36,FISH,1.1150758251561106,0,0.0,0.0313,0.01,0.1837,0.8968,0,0,0,0,0,0,0,0,0,0,0,0,0
2456,2016,0,5.77,2.29,1.4,0.69,0.2657333687936362,15.71,6.32,27.83,86.99,0.169236521660011,3.215765118421717,1.7205410540729427,0.3333333333333333,0.25,37,FISH,1.1495574203931487,0,0.0,0.057699999999999994,0.0229,0.2783,0.8698999999999999,0,0,0,0,0,0,0,0,0,0,0,0,0
2455,2017,0,4.35,1.71,1.26,0.58,0.19367190993769395,14.22,7.48,17.51,58.66,0.09634151126098742,4.365824341406498,0.8409529028562691,0.4444444444444444,0.25,37,FISH,1.7047391749062393,0,0.0,0.0435,0.0171,0.1751,0.5866,0,0,0,0,0,0,0,0,0,0,0,0,0
2454,2018,0,4.4,1.17,1.29,0.67,0.4035546048804563,14.22,6.4,32.79,130.05,0.0608804181940547,2.8934033966524617,1.2460479339752075,0.3333333333333333,0.42857142857142855,38,FISH,0.7689350249903882,0,0.0,0.044000000000000004,0.011699999999999999,0.32789999999999997,1.3005000000000002,0,0,0,0,0,0,0,0,0,0,0,0,0
2453,2019,0,5.09,1.11,1.18,0.49,0.20769017641403653,14.75,5.66,22.05,80.39,0.07892990882316432,3.407576564296291,1.123681958635636,0.4,0.2,40,FISH,1.2439358129120537,0,0.0,0.0509,0.0111,0.2205,0.8039000000000001,0,0,0,0,0,0,0,0,0,0,0,0,0
2452,2020,0,5.88,1.97,1.21,0.57,0.23936371272794013,13.12,5.36,19.36,64.23,0.10319383619565764,3.9630197512994836,0.6738703655660004,0.4,0.0,37,FISH,1.5569048731122526,0,0.0,0.0588,0.0197,0.1936,0.6423000000000001,0,0,0,0,0,0,0,0,0,0,0,0,0
2451,2021,0,5.49,2.07,1.3,0.49,0.2166055580186712,16.52,6.11,31.14,108.24,0.10779565381740179,3.1595460235209893,1.6658768116142804,0.6666666666666666,0.0,38,FISH,0.9238728750923872,0,0.0,0.054900000000000004,0.0207,0.3114,1.0824,0,0,0,0,0,0,0,0,0,0,0,0,0
2450,2022,0,5.35,2.1,1.45,0.59,0.22252533492631377,18.64,6.57,30.99,85.44,0.15829903425378786,3.7923101229760556,1.2435297123151088,0.3333333333333333,0.0,34,FISH,1.1704119850187267,0,0.0,0.0535,0.021,0.3099,0.8543999999999999,0,0,0,0,0,0,0,0,0,0,0,0,0
2449,2023,0,5.01,1.77,1.35,0.6,0.23932426143455007,16.02,6.66,30.33,83.31,0.1271268963799145,4.763938176523778,0.9641750763919579,0.42857142857142855,0.0,34,FISH,1.2003360941063497,0,0.0,0.0501,0.0177,0.30329999999999996,0.8331000000000001,0,0,0,0,0,0,0,0,0,0,0,0,0
2483,2013,0,52.56,-15.69,1.17,0.96,0.036288843225554486,0.0,1.26,24.46,37.12,0.09784090305024584,5.156299499316136,3.6965179458894175,0.3333333333333333,0.0,32,FMII,2.6939655172413794,0,,0.5256000000000001,-0.15689999999999998,0.2446,0.3712,0,0,0,0,0,0,0,0,0,0,0,0,0
2482,2014,0,61.76,5.55,1.33,0.75,0.013775678841215406,9.14,0.38,25.71,41.43,0.08211732766126653,6.781702493481009,4.285193145109857,0.5,0.0,34,FMII,2.413709872073377,0,0.0,0.6175999999999999,0.0555,0.2571,0.4143,0,0,0,0,0,0,0,0,0,0,0,0,0
2481,2015,0,83.17,66.78,3.07,2.14,0.04776017779757737,45.86,0.47,15.91,20.86,1.3347967202027884,14.522356860164928,4.888715690290005,0.4,0.0,36,FMII,4.793863854266538,0,0.0,0.8317,0.6678000000000001,0.1591,0.2086,0,0,0,0,0,0,0,0,0,0,0,0,0
2480,2016,0,79.44,68.87,3.94,2.54,0.022687410544653085,44.5,0.71,5.2,5.96,3.102537163596224,245.98315686351165,2.0224184333232937,0.3333333333333333,0.0,37,FMII,16.778523489932887,0,0.0,0.7944,0.6887000000000001,0.052000000000000005,0.0596,0,0,0,0,0,0,0,0,0,1,1,0,2
2479,2017,0,68.87,24.76,3.55,1.29,0.02923336015258971,7.04,0.07,10.35,12.17,0.09691144698502853,18.27642135798185,2.0550402676052117,0.4,0.0,37,FMII,8.216926869350862,0,0.0,0.6887000000000001,0.24760000000000001,0.1035,0.1217,0,0,0,0,0,0,0,0,0,0,0,0,0
2478,2018,0,68.82,13.67,3.24,1.47,0.024264757399046585,256.03,0.07,22.34,31.13,0.06788063213697243,5.600428018374924,2.8197192717586628,0.3181818181818182,0.0,38,FMII,3.2123353678124,0,0.0,0.6881999999999999,0.1367,0.2234,0.31129999999999997,0,0,0,0,0,1,0,0,0,0,0,0,1
2477,2019,0,43.3,3.23,2.9,0.97,0.1670499454711705,934.63,0.24,22.75,32.33,0.08519058197898552,4.695448247492332,2.0381461214315735,0.5,0.25,40,FMII,3.0931023816888343,0,0.0,0.433,0.0323,0.2275,0.3233,0,0,0,0,0,1,0,0,0,0,0,0,1
2476,2020,0,60.94,-2.89,3.27,0.72,0.02471314569558335,854.0,0.1,21.98,30.62,0.055352847854945784,4.814645971656129,2.9160590961986355,0.3333333333333333,0.5,37,FMII,3.265839320705421,0,0.0,0.6093999999999999,-0.028900000000000002,0.2198,0.3062,0,0,0,0,0,1,0,0,0,0,0,0,1
2475,2021,0,62.99,16.24,1.28,0.27,0.04117698668844002,51.0,0.1,21.21,29.0,0.09265672184514795,17.083271637939664,1.626526122415552,0.0,0.0,38,FMII,3.4482758620689657,0,0.0,0.6299,0.1624,0.2121,0.29,0,0,0,0,0,0,0,0,0,0,0,0,0
2474,2022,0,58.88,33.02,2.85,0.67,0.028739075013842128,27.27,0.12,8.06,9.3,0.20994890604640515,21.042222662974265,1.8491972553377383,0.4,0.0,34,FMII,10.75268817204301,0,0.0,0.5888,0.33020000000000005,0.0806,0.09300000000000001,0,0,0,0,0,0,0,0,0,0,0,0,0
2473,2023,0,70.25,40.78,2.06,0.49,0.0179726519178272,35.64,0.09,8.97,10.49,0.1592351641723339,29.63407246215708,3.0598282820889926,0.4,0.0,34,FMII,9.532888465204957,0,0.0,0.7025,0.4078,0.0897,0.10490000000000001,0,0,0,0,0,0,0,0,0,0,0,0,0
2507,2013,0,19.88,2.6,1.91,0.41,0.28610095458048834,3.21,17.554839086671983,49.538781950230735,98.17199002483702,0.11098421637331195,12.225143773781658,0.5842669220831919,0.4,0.25,32,FORU,1.018620484057627,0,,0.19879999999999998,0.026000000000000002,0.49538781950230737,0.9817199002483702,0,0,0,0,0,0,0,0,0,0,0,0,0
2506,2014,0,20.22,0.98,1.97,0.43,0.33025670022053577,3.47,18.89216200966789,50.17526501306756,100.70352612257159,0.07196672649758087,9.63999710322956,2.4967850615107534,0.6666666666666666,0.0,34,FORU,0.9930138878978747,0,0.0,0.2022,0.0098,0.5017526501306756,1.0070352612257158,0,0,0,0,0,0,0,0,0,0,0,0,0
2505,2015,0,18.26,0.48,1.83,0.4,0.3407012524492271,3.59,19.297533313310264,52.73404064207372,111.56875128421089,0.037829708667047365,11.404064355020033,2.4286508814530183,0.25,0.3333333333333333,36,FORU,0.8963083197485954,0,0.0,0.1826,0.0048,0.5273404064207372,1.1156875128421089,0,0,0,0,0,0,0,0,0,0,0,0,0
2504,2016,0,18.37,-1.73,1.84,0.4,0.28675493644761524,2.92,16.415548065041293,50.692982369041026,102.81088738413544,8.204042488463767e-05,19.16293880176394,1.163705732534648,0.4,0.2857142857142857,37,FORU,0.9726596330830893,0,0.0,0.1837,-0.0173,0.5069298236904103,1.0281088738413544,0,0,0,0,0,0,0,0,0,0,0,0,0
2503,2017,0,19.92,-19.11,1.5,0.29,0.4010940843086756,2.84,26.175997164949315,60.75219535580055,154.79132121286514,0.03413335960045775,17.11710972133849,0.8255788687519737,0.3333333333333333,0.0,37,FORU,0.646031051459807,0,0.0,0.19920000000000002,-0.1911,0.6075219535580055,1.5479132121286514,0,0,0,0,0,0,0,0,0,0,0,0,0
2502,2018,0,19.52,-4.92,1.91,0.42,0.5803288887736036,2.01,24.136999583135793,49.00116663275383,96.08291679908241,-0.1587235401815166,20.99973401597167,0.8160170928143442,0.3333333333333333,0.3333333333333333,38,FORU,1.040767738234972,0,0.0,0.19519999999999998,-0.0492,0.4900116663275383,0.9608291679908241,0,0,0,0,0,0,0,0,0,0,0,0,0
2501,2019,0,31.26,0.76,3.18,0.61,1.6049764917710256,1.86,24.755349828922718,29.460907232092985,41.765361696708325,-0.3590202225839758,43.177479119799855,0.7246421762758855,0.5,0.5,40,FORU,2.3943286000054287,0,0.0,0.3126,0.0076,0.29460907232092987,0.41765361696708325,0,0,0,0,0,0,0,0,0,0,0,0,0
2500,2020,0,42.85,-57.71,5.73,0.77,3.909600098847573,1.91,13.843500597213739,19.75671129973445,24.621013943648443,-2.5662649803695023,23.765171754220948,1.626553157690069,0.3333333333333333,0.16666666666666666,37,FORU,4.061571153360128,0,0.0,0.4285,-0.5771000000000001,0.19756711299734453,0.24621013943648443,0,0,0,0,0,0,0,0,0,1,0,0,1
2499,2021,0,54.98,3.21,9.45,0.82,6.984045758168161,4.86,22.33268991993591,13.151125976772683,15.14254056219022,-0.13986261896017255,25.908441726832883,2.553084943078612,0.75,0.0,38,FORU,6.6039116480686495,0,0.0,0.5498,0.0321,0.13151125976772682,0.1514254056219022,0,0,0,0,0,0,0,0,0,0,0,0,0
2498,2022,0,42.59,-8.24,4.52,0.66,3.042129763560352,4.25,139.63645628312307,28.391572564160267,39.64836763047027,-0.41829161642849266,8.536268544724804,2.767782770265518,0.3333333333333333,0.5,34,FORU,2.522171932323104,0,0.0,0.42590000000000006,-0.0824,0.28391572564160267,0.39648367630470266,0,0,0,0,0,0,0,0,0,0,0,0,0
2497,2023,0,48.79,-6.39,6.84,0.76,5.651949812285204,4.47,60.082010017469834,17.10870080680475,20.63992357862482,-0.3787253490482967,21.580362050903563,1.8522294109030626,0.5,0.0,34,FORU,4.84497917926219,0,0.0,0.4879,-0.0639,0.17108700806804752,0.2063992357862482,0,0,0,0,0,0,0,0,0,0,0,0,0
2531,2013,0,1.58,-1.05,0.94,0.51,0.038755145996346684,10.54,8.54,65.74255854314096,191.90738054951254,-0.010694035852450875,3.265556189389618,0.5100842209608066,0.3333333333333333,0.0,32,FPNI,0.5210847009305084,0,,0.0158,-0.0105,0.6574255854314096,1.9190738054951253,0,0,0,0,0,0,0,0,0,0,0,0,0
2530,2014,0,1.28,-1.04,0.78,0.36,0.017914487104396824,14.01,9.89,63.76133360915197,175.94834457057925,-0.02172751675306379,7.264066927540143,0.43838814052988956,0.3333333333333333,0.125,34,FPNI,0.5683486266611981,0,0.0,0.0128,-0.0104,0.6376133360915197,1.7594834457057926,0,0,0,0,0,0,0,0,0,0,0,0,0
2529,2015,0,3.9,0.65,0.88,0.39,0.015899391015368004,13.33,7.36,58.783688141002266,142.6223878111731,0.05668348255524648,6.198160670814174,0.386763034947079,0.3333333333333333,0.0,36,FPNI,0.701152193107273,0,0.0,0.039,0.006500000000000001,0.5878368814100227,1.426223878111731,0,0,0,0,0,0,0,0,0,0,0,0,0
2528,2016,0,3.06,0.49,1.0,0.41,0.048374342459630744,14.55,7.79,52.154521784582016,109.00616678918567,0.03765842881272001,6.020709452532294,0.5442767486607046,0.3333333333333333,0.0,37,FPNI,0.9173792909661406,0,0.0,0.030600000000000002,0.0049,0.5215452178458202,1.0900616678918567,0,0,0,0,0,0,0,0,0,0,0,0,0
2527,2017,0,1.57,-0.4,1.12,0.48,0.03943676343043722,16.9,8.35,50.01381237067191,100.05526474943171,-0.029596123082867104,6.464190074639622,0.8044256137717931,0.5,0.0,37,FPNI,0.9994476577562399,0,0.0,0.015700000000000002,-0.004,0.5001381237067191,1.0005526474943172,0,0,0,0,0,0,0,0,0,0,0,0,0
2526,2018,0,4.17,1.41,1.17,0.42,0.035581257339107816,18.52,7.62,47.63974140308233,90.98454186375385,0.09498688785767583,8.27611410729492,0.596775713675712,0.3333333333333333,0.0,38,FPNI,1.0990878005381013,0,0.0,0.0417,0.0141,0.4763974140308233,0.9098454186375384,0,0,0,0,0,0,0,0,0,0,0,0,0
2525,2019,0,1.37,-0.99,1.32,0.48,0.057849406720141945,17.44,6.28,40.14529832013902,67.07125287309972,-0.08609060959117244,8.98293899887333,0.47972137508624096,0.5,0.0,40,FPNI,1.4909517224794084,0,0.0,0.0137,-0.009899999999999999,0.4014529832013902,0.6707125287309972,0,0,0,0,0,0,0,0,0,0,0,0,0
2524,2020,0,0.63,-1.6,1.58,0.59,0.10678859268443894,22.46,6.82,36.29407472368571,56.97127004476577,-0.17106024674104078,11.513976356203734,1.5081807924360624,0.6,0.5555555555555556,37,FPNI,1.7552706815456978,0,0.0,0.0063,-0.016,0.3629407472368571,0.5697127004476576,0,0,0,0,0,0,0,0,0,0,0,0,0
2523,2021,0,5.73,2.32,1.65,0.88,0.5420153244810701,25.79,7.82,42.83091650184131,74.91971863292301,0.11829719853275233,14.90828127076964,1.7304425341346716,0.5,0.0,38,FPNI,1.334762087000893,0,0.0,0.057300000000000004,0.0232,0.4283091650184131,0.74919718632923,0,0,0,0,0,0,0,0,0,0,0,0,0
2522,2022,0,3.06,0.61,1.51,0.75,0.5038302513761003,28.03,8.0,44.08138421841185,78.83132227483742,0.026146980354523012,19.252504669723212,0.7253019577762874,0.0,0.0,34,FPNI,1.2685313034755414,0,0.0,0.030600000000000002,0.0060999999999999995,0.4408138421841185,0.7883132227483742,0,0,0,0,0,0,0,0,0,0,0,0,0
2521,2023,0,1.71,-0.11,1.36,0.64,0.36966287297099476,25.1,6.71,41.430448349482674,70.73717858845302,-0.06832078022880597,18.819620253164558,0.6657679866200606,0.4,0.3333333333333333,34,FPNI,1.4136837515360525,0,0.0,0.0171,-0.0011,0.41430448349482674,0.7073717858845302,0,0,0,0,0,0,0,0,0,0,0,0,0
2555,2013,0,-31.19,-104.35,0.36,0.3,0.16519158340136675,17.26,9.17,58.83,306.04,-0.1257036664539769,1.4191213092115484,0.31508023165988536,0.5,0.0,32,FREN,0.32675467259181806,0,,-0.3119,-1.0434999999999999,0.5882999999999999,3.0604,0,0,0,0,0,0,0,0,0,0,0,0,0
2554,2014,0,-4.57,-46.79,0.31,0.25,0.11067879730698599,13.26,8.1,51.6,228.5,-0.07080824397718792,1.555446035974189,0.404131224965119,0.5,0.2,34,FREN,0.437636761487965,0,0.0,-0.045700000000000005,-0.4679,0.516,2.285,0,0,0,0,0,0,0,0,0,0,0,0,0
2553,2015,0,-14.52,-51.74,0.53,0.43,0.023761353397596843,10.61,8.33,45.32,137.03,-0.09601711164778814,1.706166970306191,0.7655052420539695,0.4,0.0,36,FREN,0.7297672042618404,0,0.0,-0.1452,-0.5174,0.4532,1.3703,0,0,0,0,0,0,0,0,0,0,0,0,0
2552,2016,0,-24.73,-54.28,0.45,0.4,0.04104571926186953,10.73,12.85,51.83,201.41,-0.11423877749432092,1.4968244354765656,0.9364711188440848,0.3333333333333333,0.2222222222222222,37,FREN,0.49649967727520977,0,0.0,-0.2473,-0.5428000000000001,0.5183,2.0141,0,0,0,0,0,0,0,0,0,0,0,0,0
2551,2017,0,-21.03,-64.75,0.4,0.34,0.06886402452880315,16.91,16.71,41.87,109.22,-0.15153024683420868,2.0929772152149195,0.560883580157243,0.5,0.42857142857142855,37,FREN,0.9155832265152902,0,0.0,-0.21030000000000001,-0.6475,0.41869999999999996,1.0922,0,0,0,0,0,0,0,0,0,0,0,0,0
2550,2018,0,-22.76,-64.71,0.33,0.31,0.06636312030278031,34.29,29.96,32.6,66.04,-0.20326117525604584,2.871255143104837,1.0722155557384803,0.16666666666666666,0.25,38,FREN,1.5142337976983644,0,0.0,-0.22760000000000002,-0.6470999999999999,0.326,0.6604000000000001,0,0,0,0,0,0,0,0,0,0,0,0,0
2549,2019,0,-5.42,-31.31,0.29,0.28,0.032153198626255514,63.81,115.18,30.64,66.52,-0.15213277454912685,2.4480306871054975,2.361830807351347,0.4,0.375,40,FREN,1.503307276007216,0,0.0,-0.0542,-0.3131,0.3064,0.6652,0,0,0,0,0,0,0,0,0,0,0,0,0
2548,2020,0,18.29,-16.19,0.31,0.31,0.07774579804304063,51.02,130.53,50.17,156.94,-0.02838876433803024,1.6908192183082702,1.4263857890547282,0.5,0.0,37,FREN,0.6371861858034918,0,0.0,0.18289999999999998,-0.16190000000000002,0.5017,1.5694,0,0,0,0,0,0,0,0,0,0,0,0,0
2547,2021,0,26.39,-4.16,0.24,0.23,0.04823574949470758,49.03,117.9,54.03,185.12,0.009336517820912396,1.599655821481665,2.1184176447622107,0.5,0.5,38,FREN,0.54019014693172,0,0.0,0.2639,-0.0416,0.5403,1.8512,0,0,0,0,0,0,0,0,0,0,0,0,0
2546,2022,0,27.42,9.5,0.55,0.54,0.31574273730206565,56.52,81.74,50.99,150.43,0.021550848152896956,1.7139404727356446,1.4045871260448928,0.5,0.0,34,FREN,0.6647610184138802,0,0.0,0.2742,0.095,0.5099,1.5043,0,0,0,0,0,0,0,0,0,0,0,0,0
2545,2023,0,26.84,-0.93,0.66,0.64,0.3298608588339875,44.66,77.41,53.54,153.89,0.020190897866298227,1.6888506542159507,1.0699785187576705,0.3333333333333333,0.5,34,FREN,0.6498148027812074,0,0.0,0.26839999999999997,-0.009300000000000001,0.5354,1.5389,0,0,0,0,0,0,0,0,0,0,0,0,0
2579,2013,0,15.23,6.52,2.99,2.5,1.1095548231763877,8.73,6.01,25.77297284729773,34.721817424099086,0.5111626335051176,51.84268569650105,0.7973654655877307,0.0,0.0,32,GDST,2.88003357596696,0,,0.1523,0.0652,0.2577297284729773,0.3472181742409909,0,0,0,0,0,0,0,0,0,0,0,0,0
2578,2014,0,5.04,-1.12,1.41,0.96,0.6244293179733831,9.12,6.62,36.63019208782519,57.80385532901021,-0.02357106765317652,25.89380434916436,0.981500708623361,0.375,0.0,34,GDST,1.7299884139356474,0,0.0,0.0504,-0.011200000000000002,0.3663019208782519,0.5780385532901021,0,0,0,0,0,0,0,0,0,0,0,0,0
2577,2015,0,0.96,-6.04,1.22,0.9,0.49925764479694057,7.51,5.72,32.05618932591069,47.18044073164631,-0.17317662785538634,21.92561750154686,0.6014345918275863,0.6,0.5,36,GDST,2.1195223793855944,0,0.0,0.0096,-0.0604,0.3205618932591069,0.47180440731646306,0,0,0,0,0,0,0,0,0,0,0,0,0
2576,2016,0,14.38,4.19,1.24,0.82,0.5390191923109524,7.26,4.88,33.83298111523645,51.132696750566865,0.1270472291772264,18.166427075947404,1.113537354943764,0.42857142857142855,0.0,37,GDST,1.955695794567913,0,0.0,0.1438,0.04190000000000001,0.3383298111523645,0.5113269675056686,0,0,0,0,0,0,0,0,0,0,0,0,0
2575,2017,0,9.4,-0.39,1.82,1.09,0.6132433885415651,14.91,7.0,26.03146890665919,35.192626542509146,0.043720153988264114,14.407948474649272,0.6613176960903755,0.3333333333333333,0.3333333333333333,37,GDST,2.8415043099784008,0,0.0,0.094,-0.0039000000000000003,0.2603146890665919,0.3519262654250915,0,0,0,0,0,0,0,0,0,0,0,0,0
2574,2018,0,0.04,-5.64,0.78,0.44,0.09090539257636701,16.24,9.29,33.722779140897934,50.88140194081523,-0.24287857033080482,13.239105914907254,0.9696628144143186,0.3333333333333333,0.0,38,GDST,1.9653546519083547,0,0.0,0.0004,-0.0564,0.33722779140897935,0.5088140194081523,0,0,0,0,0,0,0,0,0,0,0,0,0
2573,2019,0,7.94,1.45,0.79,0.3,0.027992737556808155,15.01,6.83,47.83338966330965,91.69349772696845,0.04424481048534917,12.195696167768165,0.6246357730573522,0.3333333333333333,0.25,40,GDST,1.090589872553073,0,0.0,0.0794,0.014499999999999999,0.47833389663309656,0.9169349772696844,0,0,0,0,0,0,0,0,0,0,0,0,0
2572,2020,0,6.2,-5.85,0.63,0.21,0.01388770685909736,11.4,3.88,46.67430345075282,87.52685191397043,-0.008102599452584581,11.07908191617596,1.2004879024757575,0.3333333333333333,0.25,37,GDST,1.1425065315760397,0,0.0,0.062,-0.058499999999999996,0.4667430345075282,0.8752685191397043,0,0,0,0,0,0,0,0,0,0,0,0,0
2571,2021,0,4.5,-3.81,0.49,0.26,0.01696181942179587,20.6,7.24,50.24572262698257,100.98774473125825,-0.03805268823690603,12.568487726401932,1.1727612622453876,0.3333333333333333,0.0,38,GDST,0.9902191623955287,0,0.0,0.045,-0.0381,0.5024572262698257,1.0098774473125824,0,0,0,0,0,0,0,0,0,0,0,0,0
2570,2022,0,18.83,10.55,0.87,0.6,0.4279266509410225,24.24,9.95,49.68574605685659,98.75083532591566,0.3488298582255045,12.386682289617001,1.3168154686376916,0.25,0.0,34,GDST,1.0126496618480403,0,0.0,0.1883,0.10550000000000001,0.4968574605685659,0.9875083532591566,0,0,0,0,0,0,0,0,0,0,0,0,0
2569,2023,0,18.33,8.44,1.03,0.78,0.5565825428244798,19.4,9.16,42.826366173515254,74.905797143292,0.3351391431799497,8.96270806841001,0.9576950321871355,0.5,0.3333333333333333,34,GDST,1.3350101569402395,0,0.0,0.1833,0.08439999999999999,0.4282636617351525,0.7490579714329201,0,0,0,0,0,0,0,0,0,0,0,0,0
2603,2013,0,13.42,2.51,0.94,0.49,0.15831603543804929,13.38,6.48,49.36800035703426,97.50355645669808,0.169056377243158,35.204355335093865,1.1356412650148735,0.3333333333333333,0.25,32,GDYR,1.0256036152323387,0,,0.13419999999999999,0.025099999999999997,0.49368000357034264,0.9750355645669808,0,0,0,0,0,0,0,0,0,0,0,0,0
2602,2014,0,12.95,1.73,0.94,0.48,0.1580969297929671,12.7,5.14,55.06228677693683,122.5302375837796,0.07652860773615107,21.68881158890463,0.9314435089219514,0.4,0.0,34,GDYR,0.816125080404136,0,0.0,0.1295,0.0173,0.5506228677693683,1.2253023758377959,0,0,0,0,0,0,0,0,0,0,0,0,0
2601,2015,0,10.45,-0.07,0.94,0.51,0.16574930503191207,11.2,4.86,53.49983178666356,115.05298548859784,0.042598479076831244,32.60658734574006,1.4613304538963097,0.5,0.25,36,GDYR,0.8691647554848575,0,0.0,0.1045,-0.0007000000000000001,0.5349983178666357,1.1505298548859784,0,0,0,0,0,0,0,0,0,0,0,0,0
2600,2016,0,11.54,1.07,0.86,0.55,0.22960006726958376,13.46,6.3,50.126701909284776,100.5080951697011,0.0673474825235818,27.850158541437853,1.0384440125467764,0.5,0.0,37,GDYR,0.9949447338660313,0,0.0,0.11539999999999999,0.010700000000000001,0.5012670190928478,1.005080951697011,0,0,0,0,0,0,0,0,0,0,0,0,0
2599,2017,0,9.42,-0.55,0.76,0.48,0.28117456078052283,16.39,8.06,56.710408223584416,131.0024093451957,0.009445188193323037,20.26800728736692,0.9590241375450526,0.75,0.6666666666666666,37,GDYR,0.7633447392291594,0,0.0,0.0942,-0.0055000000000000005,0.5671040822358442,1.310024093451957,0,0,0,0,0,0,0,0,0,0,0,0,0
2598,2018,0,8.82,0.32,0.69,0.37,0.1798484318136225,16.29,7.06,56.83589834957614,131.67399801315693,0.006730170776289342,30.89291077817043,1.004670738081278,0.5,0.3333333333333333,38,GDYR,0.759451383788073,0,0.0,0.0882,0.0032,0.5683589834957614,1.3167399801315693,0,0,0,0,0,0,0,0,0,0,0,0,0
2597,2019,0,11.44,-0.86,0.61,0.3,0.12864317267990635,15.02,5.8,56.49932979058242,129.88151566076496,0.03355998507473655,29.406761526834178,1.1251125813980394,0.3333333333333333,0.0,40,GDYR,0.7699324995651273,0,0.0,0.1144,-0.0086,0.5649932979058242,1.2988151566076496,0,0,0,0,0,0,0,0,0,0,0,0,0
2596,2020,0,9.46,-6.57,0.65,0.41,0.2207922768790401,10.3,5.33,61.132698974768104,157.2856806678754,0.0016818081120900548,23.766157807205783,0.9198974470542656,0.5,0.6666666666666666,37,GDYR,0.6357857853008253,0,0.0,0.0946,-0.06570000000000001,0.6113269897476811,1.572856806678754,0,0,0,0,0,0,0,0,0,0,0,0,0
2595,2021,0,9.32,1.62,0.71,0.38,0.1744813304366607,12.27,6.76,59.68105918788876,148.0223884501485,0.03948860033300613,66.49317524941017,0.797297074683002,0.5,0.0,38,GDYR,0.6755734794380672,0,0.0,0.0932,0.016200000000000003,0.5968105918788876,1.480223884501485,0,0,0,0,0,0,0,0,0,0,0,0,0
2594,2022,0,5.92,-1.81,0.71,0.38,0.1151551228776586,11.23,6.55,63.53443836335171,174.2313446191352,-0.021238012345570628,145.1829529551137,0.8100956593090644,0.4,0.6666666666666666,34,GDYR,0.5739495394390555,0,0.0,0.0592,-0.0181,0.6353443836335171,1.742313446191352,0,0,0,0,0,0,0,0,0,0,0,0,0
2593,2023,0,11.84,3.35,0.72,0.33,0.10063871126878689,11.03,6.11,54.89111958833747,121.68583899090926,0.1378587184899097,32.99335892066464,0.7624369929276597,0.4,0.0,34,GDYR,0.8217883102032165,0,0.0,0.1184,0.0335,0.5489111958833747,1.2168583899090926,0,0,0,0,0,0,0,0,0,0,0,0,0
2627,2013,0,23.7,2.82,1.78,0.77,0.06510744627848421,10.47,2.87,17.52,43.91,0.1969329877153121,3.2852510547251637,0.9982664426208083,0.5,0.42857142857142855,32,GEMA,2.277385561375541,0,,0.237,0.0282,0.1752,0.4391,0,0,0,0,0,0,0,0,0,0,0,0,0
2626,2014,0,25.5,2.89,1.46,0.5,0.08406457399377716,11.67,2.5,20.62,52.83,0.19756224778261078,5.969914520287463,0.7715637850850553,0.5,0.42857142857142855,34,GEMA,1.8928639030853682,0,0.0,0.255,0.028900000000000002,0.20620000000000002,0.5283,0,0,0,0,0,0,0,0,0,0,0,0,0
2625,2015,0,22.16,2.98,1.52,0.68,0.0677612149342275,12.93,3.2,19.95,47.49,0.2535579452758484,7.401661046272721,0.5577867433307331,0.5,0.25,36,GEMA,2.1057064645188457,0,0.0,0.2216,0.0298,0.19949999999999998,0.47490000000000004,0,0,0,0,0,0,0,0,0,0,0,0,0
2624,2016,0,21.99,3.26,1.46,0.77,0.05306742142635244,9.94,3.99,18.94,32.63,0.23415908259134183,14.942014770148877,0.3382366651440207,0.3333333333333333,0.5714285714285714,37,GEMA,3.064664419246092,0,0.0,0.21989999999999998,0.0326,0.1894,0.32630000000000003,0,0,0,0,0,0,0,0,0,0,0,0,0
2623,2017,0,23.36,2.7,1.31,0.5,0.01740799991925141,8.51,2.91,25.61,51.17,0.13629258834351868,9.709643487208762,0.7646870792587729,0.4,0.2,37,GEMA,1.9542700801250732,0,0.0,0.2336,0.027000000000000003,0.2561,0.5117,0,0,0,0,0,0,0,0,0,0,0,0,0
2622,2018,0,19.5,1.84,1.29,0.58,0.11660995219113825,10.97,3.09,29.79,69.0,0.13311366290659213,4.992870855680278,1.1867335785201456,0.4,0.16666666666666666,38,GEMA,1.4492753623188408,0,0.0,0.195,0.0184,0.2979,0.69,0,0,0,0,0,0,0,0,0,0,0,0,0
2621,2019,0,24.88,2.71,1.24,0.71,0.1703204516146094,9.7,3.2,24.52,57.79,0.15946041496833355,4.822188221511164,1.3246108154631506,0.5,0.0,40,GEMA,1.7304031839418585,0,0.0,0.2488,0.0271,0.2452,0.5779,0,0,0,0,0,0,0,0,0,0,0,0,0
2620,2020,0,24.24,0.16,1.13,0.82,0.16248532473753796,7.12,4.03,34.54,90.52,0.08834982054151255,3.4437812464292565,1.4928135769153874,0.5,0.3333333333333333,37,GEMA,1.104728236853734,0,0.0,0.24239999999999998,0.0016,0.3454,0.9052,0,0,0,0,0,0,0,0,0,0,0,0,0
2619,2021,0,24.62,1.18,1.04,0.73,0.17387466534883975,8.24,5.45,35.13,95.98,0.10352386894539552,3.9296992590881494,1.4505301487285345,0.25,0.0,38,GEMA,1.0418837257762035,0,0.0,0.2462,0.0118,0.3513,0.9598,0,0,0,0,0,0,0,0,0,0,0,0,0
2618,2022,0,25.64,0.06,1.0,0.52,0.09776686996491679,8.29,3.62,35.18,98.32,0.08942500755677477,4.477402530662256,1.2255970437463584,0.375,0.2,34,GEMA,1.017087062652563,0,0.0,0.2564,0.0006,0.3518,0.9832,0,0,0,0,0,0,0,0,0,0,0,0,0
2617,2023,0,24.42,1.14,1.03,0.51,0.05974834944220702,8.17,3.27,37.06,101.55,0.1008207116936382,4.576253743702165,1.1165398044022263,0.3333333333333333,0.0,34,GEMA,0.9847365829640571,0,0.0,0.24420000000000003,0.011399999999999999,0.37060000000000004,1.0155,0,0,0,0,0,0,0,0,0,0,0,0,0
2651,2013,0,19.45,5.16,1.83,1.69,0.768843357723614,7.38,29.81,1.45,1.97,0.11669640696654292,79.182885558558,4.3513693024720865,0.3333333333333333,0.16666666666666666,32,GEMS,50.76142131979696,0,,0.1945,0.0516,0.014499999999999999,0.0197,0,0,0,0,0,0,0,0,0,0,0,0,0
2650,2014,0,33.67,2.48,2.21,2.05,0.9869504713803788,8.66,26.18,1.59,2.03,0.20444868885102815,70.87528761234003,3.8186217835215683,0.5,0.0,34,GEMS,49.26108374384237,0,0.0,0.3367,0.0248,0.0159,0.0203,0,0,0,0,0,0,0,0,0,0,0,0,0
2649,2015,0,31.22,0.59,2.79,2.56,0.6198811334007637,5.4,18.64,14.23,21.25,0.07457801255291023,5.7500268723430406,2.413663758781791,0.5,0.0,36,GEMS,4.705882352941177,0,0.0,0.3122,0.0059,0.1423,0.2125,0,0,0,0,0,0,0,0,0,0,0,0,0
2648,2016,0,35.95,9.1,3.77,3.62,1.0719022712089807,4.59,19.91,13.15,18.74,0.4483082913999784,5.501054878379677,4.450764948236747,0.5,0.2,37,GEMS,5.3361792956243335,0,0.0,0.35950000000000004,0.091,0.1315,0.18739999999999998,0,0,0,0,0,0,0,0,0,0,0,0,0
2647,2017,0,41.39,15.81,1.68,1.62,0.7099657121291792,7.24,36.32,11.01,22.24,0.5599336573989927,6.652512443075269,4.080908428045181,0.3333333333333333,0.3333333333333333,37,GEMS,4.496402877697842,0,0.0,0.4139,0.15810000000000002,0.1101,0.2224,0,0,0,0,0,0,0,0,0,0,0,0,0
2646,2018,0,34.44,9.62,1.32,1.24,0.31704967703984904,8.19,38.71,17.24,38.26,0.3659417000445921,3.305011777438761,3.3041025823793344,,0.0,38,GEMS,2.6136957658128592,0,0.0,0.3444,0.0962,0.1724,0.3826,0,0,0,0,0,0,0,0,0,0,0,0,0
2645,2019,0,32.61,6.03,1.32,1.24,0.48385228192739893,8.83,35.55,17.44,38.0,0.2673980652779539,3.481391606667688,3.01644199240732,0.4,0.14285714285714285,40,GEMS,2.6315789473684212,0,0.0,0.3261,0.0603,0.1744,0.38,0,0,0,0,0,0,0,0,0,0,0,0,0
2644,2020,0,35.67,9.03,1.23,1.18,0.6133331032223952,8.9,32.6,18.34,42.72,0.2875869936818199,3.614352250337115,3.0574426524351552,0.3333333333333333,0.4,37,GEMS,2.3408239700374533,0,0.0,0.3567,0.09029999999999999,0.1834,0.42719999999999997,0,0,0,0,0,0,0,0,0,0,0,0,0
2643,2021,0,47.68,22.32,1.02,0.95,0.45522810738353076,12.6,33.58,13.79,36.15,0.920725999994542,4.615904649154681,10.374594823155343,0.3333333333333333,0.0,38,GEMS,2.7662517289073305,0,0.0,0.4768,0.2232,0.1379,0.3615,0,0,0,0,0,0,0,0,0,0,0,0,0
2642,2022,0,45.0,23.83,1.53,1.44,0.6964473538052776,17.47,44.14,11.78,23.82,1.530769716977295,6.720706659603299,4.772726125340106,0.5,0.0,34,GEMS,4.198152812762385,0,0.0,0.45,0.23829999999999998,0.11779999999999999,0.2382,0,0,0,0,0,0,0,0,0,0,0,0,0
2641,2023,0,39.49,18.22,1.37,1.3,0.5175603448917183,11.95,42.28,19.29,38.17,1.0577989821412894,20.763387506271492,3.3420461222163187,0.3333333333333333,0.0,34,GEMS,2.619858527639507,0,0.0,0.39490000000000003,0.1822,0.1929,0.38170000000000004,0,0,0,0,0,0,0,0,0,0,0,0,0
2675,2013,0,42.36,17.08,1.72,0.21,0.06987496130797459,14.35,0.52,25.56,44.12,0.3139783309715566,24.357369382245516,2.7471767580601907,0.3333333333333333,0.0,32,GGRM,2.2665457842248413,0,,0.4236,0.17079999999999998,0.2556,0.4412,0,0,0,0,0,0,0,0,0,0,0,0,0
2674,2014,0,44.67,18.01,1.62,0.16,0.06677463113145643,16.07,0.51,31.17,54.61,0.3425495000776252,28.490241953230868,3.51479508088184,0.5,0.14285714285714285,34,GGRM,1.8311664530305805,0,0.0,0.44670000000000004,0.1801,0.31170000000000003,0.5461,0,0,0,0,0,0,0,0,0,0,0,0,0
2673,2015,0,47.38,19.74,1.77,0.22,0.11336582451815727,21.08,0.48,32.38,54.1,0.39191302803599914,27.168712450547982,2.7842847129527697,0.0,0.0,36,GGRM,1.8484288354898335,0,0.0,0.4738,0.1974,0.32380000000000003,0.541,0,0,0,0,0,0,0,0,0,0,0,0,0
2672,2016,0,49.35,19.82,1.94,0.2,0.07371653342076981,18.41,0.46,31.38,49.93,0.43271523998856476,23.623113250432716,3.1075855492491855,0.5,0.3333333333333333,37,GGRM,2.002803925495694,0,0.0,0.4935,0.19820000000000002,0.31379999999999997,0.4993,0,0,0,0,0,0,0,0,0,0,0,0,0
2671,2017,0,54.09,23.02,1.94,0.25,0.10301068831768125,15.6,0.41,30.86,48.83,0.45791255067806935,22.510885039138824,3.8219365357607855,0.5,0.3333333333333333,37,GGRM,2.047921359819783,0,0.0,0.5409,0.2302,0.3086,0.48829999999999996,0,0,0,0,0,0,0,0,0,0,0,0,0
2670,2018,0,52.33,21.87,2.06,0.3,0.09883661135487715,18.02,0.44,25.07,38.38,0.464114531445463,24.022875308551917,3.5650376213475266,0.16666666666666666,0.0,38,GGRM,2.6055237102657633,0,0.0,0.5233,0.2187,0.2507,0.38380000000000003,0,0,0,0,0,0,0,0,0,0,0,0,0
2669,2019,0,53.87,25.73,2.06,0.36,0.1459816244896269,23.49,0.48,22.14,34.19,0.5445585224347822,21.722184858016696,2.0022608734784586,0.0,0.125,40,GGRM,2.9248318221702254,0,0.0,0.5387,0.25730000000000003,0.2214,0.3419,0,0,0,0,0,0,0,0,0,0,0,0,0
2668,2020,0,48.55,21.35,2.91,0.56,0.28302611782533466,16.16,0.44,7.91,10.57,0.5127142839057781,23.00962410335813,1.3479883999423947,0.4,0.2,37,GGRM,9.460737937559129,0,0.0,0.4855,0.21350000000000002,0.0791,0.1057,0,0,0,0,0,0,0,0,0,0,0,0,0
2667,2021,0,42.25,16.59,2.09,0.41,0.1496245076056381,12.68,0.45,11.23,17.04,0.23943878775965455,26.70138962342835,0.993064712931262,0.5,0.3333333333333333,38,GGRM,5.868544600938967,0,0.0,0.4225,0.1659,0.11230000000000001,0.1704,0,0,0,0,0,0,0,0,0,0,0,0,0
2666,2022,0,40.96,10.26,1.9,0.26,0.1540611659875825,10.93,0.34,11.45,17.52,0.12759776375482954,37.57970803741178,0.5986173318755061,0.42857142857142855,0.0,34,GGRM,5.707762557077626,0,0.0,0.4096,0.1026,0.11449999999999999,0.1752,0,0,0,0,0,0,0,0,0,0,0,0,0
2665,2023,0,31.97,11.66,1.83,0.25,0.14427144943331513,22.09,0.66,14.49,22.01,0.23533967667448188,30.666804123912346,0.6425445587548383,0.5,0.2,34,GGRM,4.543389368468877,0,0.0,0.3197,0.1166,0.1449,0.22010000000000002,0,0,0,0,0,0,0,0,0,0,0,0,0
2699,2013,0,14.78,0.36,0.84,0.75,0.4808620938394692,25.74,36.81,62.38262785278062,165.83462451507756,0.006744205886522173,2.2972301871667478,0.8242370795178308,0.5,0.3333333333333333,32,GIAA,0.6030103803256603,0,,0.1478,0.0036,0.6238262785278063,1.6583462451507756,0,0,0,0,0,0,0,0,0,0,0,0,0
2698,2014,0,5.47,-9.38,0.66,0.59,0.35619143668700387,27.73,42.31,71.74927131594782,253.97317045648813,-0.17333152921958592,1.8671143607191107,1.3117668491782828,0.6,0.5,34,GIAA,0.393742377670292,0,0.0,0.0547,-0.09380000000000001,0.7174927131594783,2.5397317045648813,0,0,0,0,0,0,0,0,0,0,0,0,0
2697,2015,0,15.5,2.04,0.84,0.77,0.4348145981538126,28.46,36.61,71.27734049763552,248.15717531906648,0.06318104551330374,1.8171665609395398,0.6101457435425224,0.42857142857142855,0.3333333333333333,36,GIAA,0.40297041530806293,0,0.0,0.155,0.0204,0.7127734049763552,2.4815717531906647,0,0,0,0,0,0,0,0,0,0,0,0,0
2696,2016,0,15.09,0.24,0.75,0.68,0.36199310183760475,21.98,32.85,72.9798402752865,270.0940372626177,0.04281370712619952,1.8675377079064912,0.6432007511820919,0.0,0.0,37,GIAA,0.3702414204085818,0,0.0,0.1509,0.0024,0.729798402752865,2.7009403726261767,0,0,0,0,0,0,0,0,0,0,0,0,0
2695,2017,0,12.08,-5.11,0.51,0.45,0.15907509062427636,17.24,30.69,75.08911939778287,301.4310116002071,-0.031751036868520884,2.037050127835921,0.6108676762426337,0.4,0.0,37,GIAA,0.33175086886093735,0,0.0,0.1208,-0.051100000000000007,0.7508911939778287,3.014310116002071,0,0,0,0,0,0,0,0,0,0,0,0,0
2694,2018,0,5.41,-5.29,0.35,0.3,0.08266653478271108,12.4,29.25,84.60328635519471,549.4892501539712,-0.06972561428370799,2.4084209670163297,0.8283807211590455,0.0,0.0,38,GIAA,0.1819871816818604,0,0.0,0.0541,-0.0529,0.8460328635519471,5.494892501539712,0,0,0,0,0,0,0,0,0,0,0,0,0
2693,2019,0,14.69,-0.97,0.33,0.28,0.0881505750009243,11.26,24.64,86.92503003922565,664.8201127804168,0.014284109642405445,2.2207837059051614,1.5896826757551445,1.0,0.25,40,GIAA,0.15041662861518895,0,0.0,0.1469,-0.0097,0.8692503003922565,6.648201127804168,0,0,0,0,0,0,0,0,0,0,0,0,0
2692,2020,0,-92.43,-165.96,0.12,0.1,0.046796128820273175,5.81,21.04,118.00767168900012,-655.3188759048975,-0.1759736616246434,0.7697349365502918,-0.3814655646244368,0.75,0.5454545454545454,37,GIAA,-0.1525974661754019,1,0.0,-0.9243000000000001,-1.6596000000000002,1.1800767168900013,-6.553188759048975,0,0,0,0,0,0,0,0,0,0,0,0,0
2691,2021,1,-75.46,-312.27,0.05,0.04,0.00943328446314424,11.56,26.32,184.94753267617415,-217.7197228096158,-0.1236489706473667,0.18873182043617656,-0.06593414189340127,0.5,0.14285714285714285,38,GIAA,-0.45930611480451233,1,1.0,-0.7545999999999999,-3.1227,1.8494753267617414,-2.177197228096158,0,0,0,0,0,0,0,0,0,0,0,0,0
2690,2022,1,-3.49,177.93,0.48,0.44,0.31033520567168266,18.27,30.82,124.62063266881572,-506.1634050804028,-0.05147334445603814,0.7478931078607819,-0.24026201841871067,0.5,0.0,34,GIAA,-0.19756465796675926,1,1.0,-0.0349,1.7793,1.2462063266881571,-5.061634050804028,0,0,0,0,0,0,0,0,0,0,0,0,0
2689,2023,1,21.34,8.58,0.56,0.46,0.24876195157187456,19.56,25.14,119.06651085030032,-624.4798106226388,0.038257484483746794,0.8126097047176465,-0.3196428390965572,0.3333333333333333,0.25,34,GIAA,-0.16013327940945732,1,1.0,0.2134,0.0858,1.1906651085030031,-6.244798106226387,0,0,0,0,0,0,0,0,0,0,0,0,0
2723,2013,0,19.93,0.97,2.31,1.69,0.7543541588301872,5.48,6.0,38.83,104.13,0.14183188313900164,1.8592302274812313,1.0227311675767856,0.0,0.0,32,GJTL,0.9603380389897245,0,,0.1993,0.0097,0.3883,1.0413,0,0,0,0,0,0,0,0,0,0,0,0,0
2722,2014,0,18.86,2.17,2.02,1.3,0.3370172802139,5.66,5.22,39.51,113.01,0.11154892040386714,1.7649816951423223,0.880936043330819,0.3333333333333333,0.0,34,GJTL,0.8848774444739402,0,0.0,0.1886,0.0217,0.3951,1.1301,0,0,0,0,0,0,0,0,0,0,0,0,0
2721,2015,0,20.03,-2.42,1.78,1.21,0.264166954831857,4.97,4.76,43.98,142.75,0.09181161142262101,1.6419904751306649,0.34239810520375624,0.5,0.0,36,GJTL,0.7005253940455342,0,0.0,0.2003,-0.0242,0.43979999999999997,1.4275,0,0,0,0,0,0,0,0,0,0,0,0,0
2720,2016,0,23.2,4.6,1.73,1.21,0.2593316228513941,4.1,4.77,39.81,127.28,0.12204580344200544,1.6875519131246608,0.637589457364235,0.3333333333333333,0.0,37,GJTL,0.7856693903205532,0,0.0,0.23199999999999998,0.046,0.3981,1.2728,0,0,0,0,0,0,0,0,0,0,0,0,0
2719,2017,0,17.12,0.32,1.63,1.06,0.20279370625952003,3.86,4.88,38.78,123.98,0.07948528641281873,1.7020779137764934,0.41662310037180994,0.2857142857142857,0.0,37,GJTL,0.8065817067268914,0,0.0,0.17120000000000002,0.0032,0.38780000000000003,1.2398,0,0,0,0,0,0,0,0,0,0,0,0,0
2718,2018,0,15.62,-0.49,1.5,0.93,0.15954037699918583,4.13,4.47,38.51,129.2,0.06823467899732633,1.7309802783876367,0.38549787859757684,0.26666666666666666,0.0,38,GJTL,0.7739938080495358,0,0.0,0.1562,-0.0049,0.3851,1.2919999999999998,0,0,0,0,0,0,0,0,0,0,0,0,0
2717,2019,0,17.34,1.69,1.49,1.03,0.16493627860250118,3.87,4.55,35.88,108.49,0.08670994459465926,1.866119767728379,0.32692890262428936,0.3333333333333333,0.3333333333333333,40,GJTL,0.9217439395335976,0,0.0,0.1734,0.0169,0.3588,1.0849,0,0,0,0,0,0,0,0,0,0,0,0,0
2716,2020,0,19.71,2.37,1.61,1.21,0.27810330841165964,3.13,4.91,29.54,76.63,0.12238524769979224,2.1098160027664665,0.33131605380599427,0.3333333333333333,0.0,37,GJTL,1.3049719431032234,0,0.0,0.1971,0.023700000000000002,0.2954,0.7663,0,0,0,0,0,0,0,0,0,0,0,0,0
2715,2021,0,13.63,0.48,1.76,1.15,0.2389669983952036,3.75,5.53,29.47,75.89,0.06552656177251451,2.093641624689427,0.3242841592084831,0.3333333333333333,0.16666666666666666,38,GJTL,1.3176966662274343,0,0.0,0.1363,0.0048,0.29469999999999996,0.7589,0,0,0,0,0,0,0,0,0,0,0,0,0
2714,2022,0,13.49,-1.11,1.67,1.07,0.22751405815769837,4.18,4.88,30.87,81.25,0.059882173003197446,2.1209359010218414,0.27007691322955985,0.3333333333333333,0.0,34,GJTL,1.2307692307692308,0,0.0,0.1349,-0.0111,0.30870000000000003,0.8125,0,0,0,0,0,0,0,0,0,0,0,0,0
2713,2023,0,21.64,6.88,1.85,1.26,0.2234051497681097,3.88,4.49,26.2,59.53,0.1945901833000983,2.3843994012137837,0.4318498430836661,0.5,0.5,34,GJTL,1.6798252981689903,0,0.0,0.2164,0.0688,0.262,0.5953,0,0,0,0,0,0,0,0,0,0,0,0,0
2747,2013,0,49.32,30.5,1.02,0.27,0.09052161588512543,20.55,0.49,69.15358607212725,224.1867927842154,0.10669049800294746,1.9716098098850519,2.089032119249562,0.6666666666666666,0.0,32,GMTD,0.4460566064489452,0,,0.4932,0.305,0.6915358607212725,2.2418679278421543,0,0,0,0,0,0,0,0,0,0,0,0,0
2746,2014,0,59.34,37.9,2.09,0.28,0.04350889601172146,41.81,0.2,56.28553244854446,128.7572183792282,0.15237008590410495,2.920171989319025,0.9295181878441499,0.5,0.0,34,GMTD,0.7766554858731908,0,0.0,0.5934,0.379,0.5628553244854446,1.287572183792282,0,0,0,0,0,0,0,0,0,0,0,0,0
2745,2015,0,55.27,39.06,1.06,0.22,0.038068714687469835,159.22,0.2,56.4943851351188,129.85538834837092,0.16250430412273684,3.680164587512846,1.3739738011850133,0.5,0.0,36,GMTD,0.7700874124046662,0,0.0,0.5527000000000001,0.3906,0.564943851351188,1.2985538834837091,0,0,0,0,0,0,0,0,0,0,0,0,0
2744,2016,0,51.04,29.97,1.17,0.25,0.03825665065870206,396.5,0.34,48.03342525507194,92.43138592612358,0.17901560298665026,5.133172047041631,1.1047817701120475,0.5,0.0,37,GMTD,1.0818835939550413,0,0.0,0.5104,0.29969999999999997,0.4803342525507194,0.9243138592612358,0,0,0,0,0,1,0,0,0,0,0,0,1
2743,2017,0,52.71,28.76,1.19,0.26,0.040042522628664555,254.64,0.28,43.36294322904754,76.56284718995332,0.1565581128273953,6.698545334400995,1.4678811442132405,0.4,0.0,37,GMTD,1.3061165260991252,0,0.0,0.5271,0.2876,0.4336294322904754,0.7656284718995332,0,0,0,0,0,1,0,0,0,0,0,0,1
2742,2018,0,49.17,24.21,1.37,0.36,0.09375206037820535,140.87,0.35,39.013934966537306,63.971884306899604,0.16529196784214029,6.4139660576248785,1.9933610144684015,0.375,0.2,38,GMTD,1.5631867199699576,0,0.0,0.4917,0.2421,0.39013934966537306,0.6397188430689961,0,0,0,0,0,0,0,0,0,0,0,0,0
2741,2019,0,48.51,-33.21,1.63,0.4,0.061966883426794746,44.89,0.31,37.68324706565534,60.470491949257124,0.11633333843223387,6.089376175636134,2.3539266471483438,0.3333333333333333,0.0,40,GMTD,1.6536991312045792,0,0.0,0.4851,-0.3321,0.37683247065655334,0.6047049194925712,0,0,0,0,0,0,0,0,0,0,0,0,0
2740,2020,0,46.02,-61.75,1.39,0.3,0.05529913159917831,24.71,0.26,40.75507986717938,68.79084278586411,0.0639400048288823,9.696149082679808,3.1158936254868093,0.4,0.5,37,GMTD,1.453681855756375,0,0.0,0.46020000000000005,-0.6175,0.40755079867179383,0.6879084278586411,0,0,0,0,0,0,0,0,0,0,0,0,0
2739,2021,0,52.53,-19.3,1.7,0.39,0.10602219172593914,40.38,0.18,48.07951910347718,92.60222223153008,-0.0021705538972590257,3.470464956524773,3.048475853858198,0.3333333333333333,0.0,38,GMTD,1.079887691571521,0,0.0,0.5253,-0.193,0.4807951910347718,0.9260222223153007,0,0,0,0,0,0,0,0,0,0,0,0,0
2738,2022,0,42.48,2.79,1.36,0.15,0.04696273712060279,666.08,0.45,51.20882062558345,104.95507852477652,0.12136637886847976,3.4893071148841477,259.9233732755189,0.0,0.0,34,GMTD,0.9527885777951489,0,0.0,0.42479999999999996,0.0279,0.5120882062558345,1.0495507852477652,0,0,0,0,0,1,0,0,0,0,0,0,1
2737,2023,0,54.48,30.06,1.85,0.16,0.040948416674564524,983.17,0.4,42.16599244327497,72.90864704804959,0.3275788179773893,4.60084377262948,348.165291487025,0.3333333333333333,0.0,34,GMTD,1.3715794223159314,0,0.0,0.5448,0.3006,0.42165992443274974,0.7290864704804959,0,0,0,0,0,1,0,0,0,0,0,1,2
2771,2013,0,85.11,13.41,5.807219743001784,5.767731623117069,4.590472248503157,92.60669166132338,3.736986839127803,19.582464508853747,124.35098811379233,0.3527834965573175,15.299351593540074,1.4160546693115938,0.4,0.25,32,GOLD,0.8041753549114625,0,,0.8511,0.1341,0.19582464508853747,1.2435098811379233,0,0,0,0,0,0,0,0,0,0,0,0,0
2770,2014,0,79.88,6.53,9.036091554828875,8.930231085190405,8.605387979649878,49.7005708570438,82.0795695617717,15.66368074296228,118.57287686791331,0.12052621293815453,13.951906022400179,1.1013710500493175,0.3333333333333333,0.0,34,GOLD,0.8433631926751431,0,0.0,0.7988,0.0653,0.1566368074296228,1.1857287686791331,0,0,0,0,0,0,0,0,0,0,0,0,0
2769,2015,0,0.0,0.0,7.2780312508582865,7.192086530691975,6.974009158660422,0.0,0.0,17.916109429943724,121.82658412694612,0.0,13.92220019746029,1.1226699606140123,0.5,0.4444444444444444,36,GOLD,0.8208389057005628,0,0.0,0.0,0.0,0.17916109429943725,1.2182658412694611,0,0,0,0,0,0,0,0,0,0,0,0,0
2768,2016,0,65.53,-83.39,0.7141165016886014,0.5946444384231646,0.262762666824049,1.230356166067983,0.5496812637880729,44.28307819121535,179.4786875611799,-0.09396482413548042,73.05419359033627,1.8711645036760747,0.6666666666666666,0.0,37,GOLD,0.5571692180215684,0,0.0,0.6553,-0.8339,0.4428307819121535,1.794786875611799,0,0,0,0,0,0,0,0,0,0,0,0,0
2767,2017,0,66.09,-3.36,0.3419565098654123,0.32414303663099314,0.07932893035687469,20.967376252853132,2.035789899179063,47.802621343062164,191.58050186586334,0.025265558182408374,4.053899783068988,1.447016087125886,0.6666666666666666,0.14285714285714285,37,GOLD,0.5219737866122505,0,0.0,0.6609,-0.0336,0.4780262134306216,1.9158050186586335,0,0,0,0,0,0,0,0,0,0,0,0,0
2766,2018,0,63.92,-23.35,0.645211501760079,0.6175782954175911,0.05493327279681742,26.084333535687524,2.797912538920751,60.68323844689697,254.34444763446598,0.053129857844567405,1.9681954869914606,1.806282438363176,0.3333333333333333,0.0,38,GOLD,0.39316761553103036,0,0.0,0.6392,-0.2335,0.6068323844689697,2.5434444763446598,0,0,0,0,0,0,0,0,0,0,0,0,0
2765,2019,0,69.95,19.58,3.6353792982024395,3.5722762824249967,2.8733058240050835,18.190262975596852,4.914416106012964,10.080030440739836,111.21000206088456,0.39224725587905224,159.311008677947,0.9556882316534956,0.3333333333333333,0.3333333333333333,40,GOLD,0.8991996955926017,0,0.0,0.6995,0.19579999999999997,0.10080030440739836,1.1121000206088456,0,0,0,0,0,0,0,0,0,0,0,0,0
2764,2020,0,70.17,33.06,4.277903424110924,4.2315762938388835,3.686074004367721,33.310760066247724,3.585624953719577,8.4575719534893,109.23896397984134,0.5310596359393404,110.69813485181133,0.948464524765319,0.4,0.2,37,GOLD,0.915424280465107,0,0.0,0.7017,0.3306,0.084575719534893,1.0923896397984134,0,0,0,0,0,0,0,0,0,0,0,0,0
2763,2021,0,63.13,33.0,3.547252425432648,3.5232636534798414,3.202975105011023,58.10028853020247,7.985718734505911,9.542984434594773,110.54974495338583,0.5436413395498181,122.72595413072564,1.5651287468336006,0.0,0.1,38,GOLD,0.9045701556540523,0,0.0,0.6313,0.33,0.09542984434594773,1.1054974495338583,0,0,0,0,0,0,0,0,0,0,0,0,0
2762,2022,0,63.09,33.74,3.025779764415945,2.9489394676079144,2.6733175125343642,21.209028905198284,9.050116394862366,8.11710828364208,108.83418896817001,0.6149730001350339,107.82148582436378,1.1093927255669416,0.3,0.1,34,GOLD,0.9188289171635792,0,0.0,0.6309,0.33740000000000003,0.0811710828364208,1.0883418896817,0,0,0,0,0,0,0,0,0,0,0,0,0
2761,2023,0,60.86,33.94,1.796257297935239,1.755068549042261,1.434304292482864,34.31853451902175,8.202851380746004,9.141075031742627,110.06073430313661,0.5082988600777395,97.07728400892172,0.9758854827046487,0.5,0.3333333333333333,34,GOLD,0.9085892496825738,0,0.0,0.6086,0.3394,0.09141075031742626,1.100607343031366,0,0,0,0,0,0,0,0,0,0,0,0,0
2795,2013,0,58.23,20.53,3.89,0.78,0.15592594908714913,3.0,0.25,20.2,33.61,0.3090213248817861,4.252458872550392,0.8062936360726187,0.3333333333333333,0.0,32,GPRA,2.9753049687592976,0,,0.5822999999999999,0.2053,0.20199999999999999,0.3361,0,0,0,0,0,0,0,0,0,0,0,0,0
2794,2014,0,49.98,16.31,2.98,0.79,0.18580156601611764,3.01,0.33,17.06,29.4,0.16912216462773225,4.353965886600767,1.4522004235259995,0.3333333333333333,0.25,34,GPRA,3.4013605442176873,0,0.0,0.49979999999999997,0.1631,0.17059999999999997,0.294,0,0,0,0,0,0,0,0,0,0,0,0,0
2793,2015,0,56.06,17.52,3.13,0.69,0.16890400148814302,2.08,0.19,17.33,28.81,0.18292410850765714,5.941713146155819,0.898465760457908,0.3333333333333333,0.4,36,GPRA,3.4710170079833396,0,0.0,0.5606,0.1752,0.17329999999999998,0.28809999999999997,0,0,0,0,0,0,0,0,0,0,0,0,0
2792,2016,0,51.21,10.95,4.22,1.0,0.3520311515800351,2.23,0.2,19.76,30.7,0.11663727605883928,5.431211173084168,0.7747412805133205,0.4,0.16666666666666666,37,GPRA,3.257328990228013,0,0.0,0.5121,0.10949999999999999,0.19760000000000003,0.307,0,0,0,0,0,0,0,0,0,0,0,0,0
2791,2017,0,53.71,10.17,4.59,0.93,0.19879585299389868,1.98,0.16,16.31,23.67,0.10444695588509972,6.333359902848461,0.4262949035233012,0.3333333333333333,0.3333333333333333,37,GPRA,4.224757076468102,0,0.0,0.5371,0.1017,0.1631,0.23670000000000002,0,0,0,0,0,0,0,0,0,0,0,0,0
2790,2018,0,51.6,11.58,5.7,1.17,0.28014701497683386,2.37,0.2,16.46,23.37,0.17379035828623304,5.954448647605573,0.43477466785971713,0.5,0.0,38,GPRA,4.278990158322635,0,0.0,0.516,0.1158,0.1646,0.23370000000000002,0,0,0,0,0,0,0,0,0,0,0,0,0
2789,2019,0,59.98,13.89,4.6,0.91,0.12566013217280939,1.89,0.14,14.89,22.42,0.16816247950413443,5.638425285227412,0.28693479209262573,0.0,0.25,40,GPRA,4.460303300624442,0,0.0,0.5998,0.1389,0.1489,0.2242,0,0,0,0,0,0,0,0,0,0,0,0,0
2788,2020,0,58.56,10.73,3.55,0.21,0.09267806111838173,2.44,0.1,17.72,29.06,0.11752886017404379,4.976724857052765,0.3045334103819784,0.3333333333333333,0.16666666666666666,37,GPRA,3.441156228492774,0,0.0,0.5856,0.1073,0.1772,0.29059999999999997,0,0,0,0,0,0,0,0,0,0,0,0,0
2787,2021,0,45.81,11.09,2.97,0.22,0.1364357640986018,14.84,0.18,14.14,22.52,0.15061088430137276,6.803559264080065,0.33643608987752793,0.3333333333333333,0.2,38,GPRA,4.440497335701599,0,0.0,0.4581,0.1109,0.1414,0.22519999999999998,0,0,0,0,0,0,0,0,0,0,0,0,0
2786,2022,0,63.7,20.62,2.96,0.2,0.13405830876928332,17.05,0.1,8.57,12.96,0.19404548579936043,10.478472051823342,0.35926133661103277,0.5,0.6666666666666666,34,GPRA,7.716049382716048,0,0.0,0.637,0.20620000000000002,0.0857,0.12960000000000002,0,0,0,0,0,0,0,0,0,0,0,0,0
2785,2023,0,62.43,21.0,3.55,0.41,0.31122145861006617,26.51,0.13,11.24,17.31,0.21858371348732303,6.02690063078808,0.31694937333030826,0.4,0.0,34,GPRA,5.7770075101097635,0,0.0,0.6243,0.21,0.1124,0.17309999999999998,0,0,0,0,0,0,0,0,0,0,0,0,0
2819,2013,0,66.2,157.06,5.72,4.56,4.408175400385341,0.97,0.12,3.92,4.47,-0.08018859238372315,23.335962475069607,0.6910761117003612,0.5,0.0,32,GWSA,22.371364653243848,0,,0.662,1.5706,0.0392,0.0447,0,0,0,0,0,0,0,0,0,0,0,0,0
2818,2014,0,94.34,324.01,3.73,0.41,0.2411750706094879,9.19,0.02,2.12,2.27,0.15296456607616057,44.4840923441374,0.27144620136638936,0.4,0.0,34,GWSA,44.052863436123346,0,0.0,0.9434,3.2401,0.0212,0.0227,0,1,0,0,0,0,0,0,0,0,0,0,1
2817,2015,0,70.79,1509.28,3.52,1.08,0.585599518405881,3.19,0.04,2.79,3.03,-0.07734322841355057,21.4859349143219,0.15305499728859198,0.5,0.0,36,GWSA,33.00330033003301,0,0.0,0.7079000000000001,15.0928,0.0279,0.030299999999999997,0,1,0,0,0,0,0,0,0,0,0,0,1
2816,2016,0,78.56,148.58,8.8,2.14,1.5186238048663316,4.32,0.05,3.51,3.77,0.05124921884659515,17.78332879401288,0.155178255643423,0.3333333333333333,0.0,37,GWSA,26.525198938992045,0,0.0,0.7856000000000001,1.4858000000000002,0.0351,0.0377,0,0,0,0,0,0,0,0,0,0,0,0,0
2815,2017,0,68.22,221.8,8.27,2.0,1.6101114335328617,3.1,0.04,4.33,4.67,-0.09158212406463259,17.066006121429705,0.17525858314401288,0.6666666666666666,0.6666666666666666,37,GWSA,21.413276231263385,0,0.0,0.6822,2.218,0.0433,0.0467,0,0,0,0,0,0,0,0,0,0,0,0,0
2814,2018,0,34.74,156.66,8.2,2.86,2.5427829608059804,7.29,0.12,5.34,5.85,-0.08943085031104869,14.364508331674333,0.16070061766759458,0.5,0.1111111111111111,38,GWSA,17.094017094017094,0,0.0,0.34740000000000004,1.5666,0.053399999999999996,0.058499999999999996,0,0,0,0,0,0,0,0,0,0,0,0,0
2813,2019,0,65.07,170.29,3.07,0.97,0.8692919014517079,7.35,0.03,4.58,5.02,-0.07778385526080027,30.763218598782178,0.1710930336953668,0.5,0.0,40,GWSA,19.920318725099605,0,0.0,0.6507,1.7028999999999999,0.0458,0.050199999999999995,0,0,0,0,0,0,0,0,0,0,0,0,0
2812,2020,0,44.12,-176.96,16.07,3.61,3.0086916381976034,8.98,0.02,4.6,4.98,-0.10496164588911096,15.044698704487637,0.1511249672529384,0.4,0.2,37,GWSA,20.08032128514056,0,0.0,0.4412,-1.7696,0.046,0.049800000000000004,0,0,0,0,0,0,0,0,0,0,0,0,0
2811,2021,0,46.97,41.79,24.89,3.0,1.8423835808080293,12.25,0.02,4.45,4.81,-0.09573998631518038,14.643886087412499,0.20407270023427973,0.4,0.0,38,GWSA,20.79002079002079,0,0.0,0.4697,0.4179,0.044500000000000005,0.0481,0,0,0,0,0,0,0,0,0,0,0,0,0
2810,2022,0,46.58,53.81,15.31,1.67,0.8308539803240712,15.48,0.03,6.9,7.65,-0.07848006404015401,11.535520154266461,0.16763624155017456,0.3333333333333333,0.0,34,GWSA,13.071895424836601,0,0.0,0.4658,0.5381,0.069,0.0765,0,0,0,0,0,0,0,0,0,0,0,0,0
2809,2023,0,47.39,85.58,11.8,2.74,2.1584001387067717,22.7,0.03,6.95,7.72,-0.07994857479373058,12.197015601586376,0.1694993576481117,0.0,0.0,34,GWSA,12.95336787564767,0,0.0,0.4739,0.8558,0.0695,0.07719999999999999,0,0,0,0,0,0,0,0,0,0,0,0,0
2843,2013,0,20.46,-22.41,0.75,0.7,0.46277533910705104,91.51,12.69,45.71,97.33,0.02882904259105469,2.1401527792103776,0.4390352931159266,0.3333333333333333,0.3333333333333333,32,GZCO,1.0274324463166546,0,,0.2046,-0.2241,0.4571,0.9732999999999999,0,0,0,0,0,0,0,0,0,0,0,0,0
2842,2014,0,29.79,11.0,0.88,0.81,0.4367694669808698,93.04,19.96,46.65,97.33,0.263896432710772,2.069145508263955,0.5227428640758842,0.0,0.3333333333333333,34,GZCO,1.0274324463166546,0,0.0,0.2979,0.11,0.46649999999999997,0.9732999999999999,0,0,0,0,0,0,0,0,0,0,0,0,0
2841,2015,0,22.46,-6.47,1.26,1.01,0.5528623051984567,86.58,11.56,36.59,68.02,0.0638230246011061,2.277790459891738,0.21348186677533018,0.3333333333333333,0.2,36,GZCO,1.470155836518671,0,0.0,0.22460000000000002,-0.0647,0.36590000000000006,0.6801999999999999,0,0,0,0,0,0,0,0,0,0,0,0,0
2840,2016,0,-26.23,-284.02,0.65,0.47,0.16293684696345598,83.16,13.38,54.78,172.9,-4.880203905293001,1.52696038438418,0.40388628357304734,0.3333333333333333,0.5,37,GZCO,0.578368999421631,0,0.0,-0.2623,-2.8402,0.5478000000000001,1.729,0,0,0,0,0,0,0,0,0,1,0,0,1
2839,2017,0,0.71,-27.13,0.93,0.67,0.2880882917466411,85.79,10.64,41.64,96.56,-0.367616122840691,1.8729246480438089,0.2479656991437044,0.5,0.0,37,GZCO,1.035625517812759,0,0.0,0.0070999999999999995,-0.2713,0.4164,0.9656,0,0,0,0,0,0,0,0,0,0,0,0,0
2838,2018,0,-21.87,-62.48,0.25,0.05,0.019861010788265722,61.04,10.24,46.06,125.21,-0.5501636880490248,1.715350748262961,0.2801808473976336,0.5714285714285714,0.14285714285714285,38,GZCO,0.7986582541330565,0,0.0,-0.2187,-0.6248,0.4606,1.2521,0,0,0,0,0,0,0,0,0,0,0,0,0
2837,2019,0,-62.01,-151.8,1.42,1.21,0.6067617463727518,5.29,11.07,37.39,88.66,-1.1252387653460498,1.913068483306617,0.36549618543814466,0.3333333333333333,0.16666666666666666,40,GZCO,1.1279043537108053,0,0.0,-0.6201,-1.518,0.3739,0.8865999999999999,0,0,0,0,0,0,0,0,0,0,0,0,0
2836,2020,0,-34.12,-44.87,0.72,0.52,0.4533480607072225,5.15,9.89,29.83,62.4,-0.6381076970069081,2.289557374222721,0.2927740438243707,0.3333333333333333,0.0,37,GZCO,1.6025641025641026,0,0.0,-0.34119999999999995,-0.4487,0.2983,0.624,0,0,0,0,0,0,0,0,0,0,0,0,0
2835,2021,0,9.55,2.02,0.9,0.71,0.6775966748144227,45.52,9.79,24.62,46.56,-0.011517622807709203,2.781955285791908,0.38486996229389936,0.6,0.0,38,GZCO,2.147766323024055,0,0.0,0.0955,0.0202,0.2462,0.4656,0,0,0,0,0,0,0,0,0,0,0,0,0
2834,2022,0,22.09,13.67,1.0,0.54,0.5159437838217262,63.7,3.12,17.44,30.95,0.10182437160411772,3.637510555378838,0.4216766070130199,0.3333333333333333,0.2,34,GZCO,3.2310177705977385,0,0.0,0.22089999999999999,0.1367,0.1744,0.3095,0,0,0,0,0,0,0,0,0,0,0,0,0
2833,2023,0,12.57,0.32,1.66,1.45,1.414025740882834,89.19,4.62,22.03,39.94,-0.006601711233043302,2.9324239161179233,0.616294835449279,0.6,0.2,34,GZCO,2.5037556334501754,0,0.0,0.1257,0.0032,0.22030000000000002,0.3994,0,0,0,0,0,0,0,0,0,0,0,0,0
2867,2013,0,23.92,5.64,1.63,0.81,0.5914564446328039,43.25,5.36,30.969839667257133,44.86421517489552,0.17641653216710632,34.72588273078207,1.8943481915740419,0.42857142857142855,0.2,32,HERO,2.2289479401381924,0,,0.23920000000000002,0.0564,0.3096983966725713,0.4486421517489552,0,0,0,0,0,0,0,0,0,0,0,0,0
2866,2014,0,22.97,0.32,1.18,0.36,0.07048910507497311,39.2,5.1,34.25680616400756,52.10700023103073,-0.05753632704652156,102.5817020246233,1.8257017870043382,0.4,0.0,34,HERO,1.9191279397513283,0,0.0,0.2297,0.0032,0.3425680616400756,0.5210700023103073,0,0,0,0,0,0,0,0,0,0,0,0,0
2865,2015,0,20.02,-0.57,1.21,0.42,0.0564790880530875,33.7,5.34,35.16710666699657,54.24269203345059,-0.06593895741755376,24.68051335849262,0.9226755520984478,0.5,0.0,36,HERO,1.8435663174374093,0,0.0,0.2002,-0.005699999999999999,0.35167106666996567,0.5424269203345059,0,0,0,0,0,0,0,0,0,0,0,0,0
2864,2016,0,22.81,1.11,1.43,0.43,0.0929449435574175,38.65,5.3,27.103526857701844,37.18084797435149,0.005025009239866946,94.60103929067554,0.9658461760022339,0.3333333333333333,0.0,37,HERO,2.689556732783048,0,0.0,0.2281,0.0111,0.27103526857701843,0.3718084797435149,0,0,0,0,0,0,0,0,0,0,0,0,0
2863,2017,0,22.95,-1.47,1.27,0.46,0.11311686812783261,42.43,5.67,29.395065477464517,41.63316016967948,-0.13585421555432659,32.905873327605256,0.7443840655327644,0.6666666666666666,0.0,37,HERO,2.4019315274757314,0,0.0,0.22949999999999998,-0.0147,0.29395065477464516,0.4163316016967948,0,0,0,0,0,0,0,0,0,0,0,0,0
2862,2018,0,24.95,-9.64,1.31,0.55,0.22957597212153774,36.5,6.06,37.86296368267231,60.93461472689153,-0.052979569767890936,25.45848735626303,0.8642113462633663,0.5,0.0,38,HERO,1.6411033441041551,0,0.0,0.2495,-0.0964,0.37862963682672307,0.6093461472689153,0,0,0,0,0,0,0,0,0,0,0,0,0
2861,2019,0,26.31,-0.23,1.07,0.36,0.07424315647379827,36.81,5.6,39.43955322292078,65.12427718391234,-0.007346862538329909,30.06302364476573,1.0155110591338699,0.3333333333333333,0.4,40,HERO,1.5355256798873618,0,0.0,0.2631,-0.0023,0.3943955322292078,0.6512427718391234,0,0,0,0,0,0,0,0,0,0,0,0,0
2860,2020,0,35.88,-14.58,0.68,0.17,0.03350069928473663,37.04,5.14,61.66746272592874,160.8749827464242,-0.11486398396100986,3.6282020215761377,1.8722373897927846,0.3333333333333333,0.2222222222222222,37,HERO,0.6216006882662601,0,0.0,0.3588,-0.1458,0.6166746272592875,1.608749827464242,0,0,0,0,0,0,0,0,0,0,0,0,0
2859,2021,0,20.28,-26.77,0.77,0.51,0.05188819803576849,31.96,1.97,86.0712876160673,617.9414524730494,-0.05310039676307703,1.406836825292771,8.809464832574214,0.5,0.0,38,HERO,0.1618276288146592,0,0.0,0.2028,-0.2677,0.8607128761606729,6.179414524730493,0,0,0,0,0,0,0,0,0,0,0,0,0
2858,2022,0,32.29,-6.94,0.76,0.42,0.026627391638190775,58.68,2.97,86.4245871576095,636.6258482227561,0.00511818558244895,1.4290635442021369,6.689262134142312,0.3333333333333333,0.0,34,HERO,0.15707813353662303,0,0.0,0.32289999999999996,-0.0694,0.8642458715760949,6.366258482227561,0,0,0,0,0,0,0,0,0,0,0,0,0
2857,2023,0,30.46,-8.26,0.48,0.17,0.03518921840187429,48.6,3.17,75.3717249375935,306.03736862044246,-0.01577596854562155,2.4937818781957084,2.6071816998821227,0.3333333333333333,0.0,34,HERO,0.3267574821035116,0,0.0,0.3046,-0.08259999999999999,0.753717249375935,3.0603736862044246,0,0,0,0,0,0,0,0,0,0,0,0,0
2891,2013,0,20.27,10.07,1.82,0.65,0.05274958343058471,5.52,2.1,26.41,52.75,0.3867102015793962,36.775382853132975,2.220993290564125,0.375,0.0,32,HEXA,1.8957345971563981,0,,0.2027,0.1007,0.2641,0.5275,0,0,0,0,0,0,0,0,0,0,0,0,0
2890,2014,0,15.38,4.58,1.93,0.73,0.04565766661241818,3.94,1.75,16.35,30.33,0.1594501901944178,36.27494607263522,1.3361394763381873,0.5,0.0,34,HEXA,3.2970656116056714,0,0.0,0.15380000000000002,0.0458,0.1635,0.30329999999999996,0,0,0,0,0,0,0,0,0,0,0,0,0
2889,2015,0,17.5,4.93,2.29,0.89,0.06932128266027418,3.34,1.55,10.86,18.03,0.17564844446036237,28.98812977335736,0.9720494862142482,0.5,0.15384615384615385,36,HEXA,5.546311702717692,0,0.0,0.175,0.0493,0.10859999999999999,0.18030000000000002,0,0,0,0,0,0,0,0,0,0,0,0,0
2888,2016,0,17.49,2.73,5.34,2.68,1.2438427132376688,3.14,1.44,0.28,0.34,0.23166928024258154,24.60529534969843,0.44332591459325493,0.4,0.42857142857142855,37,HEXA,294.11764705882354,0,0.0,0.17489999999999997,0.0273,0.0028000000000000004,0.0034000000000000002,0,0,0,0,0,0,0,0,0,0,0,0,0
2887,2017,0,18.69,6.04,2.18,1.07,0.20677761024961153,4.44,2.3,1.35,2.27,0.2414215361437149,15.558038298028844,1.6835803801545663,0.6,0.0,37,HEXA,44.052863436123346,0,0.0,0.1869,0.0604,0.013500000000000002,0.0227,0,0,0,0,0,0,0,0,0,0,0,0,0
2886,2018,0,20.54,6.57,1.93,1.07,0.4698246535402644,4.68,2.68,1.07,2.01,0.23253128047053337,16.198655833898087,1.2184659420520831,0.2,0.16666666666666666,38,HEXA,49.75124378109454,0,0.0,0.2054,0.06570000000000001,0.010700000000000001,0.020099999999999996,0,0,0,0,0,0,0,0,0,0,0,0,0
2885,2019,0,20.92,8.15,1.83,0.85,0.27491138294157597,5.56,2.71,11.82,24.18,0.30356730400984583,16.183281431596246,1.0629954061996465,0.3333333333333333,0.0,40,HEXA,4.1356492969396195,0,0.0,0.20920000000000002,0.0815,0.1182,0.2418,0,0,0,0,0,0,0,0,0,0,0,0,0
2884,2020,0,25.42,9.06,2.89,1.14,0.19019132851853784,5.19,2.12,0.68,1.02,0.6130426384135687,18.762506992377315,0.6531058920641616,0.4444444444444444,0.0,37,HEXA,98.0392156862745,0,0.0,0.25420000000000004,0.0906,0.0068000000000000005,0.0102,0,0,0,0,0,0,0,0,0,0,0,0,0
2883,2021,0,26.31,9.7,3.04,1.51,0.5108313431598498,3.76,1.6,0.44,0.65,0.39788903753097715,16.140778498988162,1.1549080129357778,0.3333333333333333,0.0,38,HEXA,153.84615384615384,0,0.0,0.2631,0.09699999999999999,0.0044,0.006500000000000001,0,0,0,0,0,0,0,0,0,0,0,0,0
2882,2022,0,25.13,11.89,1.96,0.96,0.12317466446902849,5.12,2.88,1.57,2.99,0.4770320284436507,14.383240423816499,2.2513537544170465,0.3333333333333333,0.0,34,HEXA,33.4448160535117,0,0.0,0.25129999999999997,0.1189,0.015700000000000002,0.029900000000000003,0,0,0,0,0,0,0,0,0,0,0,0,0
2881,2023,0,19.82,8.19,1.42,0.65,0.09388585158431587,4.72,2.87,22.56,63.07,0.23696025732639037,13.397472067678384,1.749468717177584,0.5,0.2,34,HEXA,1.5855398763278896,0,0.0,0.19820000000000002,0.0819,0.2256,0.6307,0,0,0,0,0,0,0,0,0,0,0,0,0
2915,2013,0,23.67,5.22,0.87,0.84,0.5907332314479982,10.04,48.0,39.35,390.35,0.03528188664152765,1.1460437701912092,8.476915499215863,0.0,0.0,32,HITS,0.2561803509670808,0,,0.23670000000000002,0.052199999999999996,0.3935,3.9035,0,0,0,0,0,0,0,0,0,0,0,0,0
2914,2014,0,24.08,2.36,1.36,1.32,1.138223632849613,14.19,46.33,36.36,259.0,0.06786828721457674,1.1992480263085075,22.36865527197558,0.3181818181818182,0.0,34,HITS,0.3861003861003861,0,0.0,0.2408,0.0236,0.3636,2.59,0,0,0,0,0,0,0,0,0,0,0,0,0
2913,2015,0,30.78,6.31,0.93,0.91,0.6622139125141057,9.43,41.47,28.71,200.43,0.07410280790587714,1.2402212558304846,18.739603542665748,0.3333333333333333,0.0,36,HITS,0.4989273062914733,0,0.0,0.3078,0.06309999999999999,0.2871,2.0043,0,0,0,0,0,0,0,0,0,0,0,0,0
2912,2016,0,26.66,8.92,1.12,1.09,0.9154988095284938,9.13,52.95,36.02,169.84,0.05894936937525637,1.3534460567077968,11.593002522015786,0.5,0.16666666666666666,37,HITS,0.5887894488930758,0,0.0,0.2666,0.0892,0.3602,1.6984000000000001,0,0,0,0,0,0,0,0,0,0,0,0,0
2911,2017,0,42.59,14.78,0.98,0.93,0.7000203587202761,12.16,30.17,38.69,163.62,0.12566352855905996,1.401320110012519,9.204884997661173,0.3333333333333333,0.0,37,HITS,0.6111722283339445,0,0.0,0.42590000000000006,0.1478,0.38689999999999997,1.6362,0,0,0,0,0,0,0,0,0,0,0,0,0
2910,2018,0,35.96,15.33,0.85,0.8,0.5678940107835129,10.54,27.55,33.58,124.23,0.12794032965671506,1.5371250724383285,6.481885558105522,0.42857142857142855,0.0,38,HITS,0.8049585446349513,0,0.0,0.35960000000000003,0.1533,0.3358,1.2423,0,0,0,0,0,0,0,0,0,0,0,0,0
2909,2019,0,33.87,15.24,0.72,0.69,0.45555935694195593,9.89,28.89,32.47,105.15,0.1463446178990454,1.6610499680462594,5.893397840059466,0.3333333333333333,0.0,40,HITS,0.951022349025202,0,0.0,0.3387,0.1524,0.3247,1.0515,0,0,0,0,0,0,0,0,0,0,0,0,0
2908,2020,0,31.81,8.1,0.58,0.53,0.3380128603182636,9.16,23.0,29.94,98.15,0.11371302223786087,1.779727389826371,3.6142680952957957,0.5,0.0,37,HITS,1.0188487009679061,0,0.0,0.3181,0.081,0.2994,0.9815,0,0,0,0,0,0,0,0,0,0,0,0,0
2907,2021,0,15.94,-15.19,0.83,0.76,0.440594361962909,6.4,19.3,33.22,116.93,-0.021746106636566804,1.5891101371180834,3.012037669501948,0.3333333333333333,0.14285714285714285,38,HITS,0.8552125203112974,0,0.0,0.1594,-0.1519,0.3322,1.1693,0,0,0,0,0,0,0,0,0,0,0,0,0
2906,2022,0,27.57,10.05,1.07,0.99,0.46982886717028866,8.46,19.7,21.1,60.8,0.09914407603827273,1.8930437183655962,2.092869001359365,0.3333333333333333,0.0,34,HITS,1.6447368421052633,0,0.0,0.2757,0.1005,0.21100000000000002,0.608,0,0,0,0,0,0,0,0,0,0,0,0,0
2905,2023,0,26.5,8.22,1.81,1.7,1.1568678441761524,6.69,17.09,27.89,70.32,0.06875859962443398,1.9297613732732821,1.6089418258468302,0.5,0.2,34,HITS,1.4220705346985212,0,0.0,0.265,0.08220000000000001,0.2789,0.7031999999999999,0,0,0,0,0,0,0,0,0,0,0,0,0
2939,2013,0,45.08,24.3,1.75,0.24,0.05421374009282576,31.55,1.34,9.11,17.63,1.095921003861336,13.573658539185216,19.32169012648644,0.3333333333333333,0.42857142857142855,32,HMSP,5.672149744753262,0,,0.4508,0.243,0.0911,0.17629999999999998,0,0,0,0,0,0,0,0,0,0,0,0,0
2938,2014,0,44.59,22.14,1.53,0.15,0.004785654360257143,36.1,1.38,10.18,21.4,0.9201491871401314,11.526601709758978,22.291480869070302,0.3333333333333333,0.0,34,HMSP,4.672897196261682,0,0.0,0.4459,0.2214,0.1018,0.214,0,0,0,0,0,0,0,0,0,0,0,0,0
2937,2015,0,51.7,24.62,6.57,2.03,0.6760650798008405,14.46,1.03,0.16,0.19,2.3331185867965245,22.989203222549605,13.660518163196846,0.3333333333333333,0.0,36,HMSP,526.3157894736842,0,0.0,0.517,0.2462,0.0016,0.0019,0,0,0,0,0,0,0,0,0,0,0,0,0
2936,2016,0,45.11,24.13,5.23,2.0,1.0407619035174422,10.88,1.4,0.2,0.25,1.941534546551573,18.94166480731421,13.035787915902537,0.3333333333333333,0.0,37,HMSP,400.0,0,0.0,0.4511,0.2413,0.002,0.0025,0,0,0,0,0,0,0,0,0,0,0,0,0
2935,2017,0,47.14,24.67,5.27,2.33,1.5233734728640536,11.7,1.36,0.25,0.32,1.7830040901285966,14.403349326099589,16.128301400097353,0.3333333333333333,0.4,37,HMSP,312.5,0,0.0,0.4714,0.24670000000000003,0.0025,0.0032,0,0,0,0,0,0,0,0,0,0,0,0,0
2934,2018,0,48.11,25.55,4.3,2.47,1.909288026982946,13.95,1.57,0.25,0.33,1.5101859479675106,15.43095044911206,12.204790358251014,0.3333333333333333,0.0,38,HMSP,303.03030303030306,0,0.0,0.48109999999999997,0.2555,0.0025,0.0033,0,0,0,0,0,0,0,0,0,0,0,0,0
2933,2019,0,48.57,25.51,3.28,1.91,1.5102403612411253,14.15,1.66,0.83,1.19,1.1234545501842073,15.298200689268253,6.846126960321729,0.3333333333333333,0.0,40,HMSP,84.03361344537815,0,0.0,0.4857,0.2551,0.0083,0.011899999999999999,0,0,0,0,0,0,0,0,0,0,0,0,0
2932,2020,0,46.63,21.32,2.45,1.34,0.9862641973158597,10.21,1.2,0.63,1.03,0.5373625685986294,12.247308620670418,5.788705391554617,0.5,0.2,37,HMSP,97.08737864077669,0,0.0,0.46630000000000005,0.2132,0.0063,0.0103,0,0,0,0,0,0,0,0,0,0,0,0,0
2931,2021,0,40.76,17.19,1.88,1.04,0.813360195761669,11.86,1.32,0.8,1.46,0.36474940271614464,16.08784590153936,3.845205133610214,0.3333333333333333,0.14285714285714285,38,HMSP,68.4931506849315,0,0.0,0.40759999999999996,0.17190000000000003,0.008,0.0146,0,0,0,0,0,0,0,0,0,0,0,0,0
2930,2022,0,37.61,13.86,1.69,0.88,0.13375589932759419,4.86,1.49,0.97,1.89,0.2912888104155477,14.600695239060848,3.468462971040854,0.3333333333333333,0.4,34,HMSP,52.91005291005291,0,0.0,0.3761,0.1386,0.0097,0.0189,0,0,0,0,0,0,0,0,0,0,0,0,0
2929,2023,0,36.4,15.25,1.72,0.85,0.11565873699355834,3.44,1.68,0.94,1.75,0.3522726643061766,14.933608617142015,3.4852759009393184,0.25,0.25,34,HMSP,57.14285714285714,0,0.0,0.364,0.1525,0.009399999999999999,0.0175,0,0,0,0,0,0,0,0,0,0,0,0,0
2963,2013,0,20.7,5.72,3.45,3.11,2.199932785932718,13.83,10.2,18.038904106608005,22.00910555182361,0.6666663254340376,122.32297067511037,7.856197350254431,0.5,0.0,32,HRUM,4.543574011426116,0,,0.207,0.0572,0.18038904106608006,0.2200910555182361,0,0,0,0,0,0,0,0,0,0,0,0,0
2962,2014,0,18.19,0.55,3.58,3.36,2.562820219174817,11.22,17.32,18.613495275526187,22.870493503241583,0.24400413478784144,88.24944631780225,5.013175593087112,0.3333333333333333,0.2857142857142857,34,HRUM,4.372446094607724,0,0.0,0.1819,0.0055000000000000005,0.18613495275526187,0.22870493503241585,0,0,0,0,0,0,0,0,0,0,0,0,0
2961,2015,0,18.39,-7.62,6.91,6.68,6.001685728008816,11.67,16.59,9.779049086837936,10.839000240919985,0.014977994736593263,75.4209284174031,1.927413308951431,0.3333333333333333,0.3333333333333333,36,HRUM,9.225943147641471,0,0.0,0.1839,-0.0762,0.09779049086837936,0.10839000240919985,0,0,0,0,0,0,0,0,0,0,0,0,0
2960,2016,0,31.31,8.28,5.07,4.91,4.364443634268058,12.44,18.96,14.015558271089217,16.300109635272225,0.5498107445429137,72.03917834229408,6.0423706010887965,0.0,0.16666666666666666,37,HRUM,6.134928061073126,0,0.0,0.3131,0.0828,0.14015558271089218,0.16300109635272225,0,0,0,0,0,0,0,0,0,0,0,0,0
2959,2017,0,34.36,17.12,5.45,5.25,4.611782199680998,12.81,21.72,13.839004876475238,16.06179786646491,1.1183000015261813,68.93059546070164,5.160684454658181,0.3333333333333333,0.0,37,HRUM,6.22595308640933,0,0.0,0.3436,0.17120000000000002,0.1383900487647524,0.1606179786646491,0,0,0,0,0,0,0,0,0,0,0,0,0
2958,2018,0,30.14,11.94,4.56,4.04,3.175809778890397,10.73,10.04,16.988085376616635,20.46463505111267,0.5779807109666554,35.2306887622992,3.388906448824843,0.3333333333333333,0.0,38,HRUM,4.886478539697338,0,0.0,0.3014,0.11939999999999999,0.16988085376616635,0.2046463505111267,0,0,0,0,0,0,0,0,0,0,0,0,0
2957,2019,0,25.72,7.66,9.22,8.7,7.243973823056387,8.75,7.57,10.608105977093782,11.866966343028274,0.46405764683351913,25.74527833982305,3.2173074095731167,0.4,0.0,40,HRUM,8.426753486054086,0,0.0,0.2572,0.0766,0.10608105977093782,0.11866966343028273,0,0,0,0,0,0,0,0,0,0,0,0,0
2956,2020,0,27.4,38.2,10.07,9.59,8.526541027982535,9.45,8.13,8.80397090515435,9.653897206421178,1.4607462809677538,24.75660156884582,6.308811982582406,0.3333333333333333,0.0,37,HRUM,10.358510957987637,0,0.0,0.27399999999999997,0.382,0.0880397090515435,0.09653897206421178,0,0,0,0,0,0,0,0,0,0,0,0,0
2955,2021,0,51.96,29.29,3.07,2.81,1.8535544525927476,11.67,9.72,25.51688839073026,34.25862298099073,0.5976509968170831,5.568275999827947,15.034707182228116,0.4,0.25,38,HRUM,2.9189731313919873,0,0.0,0.5196000000000001,0.2929,0.2551688839073026,0.3425862298099073,0,0,0,0,0,0,0,0,0,0,0,0,0
2954,2022,0,59.87,41.99,2.3,2.11,1.6415989055158033,12.95,11.26,22.40632146430199,28.876477938848666,1.4651798689937565,17.31620636686897,1.417916272741819,0.3333333333333333,0.0,34,HRUM,3.4630262115680686,0,0.0,0.5987,0.4199,0.2240632146430199,0.28876477938848666,0,0,0,0,0,0,0,0,0,0,0,0,0
2953,2023,0,41.32,21.14,1.68,1.38,0.6118893068514105,8.34,8.98,28.06838058429174,39.02092127535534,0.6188998122603154,6.828647321217331,0.9978900633266722,0.3333333333333333,0.1111111111111111,34,HRUM,2.5627278068177635,0,0.0,0.4132,0.2114,0.2806838058429174,0.3902092127535534,0,0,0,0,0,0,0,0,0,0,0,0,0
2987,2013,0,27.58,-8.43,0.53,0.3,0.08554053168381368,3.74,1.36,63.56,303.43,-0.0034743261211586003,2.111124801337753,1.3357022078009042,0.3333333333333333,0.125,32,IATA,0.32956530336486173,0,,0.2758,-0.0843,0.6356,3.0343,0,0,0,0,0,0,0,0,0,0,0,0,0
2986,2014,0,14.5,-15.33,2.01,1.12,0.5251874472635444,3.74,1.38,32.19,59.61,-0.08983409934318533,2.6142074287694483,0.919741536671038,0.5,0.0,34,IATA,1.677570877369569,0,0.0,0.145,-0.1533,0.32189999999999996,0.5961,0,0,0,0,0,0,0,0,0,0,0,0,0
2985,2015,0,-6.1,-64.59,1.14,0.62,0.17552114362068924,5.8,1.53,26.85,50.13,-0.2031343794410565,2.834393297775217,0.5827080053591759,0.16666666666666666,0.25,36,IATA,1.9948134849391579,0,0.0,-0.061,-0.6459,0.2685,0.5013000000000001,0,0,0,0,0,0,0,0,0,0,0,0,0
2984,2016,0,18.63,-67.55,0.45,0.21,0.004811360258347383,5.18,1.43,23.82,51.12,-0.06643005284002389,4.2944277769617125,0.7879876473210684,0.5,0.0,37,IATA,1.9561815336463224,0,0.0,0.1863,-0.6755,0.2382,0.5112,0,0,0,0,0,0,0,0,0,0,0,0,0
2983,2017,0,11.64,-42.02,0.44,0.2,0.013145296343051515,5.0,1.91,19.27,33.98,-0.12994013581443487,6.173257334804687,0.8340224091934761,0.375,0.0,37,IATA,2.942907592701589,0,0.0,0.1164,-0.4202,0.19269999999999998,0.3398,0,0,0,0,0,0,0,0,0,0,0,0,0
2982,2018,0,19.75,-35.74,0.42,0.21,0.028269082055433277,7.05,2.84,17.89,31.88,-0.0655884556151246,9.972853994717633,0.8927349205622507,0.5,0.0,38,IATA,3.136762860727729,0,0.0,0.1975,-0.3574,0.1789,0.3188,0,0,0,0,0,0,0,0,0,0,0,0,0
2981,2019,0,10.79,-33.41,0.25,0.14,0.016002239417642047,6.15,3.44,12.19,20.8,-0.178199485130315,11.671900341873567,1.0732922027865273,0.3333333333333333,0.0,40,IATA,4.8076923076923075,0,0.0,0.1079,-0.33409999999999995,0.1219,0.20800000000000002,0,0,0,0,0,0,0,0,0,0,0,0,0
2980,2020,0,2.07,-83.01,0.21,0.12,0.009954763916093356,3.33,3.23,33.3,119.82,-0.11174820754057836,2.232270662905083,2.543460297788482,0.3333333333333333,0.125,37,IATA,0.8345852111500585,0,0.0,0.0207,-0.8301000000000001,0.33299999999999996,1.1982,0,0,0,0,0,0,0,0,0,0,0,0,0
2979,2021,0,47.91,6.99,0.51,0.37,0.03816905969694331,16.48,10.08,19.22,72.24,0.2638676659871956,1.9084467729113208,1.9566028342296313,0.0,0.3333333333333333,38,IATA,1.3842746400885937,0,0.0,0.47909999999999997,0.0699,0.19219999999999998,0.7223999999999999,0,0,0,0,0,0,0,0,0,0,0,0,0
2978,2022,0,64.22,20.29,0.34,0.16,0.013556945074052444,28.95,8.85,19.45,46.54,0.6237478990830734,2.4685993610728727,2.58205995875849,0.3333333333333333,0.0,34,IATA,2.1486892995272884,0,0.0,0.6422,0.2029,0.1945,0.4654,0,0,0,0,0,0,0,0,0,0,0,0,0
2977,2023,0,53.64,15.52,0.39,0.15,0.010787418791522299,26.62,5.24,29.71,70.7,0.25803083976659735,2.847274242944255,0.7947285891456488,0.42857142857142855,0.0,34,IATA,1.4144271570014142,0,0.0,0.5364,0.1552,0.29710000000000003,0.7070000000000001,0,0,0,0,0,0,0,0,0,0,0,0,0
3011,2013,0,79.04,194.16,5.42,5.42,3.109866849655559,2.91,1797.88,0.01,0.01,0.4169175809965982,4.503731094075461,2.994111466429139,0.4,0.0,32,IBST,10000.0,0,,0.7904000000000001,1.9416,0.0001,0.0001,0,0,0,0,0,0,1,1,1,0,0,0,3
3010,2014,0,77.86,39.34,2.79,2.79,1.5021047157564638,3.19,172.47,18.21,26.19,0.2303799861820238,4.678859171251259,1.5207155518728805,0.4,0.5,34,IBST,3.818251240931653,0,0.0,0.7786,0.3934,0.1821,0.2619,0,0,0,0,0,0,0,0,0,0,0,0,0
3009,2015,0,76.02,62.18,2.23,2.22,0.24650127315185077,2.68,56.65,15.38,21.55,0.21647740513511177,4.003126075767196,0.8610279538106481,0.3333333333333333,0.0,36,IBST,4.640371229698376,0,0.0,0.7602,0.6218,0.15380000000000002,0.2155,0,0,0,0,0,0,0,0,0,0,0,0,0
3008,2016,0,75.18,63.27,2.54,2.5,1.2380166805398973,2.84,19.56,21.59,34.26,0.22167006021230848,3.077388871998882,0.7278930428578977,0.6,0.5,37,IBST,2.9188558085230594,0,0.0,0.7518,0.6327,0.2159,0.34259999999999996,0,0,0,0,0,0,0,0,0,0,0,0,0
3007,2017,0,56.16,34.41,1.42,1.39,0.4272670226393343,2.29,17.12,23.91,35.19,0.1360212831616401,4.623980916454804,2.535180261324912,0.4,0.2,37,IBST,2.841716396703609,0,0.0,0.5616,0.34409999999999996,0.2391,0.3519,0,0,0,0,0,0,0,0,0,0,0,0,0
3006,2018,0,54.68,16.27,1.2,1.06,0.292468643866648,2.36,5.06,26.45,39.13,0.1327923051886281,4.373612492502179,2.1474227789422686,0.75,0.0,38,IBST,2.555583950932788,0,0.0,0.5468,0.16269999999999998,0.2645,0.39130000000000004,0,0,0,0,0,0,0,0,0,0,0,0,0
3005,2019,0,50.44,11.84,1.47,1.31,0.6602032867313872,2.81,3.59,28.75,44.06,0.12228252698854022,3.7667687628429056,1.5190559878784051,0.3333333333333333,0.0,40,IBST,2.2696323195642303,0,0.0,0.5044,0.1184,0.2875,0.44060000000000005,0,0,0,0,0,0,0,0,0,0,0,0,0
3004,2020,0,49.51,5.99,1.16,1.06,0.30757772602189704,2.63,4.12,34.94,58.66,0.08991711827103267,3.0559607032822016,1.571381391304337,0.5,0.25,37,IBST,1.7047391749062393,0,0.0,0.4951,0.0599,0.3494,0.5866,0,0,0,0,0,0,0,0,0,0,0,0,0
3003,2021,0,50.22,6.5,2.81,2.68,1.4631415552934743,1.87,4.44,25.91,37.56,0.08549268857845613,4.070219128670564,1.1962730564951722,0.3333333333333333,0.0,38,IBST,2.662406815761448,0,0.0,0.5022,0.065,0.2591,0.37560000000000004,0,0,0,0,0,0,0,0,0,0,0,0,0
3002,2022,0,52.32,3.82,1.95,1.87,0.7028643146997068,1.62,5.76,33.3,53.32,0.1010952118205975,3.2945763493817473,1.3242456809844259,0.3333333333333333,0.0,34,IBST,1.8754688672168043,0,0.0,0.5232,0.0382,0.33299999999999996,0.5332,0,0,0,0,0,0,0,0,0,0,0,0,0
3001,2023,0,53.42,3.45,1.79,1.75,0.7195264251825553,1.46,8.97,32.64,51.52,0.11213850023254465,3.4657468512975638,1.2047371625230994,0.3333333333333333,0.0,34,IBST,1.9409937888198758,0,0.0,0.5342,0.0345,0.3264,0.5152,0,0,0,0,0,0,0,0,0,0,0,0,0
3035,2013,0,24.15,8.9,2.41,1.8,1.191967223830602,10.17,8.13,11.85,19.0,0.34495176610984185,5.013647464749017,4.483411490855649,0.5,0.14285714285714285,32,ICBP,5.2631578947368425,0,,0.2415,0.08900000000000001,0.1185,0.19,0,0,0,0,0,0,0,0,0,0,0,0,0
3034,2014,0,25.64,8.57,2.19,1.74,1.1923859393770702,10.98,7.86,13.61,23.35,0.3021376256834847,4.442095792795019,5.237515147280627,0.3333333333333333,0.16666666666666666,34,ICBP,4.282655246252676,0,0.0,0.2564,0.0857,0.1361,0.2335,0,0,0,0,0,0,0,0,0,0,0,0,0
3033,2015,0,28.99,9.21,2.33,1.9,1.2923134695379006,10.1,8.41,10.8,17.51,0.3895971903276611,4.928425176482828,4.794808805027378,0.4,0.25,36,ICBP,5.711022272986864,0,0.0,0.2899,0.09210000000000002,0.10800000000000001,0.1751,0,0,0,0,0,0,0,0,0,0,0,0,0
3032,2016,0,30.25,10.54,2.41,1.93,1.2940120885006225,9.5,8.5,7.08,11.05,0.48668918025694335,5.70598396475502,5.4052114924833345,0.3333333333333333,0.0,37,ICBP,9.049773755656108,0,0.0,0.3025,0.1054,0.0708,0.1105,0,0,0,0,0,0,0,0,0,0,0,0,0
3031,2017,0,29.83,9.95,2.43,1.95,1.310139100367509,8.88,7.84,7.45,11.6,0.4915691501794039,5.54927661319421,5.106735680831791,0.3333333333333333,0.3333333333333333,37,ICBP,8.620689655172415,0,0.0,0.2983,0.09949999999999999,0.0745,0.11599999999999999,0,0,0,0,0,0,0,0,0,0,0,0,0
3030,2018,0,30.7,12.13,1.95,1.4,0.7312192086738006,9.15,7.33,6.0,9.07,0.5146755108038995,6.132017434324646,5.366897149135845,0.3333333333333333,0.42857142857142855,38,ICBP,11.025358324145534,0,0.0,0.307,0.1213,0.06,0.0907,0,0,0,0,0,0,0,0,0,0,0,0,0
3029,2019,0,32.78,12.67,2.54,1.95,1.2749704523501535,10.07,7.25,6.07,8.81,0.6286663050403672,5.865346394858233,4.875324028581644,0.3333333333333333,0.0,40,ICBP,11.350737797956866,0,0.0,0.32780000000000004,0.1267,0.060700000000000004,0.08810000000000001,0,0,0,0,0,0,0,0,0,0,0,0,0
3028,2020,0,35.62,15.91,2.26,1.76,1.0391507823966528,9.44,7.13,30.63,63.05,0.17268004563595996,2.1411513982775205,2.219139303740548,0.5,0.3333333333333333,37,ICBP,1.5860428231562254,0,0.0,0.35619999999999996,0.1591,0.3063,0.6305,0,0,0,0,0,0,0,0,0,0,0,0,0
3027,2021,0,34.42,13.93,1.8,1.49,1.0934616622353368,9.03,7.13,35.38,76.0,0.18634603501270494,2.243603080778688,1.846696007563222,0.3333333333333333,0.0,38,ICBP,1.3157894736842106,0,0.0,0.3442,0.1393,0.3538,0.76,0,0,0,0,0,0,0,0,0,0,0,0,0
3026,2022,0,32.33,8.83,3.1,2.39,1.5843722328278986,9.22,6.75,39.9,80.05,0.21847495204645123,2.202399530831388,2.0291104657182806,0.5,0.0,34,ICBP,1.2492192379762648,0,0.0,0.3233,0.0883,0.39899999999999997,0.8005,0,0,0,0,0,0,0,0,0,0,0,0,0
3025,2023,0,35.67,12.47,3.51,2.91,2.0725315061554963,9.21,6.49,36.88,70.83,0.258868881420466,2.3298844737355022,1.9857756596902492,0.42857142857142855,0.0,34,ICBP,1.4118311449950587,0,0.0,0.3567,0.1247,0.3688,0.7082999999999999,0,0,0,0,0,0,0,0,0,0,0,0,0
3059,2013,0,22.19,4.43,1.14,1.01,0.1254431660433741,2.52,14.05,23.04,75.98,0.025325118022777683,2.4056393949680377,17.50716773395437,0.3333333333333333,0.3333333333333333,32,ICON,1.3161358252171624,0,,0.22190000000000001,0.0443,0.2304,0.7598,0,0,0,0,0,0,0,0,0,0,0,0,0
3058,2014,0,18.57,3.16,1.99,1.48,0.8053640721839007,3.45,4.63,7.67,13.87,0.0341543057945767,11.465188972637865,3.185568035671446,0.3333333333333333,0.0,34,ICON,7.209805335255949,0,0.0,0.1857,0.0316,0.0767,0.1387,0,0,0,0,0,0,0,0,0,0,0,0,0
3057,2015,0,19.31,3.54,1.47,0.73,0.1661519070730085,2.42,1.13,1.32,3.57,-0.018924637916687782,18.474300560198248,4.206663181171526,0.8,0.25,36,ICON,28.01120448179272,0,0.0,0.1931,0.0354,0.0132,0.035699999999999996,0,0,0,0,0,0,0,0,0,0,0,0,0
3056,2016,0,25.06,2.41,1.56,0.84,0.07404690102735523,2.25,0.7,13.65,40.29,0.04096286851294179,5.090076214496981,3.4315424973777544,0.5,0.0,37,ICON,2.482005460412013,0,0.0,0.2506,0.0241,0.1365,0.4029,0,0,0,0,0,0,0,0,0,0,0,0,0
3055,2017,0,39.31,10.63,1.66,0.74,0.07404782018802183,2.34,0.44,8.75,20.23,0.09632263588203582,14.497867396733684,0.873042391630463,0.4444444444444444,0.25,37,ICON,4.9431537320810675,0,0.0,0.3931,0.1063,0.0875,0.2023,0,0,0,0,0,0,0,0,0,0,0,0,0
3054,2018,0,32.68,15.55,1.91,0.98,0.034059372102084415,3.78,0.72,4.26,8.24,0.1994030365304287,33.88557133812793,0.5213680259736951,0.0,0.16666666666666666,38,ICON,12.135922330097086,0,0.0,0.3268,0.1555,0.0426,0.0824,0,0,0,0,0,0,0,0,0,0,0,0,0
3053,2019,0,33.0,17.86,2.65,1.44,0.0969968071075987,3.08,0.85,1.29,2.0,0.32649078967844886,36.63630252054703,0.30990127974479337,0.3333333333333333,0.3333333333333333,40,ICON,50.0,0,0.0,0.33,0.17859999999999998,0.0129,0.02,0,0,0,0,0,0,0,0,0,0,0,0,0
3052,2020,0,20.43,3.97,1.99,0.78,0.06838214246957869,2.13,0.78,2.0,3.03,0.06563002238952255,37.32502521674897,0.32896945791065213,0.3333333333333333,0.14285714285714285,37,ICON,33.00330033003301,0,0.0,0.2043,0.0397,0.02,0.030299999999999997,0,0,0,0,0,0,0,0,0,0,0,0,0
3051,2021,0,19.1,0.17,2.05,0.76,0.16227680538741043,2.0,0.76,1.57,2.38,0.04287075983228719,52.41127769550993,0.4548152430641976,0.0,0.14285714285714285,38,ICON,42.016806722689076,0,0.0,0.191,0.0017000000000000001,0.015700000000000002,0.023799999999999998,0,0,0,0,0,0,0,0,0,0,0,0,0
3050,2022,0,13.15,-13.33,0.94,0.67,0.03789919604791485,2.17,1.53,2.25,3.78,-0.14865259587470045,44.67598347064492,0.2957222467793023,0.5,0.0,34,ICON,26.455026455026456,0,0.0,0.1315,-0.1333,0.0225,0.0378,0,0,0,0,0,0,0,0,0,0,0,0,0
3049,2023,0,10.64,-2.85,0.87,0.57,0.030604338328482944,2.33,4.15,4.17,6.97,-0.04359782698255155,20.61561988731005,0.253153173118271,0.3333333333333333,0.0,34,ICON,14.347202295552368,0,0.0,0.10640000000000001,-0.0285,0.0417,0.0697,0,0,0,0,0,0,0,0,0,0,0,0,0
3083,2013,0,14.1,5.44,3.39,2.09,0.2136741853641107,5.28,5.8,114.81859364005177,39.42711778607176,0.5536490962759062,20.65215604610793,1.270474006385363,0.3333333333333333,0.25,32,IGAR,2.53632539265466,0,,0.141,0.054400000000000004,1.1481859364005178,0.39427117786071764,0,0,0,0,0,0,0,0,0,0,0,0,0
3082,2014,0,14.99,7.48,4.12,2.49,0.2408523904219999,5.34,5.69,126.76744573318007,36.070964154068704,0.8292298559847946,14.129344924468624,1.1884955045061458,0.2857142857142857,0.25,34,IGAR,2.7723129210761694,0,0.0,0.1499,0.0748,1.2676744573318006,0.360709641540687,0,0,0,0,0,0,0,0,0,0,0,0,0
3081,2015,0,14.95,7.59,4.96,3.16,1.0301616297438638,4.95,4.97,117.75462548378496,23.665133788489232,0.8506724080737906,29.025766296524633,0.7014456642456247,0.2857142857142857,0.16666666666666666,36,IGAR,4.225625804348514,0,0.0,0.1495,0.0759,1.1775462548378497,0.23665133788489232,0,0,0,0,0,0,0,0,0,0,0,0,0
3080,2016,0,17.79,8.74,5.8,4.0,1.6629979507451056,6.03,5.81,105.39808855101526,17.58309226853512,1.4120696897911307,112.0446082955733,1.352635838332273,0.3333333333333333,0.0,37,IGAR,5.687281763228283,0,0.0,0.1779,0.0874,1.0539808855101527,0.1758309226853512,0,0,0,0,0,0,0,0,0,0,0,0,0
3079,2017,0,16.93,9.5,6.5,4.75,2.3423793926293675,5.51,5.79,116.63006973048307,16.08244490276465,1.289243845547762,44.607821651149756,0.8317782602210093,0.4,0.0,37,IGAR,6.217960055489418,0,0.0,0.1693,0.095,1.1663006973048307,0.1608244490276465,0,0,0,0,0,0,0,0,0,0,0,0,0
3078,2018,0,13.01,5.75,5.76,3.8,1.4763413495773643,5.25,5.44,120.85123203702346,18.07434105822123,0.6562854164030355,33.06689339281489,0.773070028785952,0.5,0.0,38,IGAR,5.532705157984964,0,0.0,0.1301,0.0575,1.2085123203702346,0.1807434105822123,0,0,0,0,0,0,0,0,0,0,0,0,0
3077,2019,0,15.92,7.83,7.72,5.88,3.1085030434696015,4.94,5.26,139.4369669994998,15.024324317759971,0.9603388583935923,24.533117895138624,0.6145303471170662,0.3333333333333333,0.0,40,IGAR,6.65587336142577,0,0.0,0.1592,0.0783,1.394369669994998,0.1502432431775997,0,0,0,0,0,0,0,0,0,0,0,0,0
3076,2020,0,17.43,8.22,10.48,7.87,4.9426492146748915,4.96,5.22,148.60454355265696,12.177086999724729,1.0925784362604063,26.107982079985707,0.5769258331065352,0.3333333333333333,0.375,37,IGAR,8.212144661712655,0,0.0,0.1743,0.08220000000000001,1.4860454355265695,0.12177086999724729,0,0,0,0,0,0,0,0,0,0,0,0,0
3075,2021,0,18.42,10.72,7.25,5.57,3.0996913996455357,5.56,5.64,128.60632354123845,17.051107760132908,1.1042547293532972,27.36620824750129,0.6186398313794923,0.3333333333333333,0.0,38,IGAR,5.864721600892664,0,0.0,0.18420000000000003,0.1072,1.2860632354123844,0.17051107760132908,0,0,0,0,0,0,0,0,0,0,0,0,0
3074,2022,0,16.35,9.44,13.15,8.94,5.196731487752369,5.54,4.77,142.46772991671077,9.747946755247886,1.7335331887651486,35.41472545224363,0.5757155033929072,0.5,0.2,34,IGAR,10.25857060064102,0,0.0,0.1635,0.0944,1.4246772991671077,0.09747946755247887,0,0,0,0,0,0,0,0,0,0,0,0,0
3073,2023,0,13.45,6.6,13.61,11.34,8.236864618901269,4.99,4.26,143.23654540428728,9.253189787819773,0.8077807189316545,36.802337451785064,0.5119102411066043,0.3333333333333333,0.0,34,IGAR,10.807084075118912,0,0.0,0.13449999999999998,0.066,1.4323654540428727,0.09253189787819772,0,0,0,0,0,0,0,0,0,0,0,0,0
3107,2013,0,9.55,-20.56,1.04,0.36,0.0039041710800818853,5.16,2.25,57.3892600239948,134.6826177004148,-0.043702569463402216,2.3934888587602465,0.5393833288919858,0.3333333333333333,0.0,32,IKAI,0.7424863112063794,0,,0.0955,-0.20559999999999998,0.573892600239948,1.3468261770041479,0,0,0,0,0,0,0,0,0,0,0,0,0
3106,2014,0,10.08,-9.97,0.84,0.29,0.005340465684921981,6.93,2.33,65.41466728484845,189.13991033022737,-0.009688667547651396,2.3578776211793953,0.5207019562758088,0.2857142857142857,0.0,34,IKAI,0.5287091435403865,0,0.0,0.1008,-0.09970000000000001,0.6541466728484845,1.8913991033022737,0,0,0,0,0,0,0,0,0,0,0,0,0
3105,2015,0,4.02,-77.12,0.81,0.28,0.001258554580341582,3.67,1.3,82.30117993697361,465.00941662762216,-0.07009531367407827,1.480262290168508,1.3068792927323214,0.4,0.3333333333333333,36,IKAI,0.21504940851569818,0,0.0,0.04019999999999999,-0.7712,0.8230117993697361,4.650094166276221,0,0,0,0,1,0,0,0,0,0,0,0,1
3104,2016,0,-22.49,-173.52,0.2,0.07,0.0007098543133513913,3.93,1.73,123.33674376274455,-528.5087971855047,-0.47979935218408465,0.5435712010601869,-0.9084738080808733,0.3333333333333333,0.2,37,IKAI,-0.1892116092154666,1,0.0,-0.2249,-1.7352,1.2333674376274455,-5.285087971855047,0,0,0,0,1,0,0,0,0,0,0,0,1
3103,2017,1,-288.7,-406.1,0.03,0.02,0.0009404662522340152,2.33,3.68,152.9117038065547,-288.99410301660333,-0.18535942590998855,-0.21355480954775197,-0.4979974956769917,0.3333333333333333,0.0,37,IKAI,-0.34602782186962056,1,1.0,-2.887,-4.061,1.529117038065547,-2.8899410301660335,1,0,1,0,1,0,0,0,0,0,0,0,3
3102,2018,0,-131.63,632.14,0.47,0.45,0.3865129448861395,1.75,7.76,40.604173528323585,68.3619977031318,-0.09659402388251975,3.293523318921085,2.5894327581792447,0.4,0.0,38,IKAI,1.4628010204479263,0,0.0,-1.3163,6.3214,0.40604173528323584,0.683619977031318,1,1,0,0,0,0,0,0,0,0,0,0,2
3101,2019,0,73.24,-84.85,0.79,0.55,0.4878452240447171,9.68,1.2,32.48419830414594,48.11347490248449,-0.12798178878889777,4.105373616115124,1.0597611097643145,0.3125,0.0,40,IKAI,2.078419823192529,0,0.0,0.7323999999999999,-0.8484999999999999,0.3248419830414594,0.48113474902484493,0,0,0,0,0,0,0,0,0,0,0,0,0
3100,2020,0,47.98,-81.07,0.48,0.22,0.04707955088453775,7.45,1.29,34.5441965436427,52.7748415259696,-0.11606411977654875,3.950815774555608,0.7908455781722283,0.4,0.0,37,IKAI,1.8948422602234005,0,0.0,0.47979999999999995,-0.8107,0.34544196543642697,0.527748415259696,0,0,0,0,0,0,0,0,0,0,0,0,0
3099,2021,0,43.53,-30.89,0.87,0.73,0.019333050059414318,3.17,3.14,36.9629249568612,58.63680212250646,-0.033711682622901855,3.893263925529994,0.8489859044176534,0.5,0.0,38,IKAI,1.7054136034068812,0,0.0,0.4353,-0.3089,0.369629249568612,0.5863680212250646,0,0,0,0,0,0,0,0,0,0,0,0,0
3098,2022,0,46.52,-14.98,0.35,0.3,0.006499245760324348,2.24,5.43,38.54492924131451,62.72050258093134,0.001182787087605937,12.946109140552618,0.8903955584023007,0.4,0.6666666666666666,34,IKAI,1.5943749792337059,0,0.0,0.46520000000000006,-0.14980000000000002,0.38544929241314513,0.6272050258093134,0,0,0,0,0,0,0,0,0,0,0,0,0
3097,2023,0,48.57,3.24,0.47,0.37,0.004217247867110326,2.1,4.74,36.31958204469818,57.034145206445416,-0.0017002709056121417,5.206473385790596,0.8821449614486033,0.3333333333333333,0.1111111111111111,34,IKAI,1.7533356489876701,0,0.0,0.4857,0.032400000000000005,0.3631958204469818,0.5703414520644542,0,0,0,0,0,0,0,0,0,0,0,0,0
3131,2013,0,12.39,3.09,1.09,0.67,0.10464453243593846,4.11,4.2,56.11,188.0,0.04607073507897867,2.3488077337287625,2.03455442026118,0.3333333333333333,0.2,32,IMAS,0.5319148936170213,0,,0.12390000000000001,0.030899999999999997,0.5611,1.88,0,0,0,0,0,0,0,0,0,0,0,0,0
3130,2014,0,13.55,-0.33,1.03,0.74,0.0988586120379977,3.17,4.28,57.36,200.36,0.04424946276695081,2.2725209066535594,1.6460427415599483,0.75,0.5,34,IMAS,0.49910161708923934,0,0.0,0.1355,-0.0033,0.5736,2.0036,0,0,0,0,0,0,0,0,0,0,0,0,0
3129,2015,0,15.18,-0.12,0.93,0.72,0.10143619332892423,2.54,4.96,60.43,224.34,0.029572449915715674,2.307396421433124,0.9765261537374463,0.4,0.0,36,IMAS,0.44575198359632706,0,0.0,0.1518,-0.0012,0.6043,2.2434,0,0,0,0,0,0,0,0,0,0,0,0,0
3128,2016,0,17.72,-2.08,0.93,0.77,0.12455715339311177,2.0,5.21,64.52,246.48,0.027124369009546758,2.0601988244679803,0.5398828382630277,0.3333333333333333,0.0,37,IMAS,0.40571243102888677,0,0.0,0.1772,-0.0208,0.6452,2.4648,0,0,0,0,0,0,0,0,0,0,0,0,0
3127,2017,0,19.93,-0.39,0.8,0.64,0.08091725078640156,1.9,5.47,60.0,206.05,0.03990375030637468,2.454906325694227,0.24925083556929584,0.3333333333333333,0.0,37,IMAS,0.48531909730647893,0,0.0,0.1993,-0.0039000000000000003,0.6,2.0605,0,0,0,0,0,0,0,0,0,0,0,0,0
3126,2018,0,19.16,-0.16,0.75,0.57,0.0736518824971372,1.96,4.56,62.2,250.27,0.03214165929719266,2.095886404832839,0.585574128951133,0.3333333333333333,0.0,38,IMAS,0.3995684660566588,0,0.0,0.1916,-0.0016,0.622,2.5027,0,0,0,0,0,0,0,0,0,0,0,0,0
3125,2019,0,19.9,0.65,0.77,0.65,0.11163308411525524,1.82,4.59,67.41,320.25,0.026251169598232975,1.672827140764693,0.33948243816276685,0.3333333333333333,0.0,40,IMAS,0.312256049960968,0,0.0,0.19899999999999998,0.006500000000000001,0.6740999999999999,3.2025,0,0,0,0,0,0,0,0,0,0,0,0,0
3124,2020,0,22.04,-4.44,0.76,0.63,0.16274037183295012,1.45,4.15,63.23,240.69,0.02029597842531293,2.083826217586673,0.4758722046697359,0.3333333333333333,0.5,37,IMAS,0.41547218413727205,0,0.0,0.22039999999999998,-0.0444,0.6323,2.4069,0,0,0,0,0,0,0,0,0,0,0,0,0
3123,2021,0,19.26,-1.33,0.72,0.57,0.1376802000943295,1.83,4.58,62.0,246.25,0.03912119086398544,2.1027644789474347,0.27206489343360774,0.3333333333333333,0.0,38,IMAS,0.40609137055837563,0,0.0,0.19260000000000002,-0.013300000000000001,0.62,2.4625,0,0,0,0,0,0,0,0,0,0,0,0,0
3122,2022,0,20.35,2.2,0.75,0.59,0.1505330675665918,2.21,4.77,62.41,253.05,0.053510804375070734,2.087145212503014,0.24528511485303997,0.3333333333333333,0.5,34,IMAS,0.3951788184153329,0,0.0,0.20350000000000001,0.022000000000000002,0.6241,2.5305,0,0,0,0,0,0,0,0,0,0,0,0,0
3121,2023,0,20.37,2.69,0.87,0.65,0.12306479686754061,2.16,4.15,63.04,256.36,0.05167549958545598,1.8320821998894554,0.36015438445443587,0.3333333333333333,0.25,34,IMAS,0.39007645498517707,0,0.0,0.20370000000000002,0.0269,0.6304,2.5636,0,0,0,0,0,0,0,0,0,0,0,0,0
3155,2013,0,45.13,9.2,1.23,0.24,0.07381541435820911,0.55,39.08,77.94,401.04,0.03950821308432399,0.8259599045434731,1.5817797202813522,0.3333333333333333,0.0,32,IMJS,0.24935168561739474,0,,0.45130000000000003,0.092,0.7794,4.010400000000001,0,0,0,0,0,0,0,0,0,0,0,0,0
3154,2014,0,41.82,7.06,1.04,0.27,0.04179857371056993,0.49,42.71,77.73,418.25,0.03760603784715737,0.6889786846630032,1.6746618256383046,0.3333333333333333,0.0,34,IMJS,0.2390914524805738,0,0.0,0.4182,0.0706,0.7773,4.1825,0,0,0,0,0,0,0,0,0,0,0,0,0
3153,2015,0,42.57,3.83,0.97,0.32,0.07369322440033338,0.51,31.39,79.32,468.86,0.026742461161959424,0.6442463589174141,1.1250375782531565,0.3333333333333333,0.0,36,IMJS,0.21328328285628972,0,0.0,0.4257,0.0383,0.7931999999999999,4.6886,0,0,0,0,0,0,0,0,0,0,0,0,0
3152,2016,0,39.42,5.66,0.99,0.5,0.11662750088406151,0.58,26.86,79.39,483.99,0.025067271100855416,0.6907299068459384,0.6682329469887219,0.6666666666666666,0.14285714285714285,37,IMJS,0.2066158391702308,0,0.0,0.3942,0.056600000000000004,0.7939,4.8399,0,0,0,0,0,0,0,0,0,0,0,0,0
3151,2017,0,42.28,7.11,0.82,0.96,0.05510801824729568,0.6,33.27,77.22,432.01,0.029112125034072338,0.6513447650908395,0.5324839176252895,0.3333333333333333,0.3333333333333333,37,IMJS,0.23147612323788802,0,0.0,0.4228,0.0711,0.7722,4.3201,0,0,0,0,0,0,0,0,0,0,0,0,0
3150,2018,0,43.26,4.81,0.68,0.64,0.07425088382295644,0.62,49.11,78.38,564.59,0.025587180356492146,0.5678820594881704,1.1743816269753375,0.3333333333333333,0.3333333333333333,38,IMJS,0.17711967976761897,0,0.0,0.4326,0.0481,0.7837999999999999,5.6459,0,0,0,0,0,0,0,0,0,0,0,0,0
3149,2019,0,42.08,1.1,0.84,1.48,0.06737112907874368,0.62,46.53,81.94,606.6,0.025327281106774426,0.7281413376902576,0.5133317882678247,0.3333333333333333,0.3333333333333333,40,IMJS,0.16485328058028356,0,0.0,0.4208,0.011000000000000001,0.8194,6.066,0,0,0,0,0,0,0,0,0,0,0,0,0
3148,2020,0,38.24,-2.7,0.86,1.96,0.1522693493772538,0.62,37.42,78.58,515.36,0.02248758317928295,0.6997800069053949,0.9844370441518553,0.4,0.0,37,IMJS,0.1940391182862465,0,0.0,0.3824,-0.027000000000000003,0.7857999999999999,5.1536,0,0,0,0,0,0,0,0,0,0,0,0,0
3147,2021,0,34.73,-1.99,0.83,1.02,0.15245447471704912,0.6,39.73,78.86,511.58,0.028512619113427264,0.6835412968602133,0.9539907509787131,0.3333333333333333,0.3333333333333333,38,IMJS,0.19547284882129873,0,0.0,0.34729999999999994,-0.0199,0.7886,5.1158,0,0,0,0,0,0,0,0,0,0,0,0,0
3146,2022,0,41.24,1.89,0.71,1.95,0.1579378783536648,0.69,50.71,78.57,478.39,0.03593284367384902,0.6150987540066074,0.6183014313965041,0.3333333333333333,0.0,34,IMJS,0.2090344697840674,0,0.0,0.41240000000000004,0.0189,0.7857,4.7839,0,0,0,0,0,0,0,0,0,0,0,0,0
3145,2023,0,40.94,5.23,0.92,1.06,0.15625661262772236,0.7,27.56,80.4,487.21,0.037087067620212306,0.7516457280556227,0.5114646800838029,0.3333333333333333,0.0,34,IMJS,0.20525030274419656,0,0.0,0.4094,0.052300000000000006,0.804,4.8721,0,0,0,0,0,0,0,0,0,0,0,0,0
3179,2013,0,31.2,3.67,2.1,1.64,0.526958408260548,5.63,4.35,16.45,30.07,0.1537230624961914,4.854675886186371,1.573226965237085,0.3333333333333333,0.3333333333333333,32,INAF,3.325573661456601,0,,0.312,0.036699999999999997,0.16449999999999998,0.3007,0,0,0,0,0,0,0,0,0,0,0,0,0
3178,2014,0,25.1,-4.05,1.27,0.91,0.1809979539602027,5.01,4.87,24.62,53.94,-0.028505400297332364,19.004009259641485,0.8026290633450192,0.5,0.0,34,INAF,1.8539117538005192,0,0.0,0.251,-0.0405,0.2462,0.5394,0,0,0,0,0,0,0,0,0,0,0,0,0
3177,2015,0,22.62,0.1,1.3,0.94,0.2260445866379681,5.59,4.69,19.16,40.75,0.0705548618866631,10.556746402312243,1.8721051068571517,0.3333333333333333,0.0,36,INAF,2.4539877300613497,0,0.0,0.2262,0.001,0.1916,0.4075,0,0,0,0,0,0,0,0,0,0,0,0,0
3176,2016,0,19.85,0.4,1.26,0.91,0.3702151204927076,7.76,5.03,19.62,50.76,0.054503108156749025,7.287451236679209,0.8784699356784976,0.25,0.25,37,INAF,1.9700551615445234,0,0.0,0.1985,0.004,0.1962,0.5075999999999999,0,0,0,0,0,0,0,0,0,0,0,0,0
3175,2017,0,19.93,-1.04,1.21,0.8,0.0797723587767997,7.63,4.53,30.51,73.2,0.041239865155712326,6.703584972593219,25.210889183520138,0.5,0.0,37,INAF,1.366120218579235,0,0.0,0.1993,-0.0104,0.30510000000000004,0.732,0,0,0,0,0,0,0,0,0,0,0,0,0
3174,2018,0,16.97,-2.84,1.04,0.76,0.2043992697697252,7.84,4.95,32.33,93.95,-0.0034016418136990144,5.777906079147041,34.74682360179338,0.3333333333333333,0.125,38,INAF,1.06439595529537,0,0.0,0.1697,-0.028399999999999998,0.3233,0.9395,0,0,0,0,0,0,0,0,0,0,0,0,0
3173,2019,0,16.33,-2.06,1.05,0.79,0.15633338605532163,7.1,5.67,38.71,112.42,0.027143681438023176,5.192318574311415,40.562501000567586,0.0,0.0,40,INAF,0.8895214374666429,0,0.0,0.16329999999999997,-0.0206,0.3871,1.1242,0,0,0,0,0,0,0,0,0,0,0,0,0
3172,2020,0,18.57,0.59,1.88,1.54,0.3434180331101276,5.25,6.09,34.92,95.72,0.02587704697678075,2.1523655917910243,5.340015999289349,0.3333333333333333,0.0,37,INAF,1.0447137484329294,0,0.0,0.1857,0.0059,0.3492,0.9571999999999999,0,0,0,0,0,0,0,0,0,0,0,0,0
3171,2021,0,23.38,0.0,1.36,1.18,0.18903858989270442,4.14,8.98,26.7,106.31,0.04147687219995658,1.964303541510462,29.024586462830644,0.5,0.3333333333333333,38,INAF,0.9406452826639075,0,0.0,0.23379999999999998,0.0,0.267,1.0631,0,0,0,0,0,0,0,0,0,0,0,0,0
3170,2022,0,15.59,-1.29,1.35,1.03,0.364349793055053,6.02,10.24,30.06,118.99,0.03447808278275609,2.108924357600189,13.611069778925664,0.3333333333333333,0.0,34,INAF,0.8404067568703253,0,0.0,0.1559,-0.0129,0.3006,1.1899,0,0,0,0,0,0,0,0,0,0,0,0,0
3169,2023,0,-9.58,-37.45,0.88,0.63,0.27379092233356006,3.99,4.36,40.89,726.37,-0.3331494416968606,1.186737440442472,41.2764221920832,0.2857142857142857,0.0,34,INAF,0.13767088398474606,0,0.0,-0.0958,-0.37450000000000006,0.4089,7.2637,0,0,0,0,0,0,0,0,0,0,0,0,0
3203,2013,0,15.13,0.78,1.24,0.6,0.14414999821231456,4.64,2.15,24.16,168.46,0.05640540825391569,1.5135876946791096,0.8705249164729282,0.3333333333333333,0.0,32,INAI,0.5936127270568681,0,,0.15130000000000002,0.0078000000000000005,0.2416,1.6846,0,0,0,0,0,0,0,0,0,0,0,0,0
3202,2014,0,11.88,2.4,1.08,0.53,0.07058568933584392,4.82,2.71,31.35,230.13,0.04010276100088187,1.6894222875778235,0.9107771364037396,0.5,0.0,34,INAI,0.4345370008256203,0,0.0,0.1188,0.024,0.3135,2.3013,0,0,0,0,0,0,0,0,0,0,0,0,0
3201,2015,0,12.12,2.07,1.01,0.72,0.1325758268835025,3.85,4.0,30.13,167.12,0.06628164840457167,2.733960730349747,0.5349992372512239,0.4,0.2,36,INAI,0.5983724269985639,0,0.0,0.12119999999999999,0.0207,0.3013,1.6712,0,0,0,0,0,0,0,0,0,0,0,0,0
3200,2016,0,13.48,2.77,1.0,0.72,0.05033083927196102,2.38,4.02,33.04,171.45,0.07535750536453407,3.3543011591572545,0.7919490369437319,0.4,0.0,37,INAI,0.5832604257801108,0,0.0,0.1348,0.0277,0.33039999999999997,1.7145,0,0,0,0,0,0,0,0,0,0,0,0,0
3199,2017,0,18.85,3.94,0.99,0.75,0.06891589169508527,1.79,3.29,42.75,187.09,0.08916908020645922,5.005231362475444,0.8633625358667469,0.3333333333333333,0.0,37,INAI,0.5345021112833396,0,0.0,0.1885,0.0394,0.4275,1.8709,0,0,0,0,0,0,0,0,0,0,0,0,0
3198,2018,0,16.21,3.58,1.02,0.8,0.12029335788155274,1.97,4.33,46.94,216.36,0.0827430121497397,5.507180066550217,0.8548527029100688,0.6666666666666666,0.16666666666666666,38,INAI,0.462192641893141,0,0.0,0.16210000000000002,0.0358,0.4694,2.1636,0,0,0,0,0,0,0,0,0,0,0,0,0
3197,2019,0,11.69,2.76,1.08,0.8,0.09162379178054755,2.2,4.77,45.82,174.08,0.049562519371808,5.306460096940058,0.8731963298007839,0.5,0.3333333333333333,40,INAI,0.5744485294117647,0,0.0,0.11689999999999999,0.0276,0.4582,1.7408000000000001,0,0,0,0,0,0,0,0,0,0,0,0,0
3196,2020,0,10.9,0.39,1.11,0.76,0.11951674966395875,2.04,3.2,51.4,223.26,0.018156019055107202,4.608848378882458,0.6584309641871363,0.3333333333333333,0.3333333333333333,37,INAI,0.4479082683866345,0,0.0,0.109,0.0039000000000000003,0.514,2.2325999999999997,0,0,0,0,0,0,0,0,0,0,0,0,0
3195,2021,0,11.53,0.3,1.06,0.62,0.05681394545334382,2.71,3.04,44.65,178.85,0.0735302368881622,6.483222666010145,0.47850590727807324,0.5,0.3333333333333333,38,INAI,0.5591277606933184,0,0.0,0.1153,0.003,0.4465,1.7885,0,0,0,0,0,0,0,0,0,0,0,0,0
3194,2022,0,4.47,-7.92,1.0,0.54,0.08536296778023851,2.87,2.66,53.7,280.69,-0.020405105313756597,5.666644796530395,0.5622861344070604,0.4,0.5,34,INAI,0.3562649185934661,0,0.0,0.0447,-0.07919999999999999,0.537,2.8069,0,0,0,0,0,0,0,0,0,0,0,0,0
3193,2023,0,9.26,-4.58,0.96,0.51,0.03302946705533895,2.63,2.17,54.02,291.24,0.026432056258772266,4.999521651897641,0.4718621858020671,0.3333333333333333,0.0,34,INAI,0.34335942864991076,0,0.0,0.0926,-0.0458,0.5402,2.9124,0,0,0,0,0,0,0,0,0,0,0,0,0
3227,2013,0,22.97,12.56,13.87,12.92,9.916721087968867,3.77,7.1,0.63,0.68,-0.3713649176968484,32.97828279343945,0.3445788912466526,0.5,0.0,32,INCI,147.05882352941177,0,,0.2297,0.12560000000000002,0.0063,0.0068000000000000005,0,0,0,0,0,0,0,0,0,0,0,0,0
3226,2014,0,21.55,10.02,12.86,9.55,6.405915594562147,6.68,6.12,0.34,0.37,0.6392137687916466,34.352160399812895,0.3142247044511474,0.6666666666666666,0.0,34,INCI,270.27027027027026,0,0.0,0.2155,0.1002,0.0034000000000000002,0.0037,0,0,0,0,0,0,0,0,0,0,0,0,0
3225,2015,0,24.43,12.41,9.68,8.27,5.5547308754217655,6.25,5.43,0.33,0.36,1.2042396815028014,35.930527600694965,0.3584250269499495,0.4,0.0,36,INCI,277.77777777777777,0,0.0,0.2443,0.1241,0.0033,0.0036,0,0,0,0,0,0,0,0,0,0,0,0,0
3224,2016,0,24.02,5.67,5.82,4.51,2.0432521770195486,4.8,6.32,0.55,0.62,0.4792888191857783,40.77579412236536,0.2281336206632199,0.3333333333333333,0.0,37,INCI,161.29032258064515,0,0.0,0.2402,0.0567,0.0055000000000000005,0.0062,0,0,0,0,0,0,0,0,0,0,0,0,0
3223,2017,0,22.34,6.14,5.1,4.25,1.6880540262913863,4.66,8.2,0.49,0.56,0.6194292102012169,40.00275904662522,0.2752163163213543,0.4,0.1111111111111111,37,INCI,178.57142857142856,0,0.0,0.2234,0.061399999999999996,0.0049,0.005600000000000001,0,0,0,0,0,0,0,0,0,0,0,0,0
3222,2018,0,18.21,4.53,3.04,2.11,0.7852120488832565,4.94,7.29,0.28,0.34,0.2746664387170341,39.36727461207066,0.35245775403258883,0.3333333333333333,0.0,38,INCI,294.11764705882354,0,0.0,0.1821,0.0453,0.0028000000000000004,0.0034000000000000002,0,0,0,0,0,0,0,0,0,0,0,0,0
3221,2019,0,16.81,3.62,3.62,3.03,1.043681837784218,4.11,6.94,0.1,0.12,0.26717086771388504,37.89209465038549,0.24102741796167598,0.2,0.0,40,INCI,833.3333333333334,0,0.0,0.1681,0.0362,0.001,0.0012,0,0,0,0,0,0,0,0,0,0,0,0,0
3220,2020,0,23.12,7.63,3.72,3.31,1.6127796829960508,3.8,10.21,0.75,0.91,0.48368282031872417,30.423774688185507,0.48116497218108967,0.3333333333333333,0.0,37,INCI,109.89010989010988,0,0.0,0.23120000000000002,0.07629999999999999,0.0075,0.0091,0,0,0,0,0,0,0,0,0,0,0,0,0
3219,2021,0,13.12,2.12,2.51,1.9,0.6534537024960956,4.24,9.12,0.57,0.77,0.09654277746644711,33.73413754180856,0.2893560569714204,0.3333333333333333,0.0,38,INCI,129.87012987012986,0,0.0,0.13119999999999998,0.0212,0.005699999999999999,0.0077,0,0,0,0,0,0,0,0,0,0,0,0,0
3218,2022,0,17.17,5.12,3.79,2.8,1.2481205795112786,3.79,5.49,0.52,0.62,0.3259843592654215,59.9436230283156,0.3198366613632238,0.3333333333333333,0.25,34,INCI,161.29032258064515,0,0.0,0.17170000000000002,0.0512,0.0052,0.0062,0,0,0,0,0,0,0,0,0,0,0,0,0
3217,2023,0,19.83,4.63,5.64,4.69,2.6613372241808175,3.71,5.19,0.49,0.56,0.3920839160219333,54.345890123941224,0.25683641367959015,0.3333333333333333,0.3333333333333333,34,INCI,178.57142857142856,0,0.0,0.19829999999999998,0.0463,0.0049,0.005600000000000001,0,0,0,0,0,0,0,0,0,0,0,0,0
3251,2013,0,15.18,4.19,3.3,2.41,1.2304558910597987,10.32,5.15,9.61,12.78,0.14033623162082678,5.30770970441233,1.2631661386364714,0.3333333333333333,0.16666666666666666,32,INCO,7.82472613458529,0,,0.1518,0.04190000000000001,0.09609999999999999,0.1278,0,0,0,0,0,0,0,0,0,0,0,0,0
3250,2014,0,29.54,16.6,2.98,2.31,1.4710542732376795,13.09,5.04,7.82,10.23,0.43584618605464,6.24414372868611,1.6296324214156688,0.5,0.0,34,INCO,9.775171065493646,0,0.0,0.2954,0.166,0.0782,0.1023,0,0,0,0,0,0,0,0,0,0,0,0,0
3249,2015,0,14.99,6.39,4.04,3.34,1.9437841332264865,9.24,5.52,6.38,7.97,0.19904734400937754,6.979547121827163,0.6426111038520315,0.0,0.16666666666666666,36,INCO,12.547051442910917,0,0.0,0.1499,0.0639,0.0638,0.0797,0,0,0,0,0,0,0,0,0,0,0,0,0
3248,2016,0,5.84,0.33,4.54,3.56,1.429081211313064,5.2,4.7,4.92,5.97,0.029040150276155842,8.085707995705137,1.1338852742511365,0.3333333333333333,0.3333333333333333,37,INCO,16.750418760469014,0,0.0,0.0584,0.0033,0.0492,0.059699999999999996,0,0,0,0,0,0,0,0,0,0,0,0,0
3247,2017,0,1.04,-2.43,4.62,3.71,1.7389404485692188,4.03,5.03,3.34,4.01,-0.049513733167496916,8.712711749444662,1.1635475051002673,0.5,0.0,37,INCO,24.93765586034913,0,0.0,0.0104,-0.024300000000000002,0.0334,0.0401,0,0,0,0,0,0,0,0,0,0,0,0,0
3246,2018,0,13.39,7.79,3.6,2.85,1.7319436523326108,5.36,5.39,1.66,1.94,0.2659209611666047,14.137545768385815,1.1962395908776682,0.3333333333333333,0.125,38,INCO,51.54639175257732,0,0.0,0.13390000000000002,0.0779,0.0166,0.0194,0,0,0,0,0,0,0,0,0,0,0,0,0
3245,2019,0,15.0,7.34,4.31,3.22,1.8439056183724882,6.75,4.73,0.05,0.06,0.3328250705641383,14.442624426244262,1.3420161442017733,0.3333333333333333,0.25,40,INCO,1666.6666666666667,0,0.0,0.15,0.07339999999999999,0.0005,0.0006,0,0,0,0,0,0,0,1,1,0,0,0,2
3244,2020,0,16.22,10.83,4.33,3.43,2.4341609109576257,9.14,4.37,0.11,0.12,0.38095573841667396,16.127193770589997,1.7864656732008943,0.375,0.14285714285714285,37,INCO,833.3333333333334,0,0.0,0.16219999999999998,0.10830000000000001,0.0011,0.0012,0,0,0,0,0,0,0,0,0,0,0,0,0
3243,2021,0,24.66,17.39,4.97,4.0,3.033289793979695,0.0,4.69,0.24,0.28,0.7026225413493057,15.369108358844048,1.5146724966134526,0.4,0.0,38,INCO,357.1428571428571,0,0.0,0.2466,0.1739,0.0024,0.0028000000000000004,0,0,0,0,0,0,0,0,0,0,0,0,0
3242,2022,0,26.57,16.99,5.65,4.76,3.622289889681728,9.48,5.45,0.24,0.27,0.8677258285085823,19.35413142941768,1.9247985060805723,0.5,0.0,34,INCO,370.3703703703703,0,0.0,0.2657,0.1699,0.0024,0.0027,0,0,0,0,0,0,0,0,0,0,0,0,0
3241,2023,0,28.12,22.26,4.77,4.05,3.2243098460274906,9.68,5.68,0.37,0.42,0.8435525848367639,18.718844785297268,1.0847133754699554,0.375,0.2,34,INCO,238.0952380952381,0,0.0,0.2812,0.22260000000000002,0.0037,0.0042,0,0,0,0,0,0,0,0,0,0,0,0,0
3275,2013,0,24.22,5.08,1.68,1.26,0.9119739201920117,12.49,5.29,35.25,72.2,0.13878245684882498,2.8713502151360375,1.529377917983004,0.375,0.0,32,INDF,1.3850415512465375,0,,0.2422,0.0508,0.3525,0.722,0,0,0,0,0,0,0,0,0,0,0,0,0
3274,2014,0,26.72,7.05,1.81,1.44,0.654180102375078,13.21,5.61,31.29,66.88,0.16025866223371615,2.740140798881172,1.4716091646319065,0.5,0.125,34,INDF,1.4952153110047848,0,0.0,0.2672,0.0705,0.3129,0.6688,0,0,0,0,0,0,0,0,0,0,0,0,0
3273,2015,0,26.73,5.04,1.71,1.4,0.5642402293685665,13.52,5.84,30.06,64.02,0.14806593965136433,2.827000734459363,1.0537344280741205,0.0,0.0,36,INDF,1.5620118712902218,0,0.0,0.2673,0.0504,0.3006,0.6402,0,0,0,0,0,0,0,0,0,0,0,0,0
3272,2016,0,28.91,7.27,1.53,1.06,0.7230373661752181,12.93,5.66,27.11,50.57,0.2239950650045829,3.315770320613848,1.5695154444555792,0.5,0.4,37,INDF,1.9774569903104606,0,0.0,0.2891,0.0727,0.2711,0.5057,0,0,0,0,0,0,0,0,0,0,0,0,0
3271,2017,0,27.98,7.26,1.52,1.05,0.669669826774607,11.64,5.19,27.51,51.63,0.21364752010085886,3.3958256486609493,1.4213762321834773,0.3333333333333333,0.14285714285714285,37,INDF,1.936858415649816,0,0.0,0.2798,0.0726,0.2751,0.5163,0,0,0,0,0,0,0,0,0,0,0,0,0
3270,2018,0,27.36,6.76,1.07,0.68,0.41431056083587986,10.93,4.74,30.6,59.19,0.18150109877532433,4.237798742081252,1.3104641608636771,0.5,0.0,38,INDF,1.6894745734076704,0,0.0,0.2736,0.0676,0.306,0.5919,0,0,0,0,0,0,0,0,0,0,0,0,0
3269,2019,0,29.48,7.71,1.27,0.85,0.559026497575917,12.22,4.79,23.88,42.38,0.23816316054899517,4.131424896423632,1.2837949433704963,0.5,0.25,40,INDF,2.3596035865974514,0,0.0,0.2948,0.0771,0.23879999999999998,0.4238,0,0,0,0,0,0,0,0,0,0,0,0,0
3268,2020,0,32.57,10.71,1.37,0.95,0.6197566653411198,12.18,4.94,32.83,67.18,0.15311286294280932,2.4382654061237092,0.7550902563526354,0.5,0.09090909090909091,37,INDF,1.4885382554331645,0,0.0,0.3257,0.10710000000000001,0.3283,0.6718000000000001,0,0,0,0,0,0,0,0,0,0,0,0,0
3267,2021,0,32.6,11.3,1.34,1.01,0.7581480758403426,12.48,5.26,34.6,71.3,0.1885773157166224,2.6766244823558694,0.6384461021708551,0.3333333333333333,0.0,38,INDF,1.402524544179523,0,0.0,0.326,0.113,0.34600000000000003,0.713,0,0,0,0,0,0,0,0,0,0,0,0,0
3266,2022,0,30.6,8.29,1.79,1.22,0.8761993367038186,12.69,4.99,36.71,70.75,0.21804692859929395,2.6693264356240745,0.630703398158261,0.4,0.25,34,INDF,1.4134275618374559,0,0.0,0.306,0.08289999999999999,0.3671,0.7075,0,0,0,0,0,0,0,0,0,0,0,0,0
3265,2023,0,32.21,10.29,1.92,1.43,1.1146866135366948,12.64,4.55,34.67,64.38,0.23375312718197933,2.8881339247619584,0.5637168403935261,0.3333333333333333,0.5714285714285714,34,INDF,1.553277415346381,0,0.0,0.3221,0.10289999999999999,0.3467,0.6437999999999999,0,0,0,0,0,0,0,0,0,0,0,0,0
3299,2013,0,8.44,0.1,1.12,0.7,0.2204939469158128,8.01,6.0,17.18,42.52,0.046283997283474196,2.953200606921045,0.18063528692171105,0.4,0.25,32,INDR,2.3518344308560675,0,,0.08439999999999999,0.001,0.1718,0.4252,0,0,0,0,0,0,0,0,0,0,0,0,0
3298,2014,0,9.6,-0.03,1.1,0.62,0.19843159060508636,8.81,5.48,22.01,55.06,0.04897087844293357,2.6716454277537016,0.12985829400128204,0.3333333333333333,0.25,34,INDR,1.8162005085361426,0,0.0,0.096,-0.0003,0.22010000000000002,0.5506,0,0,0,0,0,0,0,0,0,0,0,0,0
3297,2015,0,9.09,1.48,1.14,0.62,0.12139887695275879,8.86,4.59,35.53,96.33,0.022394992698697946,2.184447131216579,0.12157778678644436,0.3333333333333333,0.0,36,INDR,1.038098204090107,0,0.0,0.0909,0.0148,0.3553,0.9632999999999999,0,0,0,0,0,0,0,0,0,0,0,0,0
3296,2016,0,9.4,0.21,1.09,0.61,0.09694968412531153,7.94,4.75,36.3,108.22,0.03834791187401169,1.9660064404481146,0.13906477126158823,0.3333333333333333,0.0,37,INDR,0.9240436148586213,0,0.0,0.094,0.0021,0.363,1.0822,0,0,0,0,0,0,0,0,0,0,0,0,0
3295,2017,0,11.43,0.23,1.05,0.58,0.08129244912487432,7.38,5.44,32.23,90.71,0.07858230788587107,2.143271802746723,0.21208772188995106,0.42857142857142855,0.25,37,INDR,1.1024142872891634,0,0.0,0.1143,0.0023,0.3223,0.9070999999999999,0,0,0,0,0,0,0,0,0,0,0,0,0
3294,2018,0,8.45,7.43,1.04,0.52,0.11827659638841388,7.63,5.39,23.59,54.68,0.1031694077592253,3.288013164538672,0.7622516777860834,0.4,0.0,38,INDR,1.82882223847842,0,0.0,0.08449999999999999,0.07429999999999999,0.2359,0.5468,0,0,0,0,0,0,0,0,0,0,0,0,0
3293,2019,0,5.78,4.96,1.04,0.47,0.07419721094938701,8.36,4.71,19.6,39.76,0.059686661947786934,3.999475415449201,0.3075405958138419,0.3333333333333333,0.0,40,INDR,2.5150905432595576,0,0.0,0.057800000000000004,0.0496,0.196,0.39759999999999995,0,0,0,0,0,0,0,0,0,0,0,0,0
3292,2020,0,5.4,1.06,1.09,0.55,0.1454369644665732,7.55,3.89,23.92,48.53,0.027717731828685716,3.934261979283427,0.37757662076430226,0.3333333333333333,0.0,37,INDR,2.06058108386565,0,0.0,0.054000000000000006,0.0106,0.23920000000000002,0.4853,0,0,0,0,0,0,0,0,0,0,0,0,0
3291,2021,0,14.68,9.57,1.24,0.69,0.16063848254093774,9.11,4.77,16.65,32.5,0.24189121988758563,4.874035548249572,0.4133664988389816,0.375,0.25,38,INDR,3.0769230769230766,0,0.0,0.14679999999999999,0.09570000000000001,0.16649999999999998,0.325,0,0,0,0,0,0,0,0,0,0,0,0,0
3290,2022,0,8.63,4.54,1.39,0.61,0.11275821792501887,9.93,4.5,15.14,28.31,0.13574518632285054,4.251692423398643,0.5106358493162394,0.4,0.0,34,INDR,3.5323207347227132,0,0.0,0.0863,0.0454,0.1514,0.28309999999999996,0,0,0,0,0,0,0,0,0,0,0,0,0
3289,2023,0,-2.69,-5.19,1.01,0.39,0.040641551217636976,9.99,4.09,14.35,28.37,-0.10640382648440959,5.300682020152461,0.3122563964997578,0.6666666666666666,0.25,34,INDR,3.5248501938667607,0,0.0,-0.0269,-0.0519,0.1435,0.2837,0,0,0,0,0,0,0,0,0,0,0,0,0
3323,2013,0,19.11,8.67,3.86,2.49,1.1513352054609944,6.2,3.02,12.26,15.37,0.490803350874584,11.829949814104356,0.8011880593553558,0.3333333333333333,0.3333333333333333,32,INDS,6.506180871828237,0,,0.1911,0.0867,0.1226,0.1537,0,0,0,0,0,0,0,0,0,0,0,0,0
3322,2014,0,17.07,6.84,2.91,1.48,0.25653251034320596,5.75,3.59,11.99,14.97,0.39080290563242154,16.335144560372605,0.574297917023442,0.4,0.25,34,INDS,6.680026720106881,0,0.0,0.1707,0.0684,0.1199,0.1497,0,0,0,0,0,0,0,0,0,0,0,0,0
3321,2015,0,11.08,0.12,2.23,1.02,0.19395017308888268,5.1,2.9,12.76,16.98,0.07121754874081784,11.106450881470703,0.1196887652182554,0.3333333333333333,0.25,36,INDS,5.889281507656066,0,0.0,0.1108,0.0012,0.1276,0.1698,0,0,0,0,0,0,0,0,0,0,0,0,0
3320,2016,0,15.51,3.03,3.03,1.72,0.6565223873204536,5.3,2.87,11.07,13.25,0.2463745284991823,25.18526145497304,0.25703377485088613,0.4,0.25,37,INDS,7.547169811320754,0,0.0,0.1551,0.030299999999999997,0.1107,0.1325,0,0,0,0,0,0,0,0,0,0,0,0,0
3319,2017,0,19.39,5.77,5.13,3.37,1.3861016871742873,5.99,4.06,3.24,3.67,0.5679492063352363,25.918428675732574,0.38552188599992265,0.375,0.0,37,INDS,27.247956403269757,0,0.0,0.19390000000000002,0.057699999999999994,0.032400000000000005,0.036699999999999997,0,0,0,0,0,0,0,0,0,0,0,0,0
3318,2018,0,15.12,4.61,5.21,3.56,1.138163982779962,6.05,5.68,2.51,2.84,0.46121915481107434,32.17877364649259,0.6639564390586089,0.3333333333333333,0.3333333333333333,38,INDS,35.21126760563381,0,0.0,0.1512,0.0461,0.025099999999999997,0.028399999999999998,0,0,0,0,0,0,0,0,0,0,0,0,0
3317,2019,0,14.78,4.85,5.83,3.33,0.8008268462083352,5.44,4.63,2.01,2.21,0.4053119700267632,27.37498440935115,0.5867829903337265,0.3333333333333333,0.0,40,INDS,45.248868778280546,0,0.0,0.1478,0.048499999999999995,0.020099999999999996,0.022099999999999998,0,0,0,0,0,0,0,0,0,0,0,0,0
3316,2020,0,16.07,3.61,6.17,4.1,1.9415604893113059,5.15,3.65,1.03,1.13,0.2941295734008476,26.626586550317178,0.511947100674571,0.3333333333333333,0.0,37,INDS,88.49557522123894,0,0.0,0.1607,0.0361,0.0103,0.0113,0,0,0,0,0,0,0,0,0,0,0,0,0
3315,2021,0,17.89,6.01,2.88,1.46,0.13724150464500898,6.9,4.43,8.91,11.01,0.3912695452946875,23.587474675681324,0.547871930955244,0.4,0.25,38,INDS,9.08265213442325,0,0.0,0.1789,0.0601,0.0891,0.1101,0,0,0,0,0,0,0,0,0,0,0,0,0
3314,2022,0,16.23,6.27,2.53,1.3,0.1510698167084515,5.91,3.78,12.54,16.33,0.3533535841737132,14.454900555398329,0.42798584326900285,0.4,0.25,34,INDS,6.123698714023271,0,0.0,0.1623,0.06269999999999999,0.12539999999999998,0.16329999999999997,0,0,0,0,0,0,0,0,0,0,0,0,0
3313,2023,0,16.9,5.01,2.62,1.07,0.10058385653138617,6.03,3.39,8.89,11.35,0.29907621565140347,12.505317183481337,0.4681069036097084,0.3333333333333333,0.14285714285714285,34,INDS,8.81057268722467,0,0.0,0.16899999999999998,0.0501,0.0889,0.11349999999999999,0,0,0,0,0,0,0,0,0,0,0,0,0
3347,2013,0,16.05,-6.23,2.19,2.14,1.1677789858594398,5.09,38.02,43.93,107.13,-0.013849520977555064,1.9321117904774652,0.2661382176534069,0.5,0.5,32,INDY,0.9334453467749464,0,,0.1605,-0.0623,0.4393,1.0713,0,0,0,0,0,0,0,0,0,0,0,0,0
3346,2014,0,10.76,-2.76,2.1,2.06,1.0328414827714436,6.28,64.14,44.2,110.75,-0.020882791744918194,1.9329437010168635,0.23484684435542205,0.4,0.5,34,INDY,0.9029345372460498,0,0.0,0.1076,-0.0276,0.442,1.1075,0,0,0,0,0,0,0,0,0,0,0,0,0
3345,2015,0,4.65,-7.0,1.64,1.62,0.6707068284535186,6.07,90.01,45.18,116.84,-0.04595629767495361,2.022447698460199,0.049998179926212784,0.5,0.5,36,INDY,0.8558712769599451,0,0.0,0.04650000000000001,-0.07,0.4518,1.1684,0,0,0,0,0,0,0,0,0,0,0,0,0
3344,2016,0,7.81,-13.45,2.13,2.1,0.9843194415919082,5.08,77.0,44.19,108.66,-0.06373458285014554,1.9646827049072666,0.3679534071888811,0.4,0.5,37,INDY,0.9203018590097551,0,0.0,0.0781,-0.13449999999999998,0.44189999999999996,1.0866,0,0,0,0,0,0,0,0,0,0,0,0,0
3343,2017,0,9.55,29.27,2.05,1.94,1.0607759858744512,4.28,23.29,39.0,127.16,0.005753123521001589,1.5990927534921837,1.054075684532486,0.3333333333333333,0.0,37,INDY,0.786410821012897,0,0.0,0.0955,0.2927,0.39,1.2716,0,0,0,0,0,0,0,0,0,0,0,0,0
3342,2018,0,17.06,3.3,2.18,2.07,1.03781100447734,7.07,32.87,39.8,129.59,0.14316258860130554,1.6020171451821454,0.5096596818733591,0.3333333333333333,0.0,38,INDY,0.7716644802839725,0,0.0,0.17059999999999997,0.033,0.39799999999999996,1.2959,0,0,0,0,0,0,0,0,0,0,0,0,0
3341,2019,0,10.46,0.18,2.01,1.94,0.8811193039857053,5.58,41.1,41.81,144.56,0.06162152191116304,1.5625533925511383,0.42893771718867213,0.3333333333333333,0.3333333333333333,40,INDY,0.6917542888765911,0,0.0,0.10460000000000001,0.0018,0.4181,1.4456,0,0,0,0,0,0,0,0,0,0,0,0,0
3340,2020,0,2.08,-6.67,1.97,1.91,1.0020437737509038,3.44,39.51,48.57,195.64,-0.02507600316779952,1.4520254273192195,0.7402265901338481,0.375,0.0,37,INDY,0.5111429155591903,0,0.0,0.0208,-0.0667,0.4857,1.9564,0,0,0,0,0,0,0,0,0,0,0,0,0
3339,2021,0,25.48,6.76,1.84,1.8,0.8129076793615563,5.98,53.5,39.44,164.76,0.22743587899818138,1.5285370263917657,0.6392279800863231,0.5,0.3333333333333333,38,INDY,0.6069434328720563,0,0.0,0.2548,0.0676,0.3944,1.6476,0,0,0,0,0,0,0,0,0,0,0,0,0
3338,2022,0,30.33,11.78,1.7,1.65,1.0024706364893858,7.97,57.9,30.52,81.86,0.4545165312356294,2.2469384892791577,0.6818770499379049,0.3333333333333333,0.0,34,INDY,1.221597849987784,0,0.0,0.30329999999999996,0.11779999999999999,0.30519999999999997,0.8186,0,0,0,0,0,0,0,0,0,0,0,0,0
3337,2023,0,16.99,4.99,1.51,1.46,0.5951133020196987,6.28,44.73,35.08,79.29,0.15642296485078525,2.8277146531715593,0.3526538640938758,0.4,0.0,34,INDY,1.261193088661874,0,0.0,0.1699,0.0499,0.3508,0.7929,0,0,0,0,0,0,0,0,0,0,0,0,0
3371,2013,0,16.99,8.34,1.46,0.65,0.06198036453601169,10.14,2.29,57.1,168.68,0.03322932824750644,1.7012262911791218,0.2736784053609107,0.3333333333333333,0.0,32,INKP,0.5928385107896609,0,,0.1699,0.0834,0.5710000000000001,1.6868,0,0,0,0,0,0,0,0,0,0,0,0,0
3370,2014,0,17.22,4.79,1.38,0.62,0.09942797148606591,12.76,2.31,55.46,150.61,0.04474651157046325,1.8224751554231502,0.19137389138490335,0.0,0.0,34,INKP,0.6639665360865812,0,0.0,0.1722,0.0479,0.5546,1.5061000000000002,0,0,0,0,0,0,0,0,0,0,0,0,0
3369,2015,0,38.2,7.86,1.4,0.76,0.11621746188145643,6.86,1.89,55.78,149.67,0.07193532317847882,1.8935492035504946,0.1445458059618018,0.5,0.0,36,INKP,0.6681365671143182,0,0.0,0.382,0.0786,0.5578,1.4967,0,0,0,0,0,0,0,0,0,0,0,0,0
3368,2016,0,39.29,7.45,1.6,0.83,0.15415912077375185,4.18,1.66,54.5,132.96,0.06979919766792207,2.047662683195101,0.1375772415781498,0.3333333333333333,0.0,37,INKP,0.7521058965102285,0,0.0,0.39289999999999997,0.0745,0.545,1.3296000000000001,0,0,0,0,0,0,0,0,0,0,0,0,0
3367,2017,0,28.89,13.21,2.09,1.39,0.4125960623581937,4.02,2.12,52.59,124.77,0.13460636827960343,2.1043320443469877,0.67706288501182,0.42857142857142855,0.0,37,INKP,0.8014747134727899,0,0.0,0.2889,0.1321,0.5259,1.2477,0,0,0,0,0,0,0,0,0,0,0,0,0
3366,2018,0,36.09,17.64,2.41,1.62,0.4341981822670563,3.39,1.77,49.95,115.89,0.17772953482969495,2.1648616586019123,1.1511113555052637,0.3333333333333333,0.125,38,INKP,0.8628872206402622,0,0.0,0.36090000000000005,0.1764,0.49950000000000006,1.1589,0,0,0,0,0,0,0,0,0,0,0,0,0
3365,2019,0,27.19,8.51,2.3,1.6,0.42213660539462394,2.84,1.79,46.37,98.41,0.12690385954008807,2.503971239768717,0.7555112292958909,0.5,0.125,40,INKP,1.01615689462453,0,0.0,0.27190000000000003,0.0851,0.4637,0.9841,0,0,0,0,0,0,0,0,0,0,0,0,0
3364,2020,0,28.89,9.85,2.26,2.07,0.45286098979336054,2.42,2.6,43.08,85.99,0.12952871255809686,2.8373488827423317,0.9543433242576291,0.5,0.0,37,INKP,1.1629259216187928,0,0.0,0.2889,0.09849999999999999,0.43079999999999996,0.8599,0,0,0,0,0,0,0,0,0,0,0,0,0
3363,2021,0,34.93,14.97,2.08,1.55,0.858349730544196,2.6,2.96,39.75,74.9,0.20426880323688063,3.445594517288474,0.6298252079556229,0.5,0.0,38,INKP,1.3351134846461947,0,0.0,0.3493,0.1497,0.3975,0.7490000000000001,0,0,0,0,0,0,0,0,0,0,0,0,0
3362,2022,0,39.72,21.42,2.45,1.9,1.0062361513731097,2.47,2.01,34.82,59.88,0.26897376345513907,4.121504237406121,0.5471296466041182,0.5,0.0,34,INKP,1.6700066800267201,0,0.0,0.3972,0.21420000000000003,0.3482,0.5988,0,0,0,0,0,0,0,0,0,0,0,0,0
3361,2023,0,32.54,11.83,2.65,2.14,1.1774820228281697,1.97,2.03,34.13,57.6,0.1888624947462727,3.9962312730926284,0.49307717068130114,0.6,0.0,34,INKP,1.736111111111111,0,0.0,0.32539999999999997,0.1183,0.34130000000000005,0.5760000000000001,0,0,0,0,0,0,0,0,0,0,0,0,0
3395,2013,0,77.31,6.05,2.31,2.28,1.5128697659573456,17.14,32.12,27.18,51.48,0.10593994947170773,2.2733440227517443,0.5109445104058835,0.3333333333333333,0.25,32,INPP,1.9425019425019427,0,,0.7731,0.0605,0.2718,0.5147999999999999,0,0,0,0,0,0,0,0,0,0,0,0,0
3394,2014,0,79.2,12.76,1.87,1.84,1.333015230795118,18.36,27.94,29.16,53.54,0.16924771215609558,2.4373471612525845,0.48341188918006606,0.3333333333333333,0.25,34,INPP,1.8677624206200971,0,0.0,0.792,0.1276,0.2916,0.5354,0,0,0,0,0,0,0,0,0,0,0,0,0
3393,2015,0,76.97,19.13,1.41,1.4,0.9770784138782768,11.97,30.88,11.83,14.67,0.1587742415311213,7.2152933930800875,1.0129362006773315,0.4,0.0,36,INPP,6.81663258350375,0,0.0,0.7696999999999999,0.1913,0.1183,0.1467,0,0,0,0,0,0,0,0,0,0,0,0,0
3392,2016,0,73.67,33.16,3.31,3.27,2.364498778902094,9.33,32.56,15.25,19.23,0.05625362754518025,5.2585463942123285,1.5450958859812765,0.3333333333333333,0.0,37,INPP,5.200208008320333,0,0.0,0.7367,0.33159999999999995,0.1525,0.1923,0,0,0,0,0,0,0,0,0,0,0,0,0
3391,2017,0,71.88,24.74,0.72,0.67,0.5363752442645985,11.46,7.84,22.13,34.79,0.05205636962940891,3.5901885695818945,1.71660823880331,0.3333333333333333,0.25,37,INPP,2.874389192296637,0,0.0,0.7188,0.24739999999999998,0.2213,0.3479,0,0,0,0,0,0,0,0,0,0,0,0,0
3390,2018,0,68.87,15.95,1.03,0.96,0.7956628648276328,13.73,5.43,24.91,39.82,0.07232126912851845,3.322547843659959,1.7967706771503489,0.25,0.0,38,INPP,2.5113008538422905,0,0.0,0.6887000000000001,0.1595,0.2491,0.3982,0,0,0,0,0,0,0,0,0,0,0,0,0
3389,2019,0,67.28,231.18,2.43,2.1,1.7645714444748808,15.08,3.53,14.63,18.46,0.1225239505770652,5.860877274575739,1.4808190002654391,0.2857142857142857,0.0,40,INPP,5.417118093174431,0,0.0,0.6728000000000001,2.3118,0.1463,0.18460000000000001,0,0,0,0,0,0,0,0,0,0,0,0,0
3388,2020,0,71.75,-121.78,3.71,2.81,2.14877343826544,6.46,0.75,17.83,23.65,-0.013100163786481094,4.432879763752137,1.4071872940767425,0.5,0.25,37,INPP,4.2283298097251585,0,0.0,0.7175,-1.2178,0.1783,0.2365,0,0,0,0,0,0,0,0,0,0,0,0,0
3387,2021,0,68.71,-9.83,2.46,0.98,0.6904015250262542,6.18,0.21,18.03,28.4,-0.0052816517646738234,3.2578650561083378,1.275910452488374,0.42857142857142855,0.0,38,INPP,3.5211267605633805,0,0.0,0.6870999999999999,-0.0983,0.18030000000000002,0.284,0,0,0,0,0,0,0,0,0,0,0,0,0
3386,2022,0,66.2,7.27,3.13,1.21,0.9156002771056712,12.02,0.27,18.99,30.32,0.06254652213565216,3.079006132008127,0.8688597559929436,0.3333333333333333,0.3333333333333333,34,INPP,3.298153034300791,0,0.0,0.662,0.0727,0.18989999999999999,0.3032,0,0,0,0,0,0,0,0,0,0,0,0,0
3385,2023,0,65.69,16.74,1.91,0.61,0.3984654172835414,15.12,0.29,18.43,29.06,0.07275826835047525,3.5082409782574393,1.3580579403401047,0.3333333333333333,0.4,34,INPP,3.441156228492774,0,0.0,0.6568999999999999,0.1674,0.1843,0.29059999999999997,0,0,0,0,0,0,0,0,0,0,0,0,0
3419,2013,0,5.78,4.13,0.64,0.23,0.0904287615135191,60.07,2.94,25.06,63.64,-0.027724816756428707,2.075981494843173,0.978627839388585,0.6,0.0,32,INRU,1.5713387806411063,0,,0.057800000000000004,0.041299999999999996,0.2506,0.6364,0,0,0,0,0,0,0,0,0,0,0,0,0
3418,2014,0,16.22,1.44,1.0,0.39,0.11810536491058482,184.29,2.87,34.36,88.51,0.02734761138259366,1.8530452833703708,1.000800142381912,0.0,0.0,34,INRU,1.1298158400180771,0,0.0,0.16219999999999998,0.0144,0.3436,0.8851,0,0,0,0,0,0,0,0,0,0,0,0,0
3417,2015,0,11.23,-2.85,1.02,0.43,0.10191627207302689,177.57,2.6,34.19,91.22,0.0030368879180053487,1.8328075919714635,0.2577311373662783,0.5,0.0,36,INRU,1.0962508221881166,0,0.0,0.11230000000000001,-0.0285,0.3419,0.9122,0,0,0,0,0,0,0,0,0,0,0,0,0
3416,2016,0,3.78,44.59,0.73,0.26,0.020728783524191028,41.89,2.46,30.75,64.23,-0.039957410092438146,2.4802780206966912,0.19035694089794705,0.5,0.0,37,INRU,1.5569048731122526,0,0.0,0.0378,0.4459,0.3075,0.6423000000000001,0,0,0,0,0,0,0,0,0,0,0,0,0
3415,2017,0,14.26,22.97,1.5,0.57,0.0333913421796824,47.45,3.73,41.45,85.27,0.03126279001272043,2.12304075767561,0.1771523892853869,0.5,0.2,37,INRU,1.172745396974317,0,0.0,0.1426,0.2297,0.41450000000000004,0.8527,0,0,0,0,0,0,0,0,0,0,0,0,0
3414,2018,0,13.72,3.25,1.81,0.75,0.007777298906868315,61.91,2.62,44.81,108.28,0.01944857972168863,1.8956390391781226,0.2943859541908905,0.5,0.3333333333333333,38,INRU,0.9235315847801995,0,0.0,0.13720000000000002,0.0325,0.4481,1.0828,0,0,0,0,0,0,0,0,0,0,0,0,0
3413,2019,0,0.42,-18.7,0.51,0.1,0.004485128825868926,59.79,2.24,48.12,153.67,-0.03791679645123805,1.633355343676793,0.5234251539233212,0.3333333333333333,0.0,40,INRU,0.6507451031430989,0,0.0,0.0042,-0.187,0.48119999999999996,1.5367,0,0,0,0,0,0,0,0,0,0,0,0,0
3412,2020,0,7.87,2.97,0.72,0.12,0.0026195288973227177,81.81,3.46,55.05,166.22,-0.01999144187793445,1.586657973799393,0.6879005303652719,0.3333333333333333,0.6666666666666666,37,INRU,0.6016123210203346,0,0.0,0.0787,0.0297,0.5505,1.6622,0,0,0,0,0,0,0,0,0,0,0,0,0
3411,2021,0,17.47,0.42,2.14,0.42,0.01364646144081244,48.3,3.36,61.01,185.73,0.033536875674188955,1.5311518199723306,0.4341125214929867,0.3333333333333333,0.0,38,INRU,0.538415980186292,0,0.0,0.1747,0.0042,0.6101,1.8573,0,0,0,0,0,0,0,0,0,0,0,0,0
3410,2022,0,20.15,-11.69,2.73,1.26,0.0156753530932962,14.85,3.49,64.88,223.77,0.054246831333045926,1.4417429877929624,0.4342117758552597,0.5,0.0,34,INRU,0.4468874290566206,0,0.0,0.20149999999999998,-0.11689999999999999,0.6487999999999999,2.2377000000000002,0,0,0,0,0,0,0,0,0,0,0,0,0
3409,2023,0,5.76,-26.92,1.18,0.22,0.01126453488372093,7.4,2.14,66.08,288.53,-0.02466255439051682,1.3428692400850541,0.8191671561931051,0.375,0.0,34,INRU,0.34658441063320977,0,0.0,0.0576,-0.2692,0.6607999999999999,2.8852999999999995,0,0,0,0,0,0,0,0,0,0,0,0,0
3443,2013,0,21.33,-9.44,0.74,0.47,0.060086609270815876,2.63,1.98,185.83896566290508,1438.3127645427567,0.03765401280044307,1.2580199459883323,1.8215390180172877,0.3333333333333333,0.0,32,INTA,0.06952590734449211,0,,0.2133,-0.0944,1.8583896566290508,14.383127645427567,0,0,0,0,0,0,0,0,0,0,0,0,0
3442,2014,0,23.58,-4.58,0.76,0.57,0.09212168463268974,1.4,1.77,213.19169917128576,531.3880041679378,0.005706078912281279,1.4893607230930817,0.6589194331845253,0.3333333333333333,0.0,34,INTA,0.1881864084541818,0,0.0,0.23579999999999998,-0.0458,2.1319169917128575,5.313880041679377,0,0,0,0,0,0,0,0,0,0,0,0,0
3441,2015,0,23.03,-23.83,0.86,0.65,0.0648494448093076,1.02,1.82,240.20061713877158,734.3877275132884,-0.006017012365169947,1.2626461025225726,0.8387332060534066,0.3333333333333333,0.0,36,INTA,0.13616785282974456,0,0.0,0.2303,-0.23829999999999998,2.4020061713877157,7.343877275132884,0,0,0,0,0,0,0,0,0,0,0,0,0
3440,2016,0,14.26,-16.31,0.88,0.68,0.05773151884133898,1.11,2.61,226.50587637883,940.1895411741133,-0.03427330417181852,1.2146098066060778,1.5147475518934082,0.0,0.0,37,INTA,0.10636153203227458,0,0.0,0.1426,-0.1631,2.2650587637883,9.401895411741133,0,0,0,0,0,0,0,0,0,0,0,0,0
3439,2017,0,6.48,-13.51,0.75,0.53,0.046792410358249374,1.57,3.47,216.74305411012327,928.74919141429,-0.041920306693901704,1.277023578092249,2.7918868847397826,0.4,0.3333333333333333,37,INTA,0.10767169535590228,0,0.0,0.06480000000000001,-0.1351,2.1674305411012327,9.2874919141429,0,0,0,0,0,0,0,0,0,0,0,0,0
3438,2018,0,13.47,-14.37,1.22,0.87,0.07481572514180604,2.12,3.7,208.7810493725296,2202.456951537955,-0.01195489371116092,1.074910182574143,7.494507430447778,0.5,0.375,38,INTA,0.04540383862221277,0,0.0,0.13470000000000001,-0.1437,2.087810493725296,22.02456951537955,0,0,0,0,0,0,0,0,0,0,0,0,0
3437,2019,0,11.33,-24.1,1.49,0.82,0.09077085109104581,2.14,2.88,344.2435996399848,-1762.3486295698085,-0.10442429213233285,0.9295495483527011,-6.817879356557814,0.6666666666666666,0.0,40,INTA,-0.0567424619182245,1,0.0,0.1133,-0.24100000000000002,3.4424359963998477,-17.623486295698086,0,0,0,0,0,0,0,1,0,0,0,1,2
3436,2020,1,-12.27,-150.02,0.21,0.13,0.012381187976262463,1.89,1.88,632.6003505348256,-331.46946396659905,-0.2354684419051966,-0.15519986669382163,-0.5091457076298012,0.3333333333333333,0.16666666666666666,37,INTA,-0.3016869149976259,1,1.0,-0.12269999999999999,-1.5002000000000002,6.326003505348256,-3.3146946396659906,0,0,0,0,0,0,0,1,0,0,0,0,1
3435,2021,1,5.93,-76.38,0.16,0.1,0.009725937034163646,2.85,2.57,833.5795695237326,-244.62402478737567,-0.07308803998931347,-0.6912308137445223,-0.13460884139501209,0.4,0.0,38,INTA,-0.4087905923668733,1,1.0,0.0593,-0.7637999999999999,8.335795695237326,-2.4462402478737566,0,0,0,0,0,0,0,1,0,0,0,0,1
3434,2022,1,14.86,-14.96,0.94,0.58,0.23514694827850144,4.59,3.17,987.254553337003,-217.1368544203577,-0.011335775697245556,0.4837151275008788,-0.13255565844677336,0.3333333333333333,0.3333333333333333,34,INTA,-0.4605390469846674,1,1.0,0.14859999999999998,-0.1496,9.87254553337003,-2.171368544203577,0,0,0,0,0,0,0,1,0,0,0,0,1
3433,2023,1,21.16,-5.44,1.01,0.68,0.12153879802668352,4.23,3.99,531.9579899502342,-228.1616382557957,0.01421713714038135,0.46104739708035836,-0.08657988371557127,1.0,0.2,34,INTA,-0.43828577303555466,1,1.0,0.2116,-0.054400000000000004,5.319579899502341,-2.281616382557957,0,0,0,0,0,0,0,1,0,0,0,0,1
3467,2013,0,19.61,4.05,2.74,0.88,0.18548375342179033,10.13,2.75,53.013852498234414,112.82868529760248,0.22850393440194658,3.140583989402138,1.80702417103449,0.5,0.5,32,INTD,0.8862994347247342,0,,0.1961,0.0405,0.5301385249823442,1.1282868529760248,0,0,0,0,0,0,0,0,0,0,0,0,0
3466,2014,0,16.62,3.79,3.88,1.42,0.31871664284285994,9.6,2.73,44.02753101058193,78.65926196485205,0.263711763077613,3.4891587623102094,1.5887876842296962,0.0,0.3333333333333333,34,INTD,1.271306105626618,0,0.0,0.16620000000000001,0.0379,0.44027531010581933,0.7865926196485205,0,0,0,0,0,0,0,0,0,0,0,0,0
3465,2015,0,21.91,2.93,9.67,2.95,0.8721752106467421,10.0,2.46,34.22369466372153,52.03043022535413,0.2336052171278241,3.570015897980787,1.4342916906240888,0.3333333333333333,0.5714285714285714,36,INTD,1.921952203102687,0,0.0,0.2191,0.029300000000000003,0.3422369466372153,0.5203043022535413,0,0,0,0,0,0,0,0,0,0,0,0,0
3464,2016,0,24.89,1.66,42.34,28.19,8.856086605383668,6.39,2.72,26.905792406093205,36.80974635288064,0.1458902273321857,3.932689011251051,2.2509859557278142,0.3333333333333333,0.0,37,INTD,2.71667180320503,0,0.0,0.2489,0.0166,0.26905792406093204,0.36809746352880635,0,0,1,1,0,0,0,0,0,0,0,0,2
3463,2017,0,34.98,3.16,16.34,9.48,4.520009699655115,3.91,2.22,27.17109224382585,37.30811444034332,0.14735098294269722,4.326194768950077,7.353113693167805,0.14285714285714285,0.0,37,INTD,2.6803820428905007,0,0.0,0.34979999999999994,0.0316,0.2717109224382585,0.37308114440343315,0,0,0,0,0,0,0,0,0,0,0,0,0
3462,2018,0,22.65,2.1,14.56,7.26,3.241671015207997,7.08,3.13,25.654073142395557,34.506359967145315,0.18595793174230008,4.775876544293575,3.6604733498879796,0.3333333333333333,0.0,38,INTD,2.8980164843586347,0,0.0,0.22649999999999998,0.021,0.25654073142395556,0.34506359967145317,0,0,0,0,0,0,0,0,0,0,0,0,0
3461,2019,0,23.29,0.87,16.0,7.52,2.7349907101532733,7.19,2.84,16.418202314317497,19.64327492941106,0.22038161357710825,8.660614782503103,5.014737656147791,0.375,0.5,40,INTD,5.0908008139861725,0,0.0,0.2329,0.0087,0.16418202314317498,0.1964327492941106,0,0,0,0,0,0,0,0,0,0,0,0,0
3460,2020,0,18.06,-10.86,32.21,19.8,13.202741034379619,5.77,2.22,15.2184649364947,17.950211593945976,-0.5449268389994426,7.860697949070829,1.7251423671217943,0.3333333333333333,0.16666666666666666,37,INTD,5.570964970336437,0,0.0,0.18059999999999998,-0.10859999999999999,0.152184649364947,0.17950211593945975,0,0,1,1,0,0,0,0,0,0,0,0,2
3459,2021,0,21.83,5.06,29.11,23.34,17.965093755252994,11.24,3.99,11.989604762089435,13.622941619201933,0.597494988100848,11.056034665577814,3.9264621630659975,0.3333333333333333,0.2,38,INTD,7.34055850749937,0,0.0,0.2183,0.0506,0.11989604762089436,0.13622941619201934,0,0,1,1,1,0,0,0,0,0,0,0,3
3458,2022,0,25.95,2.32,29.28,20.64,14.874252970392025,10.58,3.08,8.693210325410936,9.520880491355484,0.332089284442753,17.90859195910214,2.396120207507952,0.5,0.0,34,INTD,10.503230251739359,0,0.0,0.2595,0.0232,0.08693210325410936,0.09520880491355484,0,0,1,1,1,0,0,0,0,0,0,0,3
3457,2023,0,21.85,-1.34,105.77,62.7,37.27107974794741,16.49,2.37,6.577844648664861,7.040990033112049,-0.5964796345004953,17.441731210014854,2.0298823608001064,0.42857142857142855,0.0,34,INTD,14.202548154410747,0,0.0,0.21850000000000003,-0.0134,0.06577844648664861,0.07040990033112049,0,0,1,1,1,0,0,0,0,0,0,0,3
3491,2013,0,46.3,26.82,6.15,5.61,4.62490488447638,7.52,6.82,0.6,0.7,1.6707562416759745,26.833154761570157,3.2041795146743883,0.4,0.0,32,INTP,142.85714285714286,0,,0.46299999999999997,0.2682,0.006,0.006999999999999999,0,0,0,0,0,0,0,0,0,0,0,0,0
3490,2014,0,45.44,26.37,4.93,4.42,3.4916733603041687,7.7,6.95,0.43,0.51,1.3870745854673414,24.47233452046343,3.7445881838854866,0.3333333333333333,0.0,34,INTP,196.078431372549,0,0.0,0.45439999999999997,0.2637,0.0043,0.0051,0,0,0,0,0,0,0,0,0,0,0,0,0
3489,2015,0,44.44,24.48,4.89,4.32,3.2474481377125715,6.82,6.21,0.44,0.51,1.3405038158630689,23.003020281800772,3.443546042800726,0.5,0.0,36,INTP,196.078431372549,0,0.0,0.44439999999999996,0.24480000000000002,0.0044,0.0051,0,0,0,0,0,0,0,0,0,0,0,0,0
3488,2016,0,41.22,25.19,4.53,3.97,3.057070804349913,5.95,5.47,0.36,0.41,0.9084513308857675,32.71653066548563,2.168851613050579,0.3333333333333333,0.0,37,INTP,243.90243902439028,0,0.0,0.4122,0.2519,0.0036,0.0040999999999999995,0,0,0,0,0,0,0,0,0,0,0,0,0
3487,2017,0,34.7,12.89,3.7,3.19,2.3842580562824516,5.58,5.31,0.37,0.44,0.4352847543247084,30.65242439427878,3.29049387166709,0.5,0.0,37,INTP,227.27272727272725,0,0.0,0.34700000000000003,0.12890000000000001,0.0037,0.0044,0,0,0,0,0,0,0,0,0,0,0,0,0
3486,2018,0,28.76,7.54,3.14,2.67,1.8406831583771244,5.42,6.0,0.42,0.5,0.2351910116394382,37.20882580411773,2.924809531619477,0.4,0.16666666666666666,38,INTP,200.0,0,0.0,0.2876,0.0754,0.0042,0.005,0,0,0,0,0,0,0,0,0,0,0,0,0
3485,2019,0,34.5,11.51,3.31,2.82,1.9754164658355637,5.19,5.59,0.4,0.48,0.41168232094821205,31.61038513211521,3.0344298564682606,0.6666666666666666,0.0,40,INTP,208.33333333333334,0,0.0,0.345,0.1151,0.004,0.0048,0,0,0,0,0,0,0,0,0,0,0,0,0
3484,2020,0,36.05,12.73,2.92,2.48,1.8380568962294672,4.97,4.88,1.83,2.26,0.38277664525975424,24.282932339984125,2.4028333757374107,0.375,0.0,37,INTP,44.24778761061947,0,0.0,0.3605,0.1273,0.0183,0.0226,0,0,0,0,0,0,0,0,0,0,0,0,0
3483,2021,0,34.7,12.11,2.44,1.95,1.334283007489929,5.64,4.72,1.06,1.34,0.3752568833123306,24.739257969893305,2.1600786247383974,0.3333333333333333,0.5,38,INTP,74.6268656716418,0,0.0,0.34700000000000003,0.1211,0.0106,0.0134,0,0,0,0,0,0,0,0,0,0,0,0,0
3482,2022,0,31.5,11.28,2.14,1.55,0.9513248441774543,6.16,4.39,3.84,5.05,0.3624721729627807,15.855927860294235,1.862542489860175,0.6666666666666666,0.0,34,INTP,19.801980198019802,0,0.0,0.315,0.1128,0.0384,0.050499999999999996,0,0,0,0,0,0,0,0,0,0,0,0,0
3481,2023,0,32.57,10.87,1.25,0.86,0.44532393111086893,6.56,4.22,9.46,13.38,0.26316702023263694,16.98350466901483,1.6501852604288196,0.0,0.3333333333333333,34,INTP,7.473841554559043,0,0.0,0.3257,0.10869999999999999,0.0946,0.1338,0,0,0,0,0,0,0,0,0,0,0,0,0
3515,2013,0,17.32,4.07,0.89,0.65,0.10096042295161708,4.94,8.88,36.99,67.82,0.11288761525267584,6.020704132044855,0.37464224293414955,0.0,0.0,32,IPOL,1.4744913005013272,0,,0.1732,0.0407,0.3699,0.6781999999999999,0,0,0,0,0,0,0,0,0,0,0,0,0
3514,2014,0,16.17,1.79,0.87,0.64,0.1035154208222051,4.81,8.18,36.25,66.82,0.09947615507193869,7.216795638043588,0.38998651560429104,0.3333333333333333,0.0,34,IPOL,1.49655791679138,0,0.0,0.1617,0.0179,0.3625,0.6681999999999999,0,0,0,0,0,0,0,0,0,0,0,0,0
3513,2015,0,18.8,1.33,0.88,0.66,0.15980799315866687,4.61,7.34,34.66,63.53,0.09248517312540172,5.489456461257445,0.2196737455411892,0.5,0.0,36,IPOL,1.5740594994490793,0,0.0,0.188,0.013300000000000001,0.34659999999999996,0.6353,0,0,0,0,0,0,0,0,0,0,0,0,0
3512,2016,0,22.35,3.32,0.96,0.72,0.14224172576756275,4.63,7.05,35.62,64.62,0.12362031342004637,5.886948067155931,0.4171416554211206,0.2,0.0,37,IPOL,1.547508511296812,0,0.0,0.2235,0.0332,0.35619999999999996,0.6462,0,0,0,0,0,0,0,0,0,0,0,0,0
3511,2017,0,19.15,1.25,0.97,0.71,0.1148010995816114,4.11,6.5,34.62,62.49,0.06941331797900673,6.755175505557618,0.37834577355436244,0.6666666666666666,0.4,37,IPOL,1.6002560409665547,0,0.0,0.19149999999999998,0.0125,0.34619999999999995,0.6249,0,0,0,0,0,0,0,0,0,0,0,0,0
3510,2018,0,19.46,2.4,1.02,0.74,0.11414078819351234,3.94,6.0,34.89,63.05,0.10112153791105297,7.6610112769687895,0.24673572927173237,0.3333333333333333,0.0,38,IPOL,1.5860428231562254,0,0.0,0.1946,0.024,0.3489,0.6305,0,0,0,0,0,0,0,0,0,0,0,0,0
3509,2019,0,19.91,2.22,1.13,0.82,0.12924826668944372,3.71,5.46,30.5,51.8,0.1100206999139193,8.640209999043368,0.2642051919661733,0.3333333333333333,0.2,40,IPOL,1.9305019305019304,0,0.0,0.1991,0.0222,0.305,0.518,0,0,0,0,0,0,0,0,0,0,0,0,0
3508,2020,0,22.28,4.31,1.3,1.0,0.32695974948326784,3.86,5.52,24.93,39.75,0.16240390421989406,10.599062590898995,0.41746456031890683,1.0,0.0,37,IPOL,2.5157232704402515,0,0.0,0.2228,0.0431,0.2493,0.3975,0,0,0,0,0,0,0,0,0,0,0,0,0
3507,2021,0,21.78,3.97,1.4,1.0,0.2546937849222656,4.29,5.92,25.64,41.6,0.15369341393013367,9.85110095492392,0.41700707339511733,0.3333333333333333,0.0,38,IPOL,2.4038461538461537,0,0.0,0.21780000000000002,0.0397,0.2564,0.41600000000000004,0,0,0,0,0,0,0,0,0,0,0,0,0
3506,2022,0,18.78,1.64,1.45,0.99,0.18130501610637154,3.81,4.91,25.09,39.56,0.09347552858175862,9.767749574462462,0.40019479821170684,0.3333333333333333,0.0,34,IPOL,2.5278058645096055,0,0.0,0.18780000000000002,0.016399999999999998,0.2509,0.3956,0,0,0,0,0,0,0,0,0,0,0,0,0
3505,2023,0,17.78,0.22,1.35,0.93,0.20669226358373735,3.53,4.33,28.03,44.99,0.04869491237491203,8.728561787282032,0.37130250349668664,0.3333333333333333,0.25,34,IPOL,2.222716159146477,0,0.0,0.1778,0.0022,0.2803,0.4499,0,0,0,0,0,0,0,0,0,0,0,0,0
3539,2013,0,20.71,-11.18,0.53,0.53,0.16600892649319124,10.98,427.17,51.12,168.73,0.03380491264270178,1.6739440633214377,1.365260495200331,0.3333333333333333,0.0,32,ISAT,0.5926628341136728,0,,0.2071,-0.1118,0.5112,1.6872999999999998,0,0,0,0,0,0,0,0,0,0,0,0,0
3538,2014,0,22.63,-7.8,0.41,0.41,0.1650592349639542,10.98,436.35,51.06,190.22,0.009888034587233805,1.8022382239725376,1.5391366942323892,0.3333333333333333,0.3333333333333333,34,ISAT,0.5257070760172432,0,0.0,0.2263,-0.078,0.5106,1.9022,0,0,0,0,0,0,0,0,0,0,0,0,0
3537,2015,0,25.35,-4.35,0.49,0.49,0.1813698473015968,11.06,450.3,49.91,208.41,0.06335379291700664,1.6009330975482325,2.253241293377989,0.5,0.0,36,ISAT,0.47982342497960756,0,0.0,0.2535,-0.0435,0.4991,2.0841,0,0,0,0,0,0,0,0,0,0,0,0,0
3536,2016,0,28.42,4.37,0.42,0.42,0.09707552820325388,10.63,352.25,46.57,166.99,0.10764387300767274,1.806664275769555,2.472213929713082,0.3333333333333333,0.0,37,ISAT,0.5988382537876519,0,0.0,0.2842,0.0437,0.4657,1.6699000000000002,0,0,0,0,0,0,0,0,0,0,0,0,0
3535,2017,0,28.17,4.35,0.59,0.59,0.10337640475203878,8.88,257.31,44.68,152.78,0.11192725247064443,1.754161213850879,1.760508990091076,0.3333333333333333,0.0,37,ISAT,0.6545359340227779,0,0.0,0.2817,0.0435,0.4468,1.5278,0,0,0,0,0,0,0,0,0,0,0,0,0
3534,2018,0,12.3,-9.01,0.38,0.38,0.049668387406777405,6.66,299.06,46.94,205.55,-0.03613837311789723,1.6079377948427025,0.754448879254023,0.5,0.0,38,ISAT,0.48649963512527356,0,0.0,0.12300000000000001,-0.0901,0.4694,2.0555000000000003,0,0,0,0,0,0,0,0,0,0,0,0,0
3533,2019,0,16.1,6.24,0.56,0.56,0.2657624413451041,8.71,566.98,47.93,219.65,0.019878117469895158,1.5081185691164418,1.153609384868222,0.5,0.5,40,ISAT,0.45526974732529024,0,0.0,0.161,0.062400000000000004,0.4793,2.1965,0,0,0,0,0,0,1,0,0,0,0,0,1
3532,2020,0,20.59,-2.26,0.42,0.42,0.0786582490124721,9.93,640.78,44.31,215.44,0.045888503245861495,1.474630695862316,2.1250307955397636,0.75,0.5,37,ISAT,0.46416635722242855,0,0.0,0.2059,-0.0226,0.44310000000000005,2.1544,0,0,0,0,0,0,1,0,0,0,0,0,1
3531,2021,0,24.23,21.86,0.4,0.4,0.1322138985095759,13.5,821.23,53.42,328.69,0.0673910363261655,1.4216205682439744,3.2700218542489705,0.5,0.0,38,ISAT,0.3042380358392406,0,0.0,0.24230000000000002,0.2186,0.5342,3.2869,0,0,0,0,0,0,1,0,0,0,0,0,1
3530,2022,0,25.45,11.49,0.52,0.52,0.26503485497632634,21.09,762.75,49.26,178.47,0.07377490309854727,1.6758333494561053,1.587166953296275,0.5,0.3333333333333333,34,ISAT,0.5603182607721185,0,0.0,0.2545,0.1149,0.4926,1.7847,0,0,0,0,0,0,1,0,0,0,0,0,1
3529,2023,0,30.3,9.32,0.45,0.45,0.15203377431345316,18.57,238.27,46.96,159.81,0.11304968753524491,1.7190577876535806,2.2423775431495736,0.4,0.0,34,ISAT,0.6257430698955009,0,0.0,0.303,0.0932,0.4696,1.5981,0,0,0,0,0,0,0,0,0,0,0,0,0
3563,2013,0,17.12,5.76,1.43,0.59,0.12840067711853534,4.57,1.72,33.18,75.35,0.17675727638933958,6.335158182725801,0.5349210570190425,0.5,0.1111111111111111,32,ISSP,1.3271400132714002,0,,0.17120000000000002,0.0576,0.3318,0.7535,0,0,0,0,0,0,0,0,0,0,0,0,0
3562,2014,0,16.76,6.38,1.36,0.46,0.07502487539541731,3.84,1.35,36.97,86.51,0.17511722675987706,5.834464051880027,0.7353108416236405,0.42857142857142855,0.0,34,ISSP,1.1559357299734134,0,0.0,0.16760000000000003,0.0638,0.3697,0.8651000000000001,0,0,0,0,0,0,0,0,0,0,0,0,0
3561,2015,0,21.57,4.44,1.25,0.37,0.010559387697250308,4.73,1.27,40.88,87.21,0.20214773198024122,5.511049396783671,0.5290697980516746,0.3333333333333333,0.3333333333333333,36,ISSP,1.1466574934067195,0,0.0,0.2157,0.0444,0.40880000000000005,0.8721,0,0,0,0,0,0,0,0,0,0,0,0,0
3560,2016,0,21.44,3.16,1.16,0.29,0.01108446519524618,4.7,1.13,48.51,110.81,0.1329498691986526,5.6440846697591445,0.5709440175542531,0.4,0.16666666666666666,37,ISSP,0.902445627650934,0,0.0,0.2144,0.0316,0.4851,1.1081,0,0,0,0,0,0,0,0,0,0,0,0,0
3559,2017,0,15.36,0.24,1.51,0.45,0.07478525815080313,5.15,1.27,41.32,91.19,0.09781316429939821,3.4731577160466958,0.290971491009493,0.5,0.25,37,ISSP,1.0966114705559822,0,0.0,0.1536,0.0024,0.4132,0.9118999999999999,0,0,0,0,0,0,0,0,0,0,0,0,0
3558,2018,0,11.9,1.09,1.41,0.38,0.09003509754076847,6.32,1.55,47.31,105.38,0.08859560046877961,3.9175428887659103,0.2070453516547896,0.6666666666666666,0.0,38,ISSP,0.9489466691971913,0,0.0,0.11900000000000001,0.0109,0.4731,1.0537999999999998,0,0,0,0,0,0,0,0,0,0,0,0,0
3557,2019,0,13.82,3.8,1.39,0.43,0.0861315481806016,6.55,1.65,42.73,88.58,0.13928416902672136,4.957731116049761,0.42670701987242254,0.375,0.0,40,ISSP,1.1289230074508918,0,0.0,0.1382,0.038,0.42729999999999996,0.8858,0,0,0,0,0,0,0,0,0,0,0,0,0
3556,2020,0,14.49,4.66,1.44,0.47,0.02753658912197669,4.54,1.42,37.87,69.0,0.13454413730308354,6.761105190338912,0.34472009618209837,0.42857142857142855,0.0,37,ISSP,1.4492753623188408,0,0.0,0.1449,0.0466,0.3787,0.69,0,0,0,0,0,0,0,0,0,0,0,0,0
3555,2021,0,20.47,9.04,1.6,0.43,0.018139397277497072,5.73,1.6,33.99,63.7,0.24654968915859996,7.901898284327126,0.7551992322198994,0.4,0.25,38,ISSP,1.5698587127158556,0,0.0,0.2047,0.0904,0.33990000000000004,0.637,0,0,0,0,0,0,0,0,0,0,0,0,0
3554,2022,0,11.85,4.89,1.69,0.5,0.019248156526202206,5.73,1.74,35.39,63.23,0.1911224518580387,7.332397245518314,0.426526507946006,0.5,0.0,34,ISSP,1.5815277558121146,0,0.0,0.1185,0.0489,0.3539,0.6323,0,0,0,0,0,0,0,0,0,0,0,0,0
3553,2023,0,16.31,7.72,2.03,0.56,0.07085007435858215,5.62,1.6,33.37,57.6,0.254419296216752,6.395238807295293,0.45434224162070147,0.6666666666666666,0.3333333333333333,34,ISSP,1.736111111111111,0,0.0,0.1631,0.07719999999999999,0.3337,0.5760000000000001,0,0,0,0,0,0,0,0,0,0,0,0,0
3587,2013,0,22.2,9.41,1.62,1.3,0.7740062027255694,9.86,12.58,32.28061527515232,47.66820520640066,0.610846397477731,17.759079293428588,2.937856528972481,0.3333333333333333,0.25,32,ITMG,2.0978343859812973,0,,0.222,0.0941,0.3228061527515232,0.47668205206400655,0,0,0,0,0,0,0,0,0,0,0,0,0
3586,2014,0,21.05,10.35,1.56,1.15,0.620918801658566,10.26,11.43,32.49721097540317,48.14202708507608,0.57166506933384,15.336509788668481,1.578022122143553,0.2857142857142857,0.14285714285714285,34,ITMG,2.0771871492507175,0,0.0,0.21050000000000002,0.1035,0.3249721097540317,0.4814202708507608,0,0,0,0,0,0,0,0,0,0,0,0,0
3585,2015,0,22.04,3.97,1.8,1.39,0.9418802577160059,10.43,9.27,29.176578015433275,41.196227459598326,0.4631348397188787,15.035131680737278,0.562496580819419,0.3333333333333333,0.3333333333333333,36,ITMG,2.4274067351936846,0,0.0,0.22039999999999998,0.0397,0.29176578015433274,0.4119622745959833,0,0,0,0,0,0,0,0,0,0,0,0,0
3584,2016,0,24.18,9.56,2.26,2.0,1.383520003349593,10.92,11.56,24.992891339998945,33.32069691326053,0.64851504913993,15.284162639507612,1.5599571547506828,0.5,0.0,37,ITMG,3.001137709103657,0,0.0,0.2418,0.0956,0.24992891339998946,0.3332069691326053,0,0,0,0,0,0,0,0,0,0,0,0,0
3583,2017,0,29.92,14.96,2.43,2.1,1.1426591106171453,10.35,13.88,29.479274845933094,41.802285472149656,0.8831614176619192,14.122315656842336,1.799582026776138,0.5,0.0,37,ITMG,2.3922137000529307,0,0.0,0.2992,0.1496,0.29479274845933096,0.4180228547214966,0,0,0,0,0,0,0,0,0,0,0,0,0
3582,2018,0,29.09,12.89,1.97,1.69,0.9443930063580894,9.33,13.15,32.781300425305396,48.76812647777905,0.6279803608821138,12.677379346883729,1.6210181168730304,0.5,0.25,38,ITMG,2.0505196164458868,0,0.0,0.2909,0.12890000000000001,0.327813004253054,0.4876812647777905,0,0,0,0,0,0,0,0,0,0,0,0,0
3581,2019,0,19.04,7.37,2.01,1.57,0.6824568773361682,8.99,13.2,26.845739722639678,36.69743856455597,0.519463825495167,10.688732363508896,1.0531310679825971,0.4,0.42857142857142855,40,ITMG,2.724985827664399,0,0.0,0.19039999999999999,0.0737,0.2684573972263968,0.36697438564555973,0,0,0,0,0,0,0,0,0,0,0,0,0
3580,2020,0,16.8,3.19,1.98,1.69,1.1165412445730825,10.42,12.12,26.95763700028223,36.90685226104527,0.2781463672853485,9.056912194518226,1.3170827874194924,0.3333333333333333,0.5,37,ITMG,2.7095239467373586,0,0.0,0.168,0.0319,0.2695763700028223,0.36906852261045275,0,0,0,0,0,0,0,0,0,0,0,0,0
3579,2021,0,44.13,22.89,2.71,2.54,1.8944023600178757,14.89,18.92,27.887956049522305,38.67309054320262,1.6965423762664817,13.023164593694027,1.344816126452559,0.5,0.0,38,ITMG,2.585777309115951,0,0.0,0.4413,0.2289,0.27887956049522306,0.3867309054320262,0,0,0,0,0,0,0,0,0,0,0,0,0
3578,2022,0,52.1,32.98,3.26,3.09,2.44244407142601,14.96,21.97,26.130710175870785,35.374253953278505,2.3112513542567994,19.701622492424534,1.4526013293430018,0.3333333333333333,0.0,34,ITMG,2.8269147423455965,0,0.0,0.521,0.3298,0.26130710175870786,0.35374253953278506,0,0,0,0,0,0,0,0,0,0,0,0,0
3577,2023,0,31.27,21.04,4.35,4.02,2.892565606584787,9.53,16.82,18.25113913358658,22.32586355351292,1.4708787134265489,18.025120653384484,1.0525885378438025,0.3333333333333333,0.0,34,ITMG,4.47911005817579,0,0.0,0.3127,0.2104,0.1825113913358658,0.2232586355351292,0,0,0,0,0,0,0,0,0,0,0,0,0
3611,2013,0,36.98,22.55,0.82,0.67,0.541823699803124,18.5,7.71,32.08,57.36,0.20611238747280644,3.1641944734925316,1.144500184081902,0.6666666666666666,0.3333333333333333,32,JAWA,1.7433751743375174,0,,0.36979999999999996,0.2255,0.3208,0.5736,0,0,0,0,0,0,0,0,0,0,0,0,0
3610,2014,0,33.96,10.8,0.65,0.43,0.21711759082385013,18.49,5.71,42.12,87.89,0.11896502918928759,2.2889668958476204,1.1255588851914884,0.4,0.0,34,JAWA,1.1377858686995108,0,0.0,0.3396,0.10800000000000001,0.42119999999999996,0.8789,0,0,0,0,0,0,0,0,0,0,0,0,0
3609,2015,0,28.38,6.8,0.53,0.41,0.16175614516502182,17.27,7.87,48.35,112.55,0.08643818623010918,2.0129411818910583,1.0844996712332966,0.3333333333333333,0.0,36,JAWA,0.8884940026654821,0,0.0,0.2838,0.068,0.48350000000000004,1.1255,0,0,0,0,0,0,0,0,0,0,0,0,0
3608,2016,0,22.32,-1.78,0.47,0.35,0.048733289226697486,10.74,9.69,53.76,140.38,0.042011757910556884,1.7929740763757946,0.6437743580163834,0.5,0.25,37,JAWA,0.7123521869212138,0,0.0,0.2232,-0.0178,0.5376,1.4038,0,0,0,0,0,0,0,0,0,0,0,0,0
3607,2017,0,11.79,-38.15,0.29,0.22,0.009270769205504573,7.29,9.95,55.54,174.03,-0.0029093957562241245,1.6585718258167994,0.4564183181189717,0.3333333333333333,0.0,37,JAWA,0.5746135723725795,0,0.0,0.11789999999999999,-0.3815,0.5554,1.7403,0,0,0,0,0,0,0,0,0,0,0,0,0
3606,2018,0,11.07,-37.57,0.17,0.11,0.0053265938734576995,5.99,8.04,46.4,180.83,0.0005740337602148357,1.7108178087277872,0.8920061526907952,0.4,0.0,38,JAWA,0.5530055853564121,0,0.0,0.1107,-0.3757,0.46399999999999997,1.8083,0,0,0,0,0,0,0,0,0,0,0,0,0
3605,2019,0,2.07,-40.26,0.9,0.6,0.035476523958848545,5.62,8.16,66.93,341.85,-0.01948693172569948,1.2798216555952948,0.7561126022636674,0.8,0.25,40,JAWA,0.292525961679099,0,0.0,0.0207,-0.40259999999999996,0.6693000000000001,3.4185000000000003,0,0,0,0,0,0,0,0,0,0,0,0,0
3604,2020,0,2.63,-39.08,0.39,0.18,0.013953599133433518,7.52,6.97,73.89,661.0,-0.01575066612932439,1.146811313617007,0.8885657789982288,0.3333333333333333,0.0,37,JAWA,0.151285930408472,0,0.0,0.0263,-0.3908,0.7389,6.61,0,0,0,0,0,0,0,0,0,0,0,0,0
3603,2021,0,-5.23,-66.68,0.32,0.17,0.01624456163486959,18.55,5.57,74.14,1061.4,-0.02575437892875127,1.0892662993923885,1.5083891685514366,0.16666666666666666,0.0,38,JAWA,0.09421518748822309,0,0.0,-0.052300000000000006,-0.6668000000000001,0.7414000000000001,10.614,0,0,0,0,0,0,0,0,0,0,0,0,0
3602,2022,0,9.75,-21.14,0.38,0.12,0.02192820270111912,34.26,6.54,68.9,1099.79,0.007599634120650545,1.0809114382418015,4.566761334743748,0.3333333333333333,0.2,34,JAWA,0.09092644959492267,0,0.0,0.0975,-0.2114,0.6890000000000001,10.9979,0,0,0,0,0,0,0,0,0,0,0,0,0
3601,2023,0,2.81,-31.07,0.4,0.11,0.0030234654506320884,37.71,5.49,62.29,1888.46,-0.008223719635571853,1.042055272574038,3.3473452706568123,0.3333333333333333,0.25,34,JAWA,0.0529531999618737,0,0.0,0.0281,-0.3107,0.6229,18.8846,0,0,0,0,0,0,0,0,0,0,0,0,0
3635,2013,0,12.93,2.33,0.98,0.53,0.013405984650384778,4.06,3.24,58.69,492.77,0.11646903402842561,4.730858524486538,2.918319085048319,0.3333333333333333,0.16666666666666666,32,JECC,0.20293443188505794,0,,0.1293,0.0233,0.5869,4.9277,0,0,0,0,0,0,0,0,0,0,0,0,0
3634,2014,0,11.28,1.6,1.03,0.58,0.005725567964638738,3.02,3.09,51.97,322.25,0.10233230747822297,4.80750417718773,2.0735892622110814,0.42857142857142855,0.0,34,JECC,0.3103180760279286,0,0.0,0.1128,0.016,0.5196999999999999,3.2225,0,0,0,0,0,0,0,0,0,0,0,0,0
3633,2015,0,11.1,0.15,1.05,0.66,0.08202285940175201,3.53,4.08,48.42,178.86,0.1134854570674824,4.423414653663293,0.5550415390754777,0.5,0.0,36,JECC,0.5590965000559096,0,0.0,0.111,0.0015,0.4842,1.7886000000000002,0,0,0,0,0,0,0,0,0,0,0,0,0
3632,2016,0,17.11,6.5,1.14,0.75,0.16207111315593795,4.09,4.62,40.21,135.71,0.21356529935903126,4.7830611180395,1.1251474794712781,0.3333333333333333,0.14285714285714285,37,JECC,0.7368653746960431,0,0.0,0.1711,0.065,0.4021,1.3571,0,0,0,0,0,0,0,0,0,0,0,0,0
3631,2017,0,13.98,3.82,1.06,0.6,0.05018835763474821,4.13,3.93,41.47,146.08,0.12288442035990585,4.412536574037273,1.2983010740971357,0.42857142857142855,0.0,37,JECC,0.6845564074479736,0,0.0,0.1398,0.0382,0.4147,1.4608,0,0,0,0,0,0,0,0,0,0,0,0,0
3630,2018,0,10.53,2.76,1.12,0.65,0.07754639426227358,5.85,4.88,43.2,128.25,0.15167762390724998,8.053241117872455,1.4199871214562614,0.0,0.3333333333333333,38,JECC,0.7797270955165693,0,0.0,0.10529999999999999,0.0276,0.43200000000000005,1.2825,0,0,0,0,0,0,0,0,0,0,0,0,0
3629,2019,0,11.98,3.5,1.25,0.75,0.030762492738029498,5.01,4.59,37.93,94.74,0.1883770132072954,8.245567934257581,1.234784851806079,0.3333333333333333,0.0,40,JECC,1.055520371543171,0,0.0,0.1198,0.035,0.37929999999999997,0.9473999999999999,0,0,0,0,0,0,0,0,0,0,0,0,0
3628,2020,0,9.16,0.76,1.36,0.84,0.09318580596746306,3.05,3.29,23.04,47.45,0.06798236625007813,8.74356199512396,1.151919801306024,0.2777777777777778,0.0,37,JECC,2.107481559536354,0,0.0,0.0916,0.0076,0.2304,0.47450000000000003,0,0,0,0,0,0,0,0,0,0,0,0,0
3627,2021,0,1.88,-2.74,1.18,0.58,0.04924769188551205,3.85,3.6,34.48,86.02,-0.04878880456567246,11.842226261944527,1.3138677054404606,0.0,0.0,38,JECC,1.162520344106022,0,0.0,0.018799999999999997,-0.0274,0.3448,0.8602,0,0,0,0,0,0,0,0,0,0,0,0,0
3626,2022,0,7.96,2.05,1.16,0.75,0.10679302965252715,4.29,4.48,40.34,118.61,0.07815676893899587,13.419440216312315,0.9982612808785161,0.3333333333333333,0.0,34,JECC,0.8430992327796982,0,0.0,0.0796,0.020499999999999997,0.40340000000000004,1.1861,0,0,0,0,0,0,0,0,0,0,0,0,0
3625,2023,0,9.48,2.09,1.22,0.89,0.12125928721958673,3.42,5.57,34.24,93.38,0.11118188394610741,13.077826740346486,0.4634128512255518,0.3333333333333333,0.2,34,JECC,1.0708931248661384,0,0.0,0.09480000000000001,0.0209,0.34240000000000004,0.9338,0,0,0,0,0,0,0,0,0,0,0,0,0
3659,2013,0,13.39,4.56,1.6,1.43,0.43501522327634395,3.76,15.37,17.58,37.16,0.1733657121420976,19.788845571182627,5.549614045659427,0.5,0.0,32,JKON,2.691065662002153,0,,0.13390000000000002,0.045599999999999995,0.17579999999999998,0.3716,0,0,0,0,0,0,0,0,0,0,0,0,0
3658,2014,0,13.97,4.69,1.56,1.41,0.25114412834144895,3.17,14.31,18.89,41.13,0.1600450253335109,9.159774850255435,7.854040874453248,0.5,0.5,34,JKON,2.4313153415998054,0,0.0,0.13970000000000002,0.046900000000000004,0.1889,0.4113,0,0,0,0,0,0,0,0,0,0,0,0,0
3657,2015,0,16.48,5.08,1.65,1.49,0.3776716016991752,3.15,15.25,15.13,29.65,0.20735815013953923,7.363070412060236,7.047454615224204,0.5,0.25,36,JKON,3.3726812816188874,0,0.0,0.1648,0.0508,0.15130000000000002,0.2965,0,0,0,0,0,0,0,0,0,0,0,0,0
3656,2016,0,19.51,7.13,1.69,1.53,0.5201765137582721,3.5,15.67,11.25,20.49,0.2257928320739097,7.62567394962295,4.594468530665296,0.5,0.4,37,JKON,4.8804294777940465,0,0.0,0.19510000000000002,0.0713,0.1125,0.20489999999999997,0,0,0,0,0,0,0,0,0,0,0,0,0
3655,2017,0,16.69,6.89,1.7,1.5,0.3266304972245232,3.36,14.35,11.6,20.29,0.1649787730647373,7.273396077359434,3.665898940854257,0.375,0.2,37,JKON,4.928536224741252,0,0.0,0.16690000000000002,0.0689,0.11599999999999999,0.2029,0,0,0,0,0,0,0,0,0,0,0,0,0
3654,2018,0,16.77,5.2,1.3,1.1,0.08500109622533601,3.31,12.99,19.57,36.4,0.15402273868729308,9.962961328540123,2.298667894501942,0.3333333333333333,0.0,38,JKON,2.7472527472527473,0,0.0,0.1677,0.052000000000000005,0.1957,0.364,0,0,0,0,0,0,0,0,0,0,0,0,0
3653,2019,0,14.98,3.7,1.36,1.24,0.22493442691051224,3.15,15.08,18.07,33.02,0.13755061874118607,11.44910952921115,3.0171773329561424,0.6666666666666666,0.2,40,JKON,3.028467595396729,0,0.0,0.14980000000000002,0.037000000000000005,0.1807,0.33020000000000005,0,0,0,0,0,0,0,0,0,0,0,0,0
3652,2020,0,16.36,1.72,1.58,1.4,0.364692672270978,1.95,9.43,19.27,32.79,0.06797390904473949,11.56076099820906,2.4313246410496,0.2777777777777778,0.0,37,JKON,3.0497102775236353,0,0.0,0.1636,0.0172,0.19269999999999998,0.32789999999999997,0,0,0,0,0,0,0,0,0,0,0,0,0
3651,2021,0,13.4,-1.07,2.14,1.9,0.6026686696148615,2.67,10.59,4.12,6.45,0.06866812153376929,8.418333413383452,0.7629578170823917,0.6666666666666666,0.2,38,JKON,15.503875968992247,0,0.0,0.134,-0.010700000000000001,0.0412,0.0645,0,0,0,0,0,0,0,0,0,0,0,0,0
3650,2022,0,13.46,4.52,1.95,1.72,0.40122513705452606,3.29,14.19,3.93,5.92,0.14787810526609704,13.94464189474568,0.6780894471235807,0.5,0.0,34,JKON,16.89189189189189,0,0.0,0.1346,0.0452,0.0393,0.0592,0,0,0,0,0,0,0,0,0,0,0,0,0
3649,2023,0,15.5,5.32,1.95,1.66,0.4385593809164776,3.31,12.57,5.44,7.82,0.20321731841090573,21.73032803536251,0.4751693556170936,0.5,0.3333333333333333,34,JKON,12.78772378516624,0,0.0,0.155,0.053200000000000004,0.054400000000000004,0.0782,0,0,0,0,0,0,0,0,0,0,0,0,0
3683,2013,0,16.8,2.99,2.06,0.86,0.4035830414261365,19.41,3.83,51.03,145.14,0.17580441521662535,1.9876478631744765,2.4795591016357363,0.3333333333333333,0.2,32,JPFA,0.6889899407468651,0,,0.168,0.029900000000000003,0.5103,1.4513999999999998,0,0,0,0,0,0,0,0,0,0,0,0,0
3682,2014,0,13.84,1.6,1.77,0.58,0.158599053625707,19.09,3.82,45.94,139.79,0.12314699093919569,1.914634663178271,1.9552869536802944,0.375,0.0,34,JPFA,0.7153587524143359,0,0.0,0.1384,0.016,0.4594,1.3979,0,0,0,0,0,0,0,0,0,0,0,0,0
3681,2015,0,15.81,2.1,1.79,0.58,0.17047380092551942,19.5,3.44,39.79,111.76,0.16593497749365735,2.072420654423721,1.1079825378840702,0.5,0.16666666666666666,36,JPFA,0.8947745168217608,0,0.0,0.15810000000000002,0.021,0.3979,1.1176000000000001,0,0,0,0,0,0,0,0,0,0,0,0,0
3680,2016,0,20.1,8.02,2.07,0.87,0.5222917892947578,21.22,3.41,23.94,52.24,0.3223693544692747,2.781430186473832,1.98495907357518,0.3333333333333333,0.25,37,JPFA,1.9142419601837672,0,0.0,0.201,0.0802,0.2394,0.5224,0,0,0,0,0,0,0,0,0,0,0,0,0
3679,2017,0,16.81,3.52,2.35,0.81,0.3442830066839426,20.25,3.64,30.42,70.08,0.20241782524075222,2.3269324686099657,1.712492644111549,0.3333333333333333,0.4,37,JPFA,1.4269406392694064,0,0.0,0.1681,0.0352,0.3042,0.7008,0,0,0,0,0,0,0,0,0,0,0,0,0
3678,2018,0,21.57,5.76,1.73,0.54,0.1510633757291254,18.41,3.46,27.26,62.86,0.2601173913952517,2.689487092047481,2.341899787830343,0.4,0.0,38,JPFA,1.5908367801463568,0,0.0,0.2157,0.0576,0.2726,0.6286,0,0,0,0,0,0,0,0,0,0,0,0,0
3677,2019,0,20.05,4.61,1.66,0.49,0.1298692139637027,16.61,3.43,34.51,77.31,0.21338414774868053,2.696606576923993,1.5130347447257728,0.3333333333333333,0.25,40,JPFA,1.2934937265554263,0,0.0,0.2005,0.0461,0.34509999999999996,0.7731,0,0,0,0,0,0,0,0,0,0,0,0,0
3676,2020,0,19.86,3.31,1.96,0.63,0.22262823962465372,16.98,3.49,29.94,68.09,0.17197882500366235,2.337531825359515,1.5053871215460608,0.3333333333333333,0.6666666666666666,37,JPFA,1.46864444118079,0,0.0,0.1986,0.0331,0.2994,0.6809000000000001,0,0,0,0,0,0,0,0,0,0,0,0,0
3675,2021,0,17.53,4.75,2.0,0.54,0.15390790646765662,20.35,4.06,32.09,70.01,0.22486557388396652,2.555627714365091,1.5393540226197482,0.4,0.0,38,JPFA,1.42836737608913,0,0.0,0.1753,0.0475,0.3209,0.7001000000000001,0,0,0,0,0,0,0,0,0,0,0,0,0
3674,2022,0,15.48,3.04,1.81,0.48,0.19272324710702007,19.89,3.65,39.36,94.23,0.14965478766407633,2.418874192485819,1.1121320315447114,0.3333333333333333,0.0,34,JPFA,1.0612331529236974,0,0.0,0.1548,0.0304,0.3936,0.9423,0,0,0,0,0,0,0,0,0,0,0,0,0
3673,2023,0,14.45,1.85,1.61,0.41,0.14089304236534755,20.14,3.48,37.66,90.67,0.11645158445005543,2.530241062016987,0.9767171365248152,0.3333333333333333,0.3333333333333333,34,JPFA,1.1029006286533583,0,0.0,0.1445,0.018500000000000003,0.3766,0.9067000000000001,0,0,0,0,0,0,0,0,0,0,0,0,0
3707,2013,0,61.68,41.52,0.7,0.26,0.21047826511669657,70.51,0.4,0.17,0.4,0.16685514344379543,7.456801727289474,4.098898958456882,0.3333333333333333,0.16666666666666666,32,JRPT,250.0,0,,0.6168,0.4152,0.0017000000000000001,0.004,0,0,0,0,0,0,0,0,0,0,0,0,0
3706,2014,0,56.78,37.58,0.76,0.21,0.138627934019777,51.97,0.55,0.65,1.36,0.22894890672175872,8.478141023324975,4.457129916879127,0.4,0.5,34,JRPT,73.52941176470588,0,0.0,0.5678,0.37579999999999997,0.006500000000000001,0.013600000000000001,0,0,0,0,0,0,0,0,0,0,0,0,0
3705,2015,0,61.25,40.45,0.98,0.24,0.1644777852948736,36.8,0.43,1.11,2.03,0.27739556767227713,9.947349667230519,2.4737793635467216,0.5,0.5,36,JRPT,49.26108374384237,0,0.0,0.6125,0.4045,0.0111,0.0203,0,0,0,0,0,0,0,0,0,0,0,0,0
3704,2016,0,62.65,42.75,0.97,0.21,0.14571774759539477,36.07,0.39,0.97,1.68,0.3110308442975569,11.51961189690242,2.4521548773059476,0.3333333333333333,0.0,37,JRPT,59.523809523809526,0,0.0,0.6265,0.4275,0.0097,0.0168,0,0,0,0,0,0,0,0,0,0,0,0,0
3703,2017,0,64.02,46.45,1.11,0.3,0.2378057078141464,32.64,0.35,0.31,0.49,0.358483378158856,15.849344185733633,2.070611436362635,0.42857142857142855,0.09090909090909091,37,JRPT,204.08163265306123,0,0.0,0.6402,0.4645,0.0031,0.0049,0,0,0,0,0,0,0,0,0,0,0,0,0
3702,2018,0,61.21,45.04,1.13,0.34,0.2789835759848273,26.61,0.34,0.25,0.39,0.29029755085240555,19.195352012339836,1.5201658356395142,0.3333333333333333,0.4,38,JRPT,256.4102564102564,0,0.0,0.6121,0.45039999999999997,0.0025,0.0039000000000000003,0,0,0,0,0,0,0,0,0,0,0,0,0
3701,2019,0,60.1,42.8,1.15,0.3,0.2422271385768049,25.17,0.35,0.19,0.29,0.2852009914114223,20.65253661938953,1.1144886622890067,0.3333333333333333,0.4,40,JRPT,344.82758620689657,0,0.0,0.601,0.428,0.0019,0.0029,0,0,0,0,0,0,0,0,0,0,0,0,0
3700,2020,0,55.83,46.38,1.24,0.36,0.3133642781637708,34.4,0.34,0.16,0.24,0.24149545978384324,22.776818662604963,1.0424106182482287,0.8,0.0,37,JRPT,416.6666666666667,0,0.0,0.5583,0.46380000000000005,0.0016,0.0024,0,0,0,0,0,0,0,0,0,0,0,0,0
3699,2021,0,54.82,36.18,1.03,0.21,0.16906939287106504,70.56,0.35,0.14,0.2,0.23315174338736996,27.20570701433915,0.8778155337365006,0.3333333333333333,0.25,38,JRPT,500.0,0,0.0,0.5482,0.3618,0.0014000000000000002,0.002,0,0,0,0,0,0,0,0,0,0,0,0,0
3698,2022,0,59.96,38.95,1.01,0.22,0.1854255438605443,77.71,0.34,0.1,0.15,0.2663825330952449,38.5953028393197,0.7964508368513588,0.3333333333333333,0.125,34,JRPT,666.6666666666666,0,0.0,0.5996,0.3895,0.001,0.0015,0,0,0,0,0,0,0,0,0,0,0,0,0
3697,2023,0,60.85,40.91,0.87,0.13,0.09180173462745622,94.7,0.36,0.01,0.01,0.2814256412822999,39.56058414181294,1.038202059428086,0.375,0.08333333333333333,34,JRPT,10000.0,0,0.0,0.6085,0.40909999999999996,0.0001,0.0001,0,0,0,0,0,0,0,1,1,0,0,0,2
3731,2013,0,37.16,9.04,0.78,0.0,0.722741362284503,90.31,113.60077632768913,49.4,131.29,0.11583249220440323,1.835985961663386,3.043203753118393,0.6,0.2,32,JSMR,0.7616726331022926,0,,0.3716,0.0904,0.494,1.3129,0,0,0,1,0,0,0,0,0,0,0,0,1
3730,2014,0,51.09,13.25,0.82,0.0,0.764662844288691,80.93,47.14578162485856,50.86,146.84,0.13341356397333476,1.6682815885463662,4.344746219473103,0.4,0.16666666666666666,34,JSMR,0.6810133478616182,0,0.0,0.5109,0.1325,0.5085999999999999,1.4684,0,0,0,1,0,0,0,0,0,0,0,0,1
3729,2015,0,42.5,13.4,0.48,0.48,0.43004491950413937,92.07,45.946357443835176,50.65,150.38,0.13557377055731293,1.7445382292368528,2.872580395227612,0.5,0.0,36,JSMR,0.6649820454847719,0,0.0,0.425,0.134,0.5065,1.5038,0,0,0,0,0,0,0,0,0,0,0,0,0
3728,2016,0,29.16,10.82,0.7,0.69,0.22186091116967127,3.95,35.618836061629,51.2,167.65,0.10663084818723444,1.8815369018164887,1.9189858925838617,0.5,0.0,37,JSMR,0.5964807634953773,0,0.0,0.2916,0.1082,0.512,1.6765,0,0,0,0,0,0,0,0,0,0,0,0,0
3727,2017,0,15.14,5.97,0.76,0.75,0.2812381776334779,3.54,127.57037190896048,43.51,187.67,0.06325441967785261,1.5123270040838532,2.530054124303134,0.2,0.0,37,JSMR,0.5328502158043374,0,0.0,0.1514,0.059699999999999996,0.4351,1.8766999999999998,0,0,0,0,0,0,0,0,0,0,0,0,0
3726,2018,0,16.03,5.51,0.37,0.37,0.19583298411674477,4.42,272.1683819359588,42.08,171.72,0.06857679359759448,1.6486896663927153,1.5378833433693142,0.3125,0.16666666666666666,38,JSMR,0.5823433496389471,0,0.0,0.1603,0.055099999999999996,0.4208,1.7172,0,0,0,0,0,0,0,0,0,0,0,0,0
3725,2019,0,24.51,7.87,0.28,0.28,0.11398570697780162,4.6,222.9682541025923,44.78,192.54,0.05681404408117449,1.6630669249337726,1.6199391660485065,0.3333333333333333,0.0,40,JSMR,0.5193725979017347,0,0.0,0.2451,0.0787,0.44780000000000003,1.9254,0,0,0,0,0,0,0,0,0,0,0,0,0
3724,2020,0,40.82,-0.3,0.72,0.71,0.36309609813642685,2.56,143.7007392649295,63.09,265.05,0.05103803278008074,1.3848200214642699,1.3563313627532556,0.5,0.0,37,JSMR,0.3772873042822109,0,0.0,0.4082,-0.003,0.6309,2.6505,0,0,0,0,0,0,0,0,0,0,0,0,0
3723,2021,0,46.34,5.74,0.86,0.85,0.6298333450274554,4.7,96.49903625341128,62.67,248.8,0.06385062011825873,1.4001431176563464,1.1071674592255036,0.4,0.6666666666666666,38,JSMR,0.40192926045016075,0,0.0,0.46340000000000003,0.0574,0.6267,2.488,0,0,0,0,0,0,0,0,0,0,0,0,0
3722,2022,0,49.16,14.01,1.02,1.01,0.8913065713315372,10.18,107.38448437752955,58.06,206.53,0.07638195321994438,1.4800277771506614,0.8441562702162635,0.3333333333333333,0.0,34,JSMR,0.4841911586694427,0,0.0,0.4916,0.1401,0.5806,2.0653,0,0,0,0,0,0,0,0,0,0,0,0,0
3721,2023,0,45.71,31.66,0.35,0.34,0.2541389323585305,17.11,92.34189963008845,54.37,180.68,0.07699316055702747,1.5757831429061009,0.9083715561013452,0.5,0.0,34,JSMR,0.5534646889528448,0,0.0,0.4571,0.3166,0.5437,1.8068,0,0,0,0,0,0,0,0,0,0,0,0,0
3755,2013,0,64.6,16.41,1.49,1.27,1.049160590111849,7.14,1.94,20.08,33.82,0.20874446820696355,6.365226182260282,0.8541529978845235,0.25,0.0,32,JSPT,2.9568302779420463,0,,0.6459999999999999,0.1641,0.20079999999999998,0.3382,0,0,0,0,0,0,0,0,0,0,0,0,0
3754,2014,0,64.6,23.74,2.38,2.06,1.7759851679843064,9.33,2.25,18.64,28.89,0.2980321813010209,4.558757995840478,0.7535706256882827,0.3333333333333333,0.14285714285714285,34,JSPT,3.4614053305642094,0,0.0,0.6459999999999999,0.23739999999999997,0.1864,0.2889,0,0,0,0,0,0,0,0,0,0,0,0,0
3753,2015,0,69.06,18.57,2.82,2.24,1.875872421169396,8.57,1.38,17.56,26.1,0.23883067310281378,4.729983672666157,0.8776022822471473,0.6,0.4,36,JSPT,3.8314176245210727,0,0.0,0.6906,0.1857,0.17559999999999998,0.261,0,0,0,0,0,0,0,0,0,0,0,0,0
3752,2016,0,69.75,15.71,2.17,1.61,1.3181832675169574,8.33,1.0,14.81,21.73,0.18856239889718426,5.214733301435029,2.239073605162873,0.3333333333333333,0.0,37,JSPT,4.601932811780948,0,0.0,0.6975,0.15710000000000002,0.1481,0.2173,0,0,0,0,0,0,0,0,0,0,0,0,0
3751,2017,0,69.3,15.97,1.69,1.14,0.9370250486318868,10.9,1.0,15.69,23.22,0.18742914347331488,5.00861829620471,2.0820044354424256,0.3333333333333333,0.0,37,JSPT,4.306632213608958,0,0.0,0.693,0.1597,0.15689999999999998,0.2322,0,0,0,0,0,0,0,0,0,0,0,0,0
3750,2018,0,74.06,30.4,2.01,1.36,1.0744615152738268,14.76,1.0,21.02,32.79,0.3000148551412008,3.891421985401245,0.6948728258524324,0.3333333333333333,0.16666666666666666,38,JSPT,3.0497102775236353,0,0.0,0.7406,0.304,0.2102,0.32789999999999997,0,0,0,0,0,0,0,0,0,0,0,0,0
3749,2019,0,67.96,11.08,1.75,1.1,0.8669815447272476,10.87,0.84,25.47,43.1,0.0780046935071151,3.2549952037867613,0.7180193559823077,0.3333333333333333,0.0,40,JSPT,2.320185614849188,0,0.0,0.6796,0.1108,0.2547,0.431,0,0,0,0,0,0,0,0,0,0,0,0,0
3748,2020,0,59.9,-39.96,1.74,0.98,0.8105832303095977,5.94,0.45,33.43,63.74,-0.05875160567039891,2.4751428606466983,0.6501234370997119,0.4,0.15384615384615385,37,JSPT,1.5688735487919674,0,0.0,0.599,-0.3996,0.3343,0.6374,0,0,0,0,0,0,0,0,0,0,0,0,0
3747,2021,0,60.12,-60.31,1.67,1.0,0.8599641184837182,7.14,0.43,39.5,82.87,-0.07490374177654134,2.217039416308795,0.6463209696298245,0.5,0.0,38,JSPT,1.2067093037287318,0,0.0,0.6012,-0.6031,0.395,0.8287,0,0,0,0,0,0,0,0,0,0,0,0,0
3746,2022,0,67.21,-3.79,2.12,1.56,1.3875379238188021,16.18,0.95,44.77,100.82,0.06871185443778213,2.040640490794953,0.721051183626519,0.5,0.2,34,JSPT,0.9918666931164452,0,0.0,0.6720999999999999,-0.0379,0.44770000000000004,1.0082,0,0,0,0,0,0,0,0,0,0,0,0,0
3745,2023,0,67.95,13.22,2.01,1.58,1.4281570547535838,17.33,1.37,47.2,112.25,0.11859372874134867,1.9678448678842866,1.1383593302312307,0.4,0.0,34,JSPT,0.8908685968819599,0,0.0,0.6795,0.1322,0.47200000000000003,1.1225,0,0,0,0,0,0,0,0,0,0,0,0,0
3779,2013,0,23.49,6.83,1.3,0.92,0.4635722501025438,9.82,5.73,11.62,27.61,0.26824259548668855,4.990783589537558,2.2303752777445625,0.4,0.0,32,JTPE,3.621876131836291,0,,0.2349,0.0683,0.1162,0.2761,0,0,0,0,0,0,0,0,0,0,0,0,0
3778,2014,0,17.81,6.46,1.38,0.86,0.3335980698573389,14.72,5.4,18.19,42.1,0.21330276627961567,4.60593925662718,2.349747090169159,0.3333333333333333,0.25,34,JTPE,2.375296912114014,0,0.0,0.17809999999999998,0.0646,0.1819,0.42100000000000004,0,0,0,0,0,0,0,0,0,0,0,0,0
3777,2015,0,20.1,6.63,1.13,0.58,0.08797237827587213,11.04,3.89,25.68,64.92,0.21470522346610485,5.686955217589053,1.1329105325445403,0.5,0.14285714285714285,36,JTPE,1.5403573629081948,0,0.0,0.201,0.0663,0.2568,0.6492,0,0,0,0,0,0,0,0,0,0,0,0,0
3776,2016,0,20.76,7.13,1.11,0.66,0.2893297621844077,9.04,3.93,26.68,50.71,0.2548180498478491,9.991642229456788,0.9529692402780677,0.5714285714285714,0.3333333333333333,37,JTPE,1.9719976336028398,0,0.0,0.2076,0.0713,0.2668,0.5071,0,0,0,0,0,0,0,0,0,0,0,0,0
3775,2017,0,20.99,6.64,1.21,0.69,0.2814175203467625,8.28,4.98,21.75,37.66,0.3391836255854359,11.748360282950898,0.8004456498339376,0.5,0.14285714285714285,37,JTPE,2.655337227827934,0,0.0,0.20989999999999998,0.0664,0.2175,0.3766,0,0,0,0,0,0,0,0,0,0,0,0,0
3774,2018,0,21.88,9.49,1.44,0.83,0.3792632454567532,8.14,4.53,16.11,27.06,0.38067644222160063,16.30185747742045,1.3123573592916757,0.0,0.0,38,JTPE,3.695491500369549,0,0.0,0.2188,0.0949,0.1611,0.2706,0,0,0,0,0,0,0,0,0,0,0,0,0
3773,2019,0,26.41,12.69,1.67,1.08,0.2160411746287969,6.68,4.55,12.12,18.74,0.6297249304964663,26.56259270159816,2.250850323724665,0.3333333333333333,0.0,40,JTPE,5.3361792956243335,0,0.0,0.2641,0.12689999999999999,0.12119999999999999,0.18739999999999998,0,0,0,0,0,0,0,0,0,0,0,0,0
3772,2020,0,22.45,7.58,2.08,0.87,0.13846966763414537,4.81,2.93,3.03,4.08,0.4175747793234994,33.48616342842666,2.24572568197501,0.5,0.0,37,JTPE,24.509803921568626,0,0.0,0.2245,0.0758,0.030299999999999997,0.0408,0,0,0,0,0,0,0,0,0,0,0,0,0
3771,2021,0,23.32,8.97,2.35,1.52,0.7286255721584334,6.76,3.33,3.82,5.09,0.449114393815494,16.322757922956768,1.9841352320151222,0.5,0.4,38,JTPE,19.646365422396855,0,0.0,0.2332,0.0897,0.0382,0.0509,0,0,0,0,0,0,0,0,0,0,0,0,0
3770,2022,0,22.92,10.09,1.73,0.93,0.4296768968813972,7.67,3.71,6.22,9.52,0.36402488961726986,20.14161724579894,1.7698861809051465,0.5,0.0,34,JTPE,10.504201680672269,0,0.0,0.22920000000000001,0.1009,0.0622,0.09519999999999999,0,0,0,0,0,0,0,0,0,0,0,0,0
3769,2023,0,20.01,9.82,1.59,0.95,0.6091572211592231,12.35,4.51,1.58,2.61,0.44182707412885636,22.466642476932826,1.9448838419602321,0.5,0.0,34,JTPE,38.31417624521073,0,0.0,0.20010000000000003,0.09820000000000001,0.0158,0.026099999999999998,0,0,0,0,0,0,0,0,0,0,0,0,0
3803,2013,0,29.72,4.96,2.43,1.57,0.5282638805617847,8.54,5.22,2.06,3.14,0.3140570380389583,17.00953371677881,2.017330341846507,0.3333333333333333,0.3333333333333333,32,KAEF,31.847133757961778,0,,0.29719999999999996,0.0496,0.0206,0.031400000000000004,0,0,0,0,0,0,0,0,0,0,0,0,0
3802,2014,0,30.65,5.7,2.39,1.58,0.6707445395702072,8.38,4.72,11.21,19.64,0.26063136241210094,4.950977952193871,4.750750308406845,0.4,0.0,34,KAEF,5.091649694501018,0,0.0,0.3065,0.057,0.1121,0.19640000000000002,0,0,0,0,0,0,0,0,0,0,0,0,0
3801,2015,0,31.62,5.46,1.92,1.24,0.4219147413874233,8.83,4.65,9.45,15.79,0.27290840746327005,8.198421785160267,2.349545281739671,0.5,0.0,36,KAEF,6.3331222292590255,0,0.0,0.31620000000000004,0.0546,0.09449999999999999,0.15789999999999998,0,0,0,0,0,0,0,0,0,0,0,0,0
3800,2016,0,32.07,4.67,1.71,1.14,0.38184209703729344,8.88,4.62,17.83,36.21,0.17979979188469003,4.521855284626724,6.724245037770057,0.5,0.0,37,KAEF,2.7616680475006903,0,0.0,0.3207,0.0467,0.1783,0.36210000000000003,0,0,0,0,0,0,0,0,0,0,0,0,0
3799,2017,0,35.93,5.41,1.73,1.2,0.44501916506691713,5.91,3.39,30.97,68.8,0.12085623780257551,3.2673436210068107,4.580393147491772,0.3333333333333333,0.0,37,KAEF,1.4534883720930234,0,0.0,0.3593,0.0541,0.3097,0.688,0,0,0,0,0,0,0,0,0,0,0,0,0
3798,2018,0,39.49,6.33,1.34,0.9,0.4358899543314569,6.13,2.94,42.99,117.46,0.12702763822945773,2.7013846827046,3.4827547554096805,0.42857142857142855,0.0,38,KAEF,0.8513536523071685,0,0.0,0.39490000000000003,0.0633,0.4299,1.1745999999999999,0,0,0,0,0,0,0,0,0,0,0,0,0
3797,2019,0,37.13,0.17,0.99,0.61,0.18401548604703244,5.02,2.38,45.21,111.92,0.0435134132945692,3.089437363214262,0.9365396638985953,0.0,0.25,40,KAEF,0.8934953538241601,0,0.0,0.3713,0.0017000000000000001,0.4521,1.1192,0,0,0,0,0,0,0,0,0,0,0,0,0
3796,2020,0,36.45,0.2,0.9,0.54,0.18417633257660995,4.9,2.4,44.19,109.22,0.06155745922040622,2.93604347410639,3.3219236473610816,0.3333333333333333,0.42857142857142855,37,KAEF,0.9155832265152902,0,0.0,0.36450000000000005,0.002,0.44189999999999996,1.0922,0,0,0,0,0,0,0,0,0,0,0,0,0
3795,2021,0,34.01,2.25,0.89,0.52,0.112697858097817,6.51,3.47,46.59,136.28,0.08413546719841779,2.2535511737876672,2.2916026425098854,0.4,0.1111111111111111,38,KAEF,0.7337833871441151,0,0.0,0.34009999999999996,0.0225,0.46590000000000004,1.3628,0,0,0,0,0,0,0,0,0,0,0,0,0
3794,2022,0,40.72,-1.2,0.94,0.6,0.2521008074256606,4.07,2.04,40.98,101.39,0.03956486690925854,3.5787865051116916,0.7530018679645535,0.3333333333333333,0.16666666666666666,34,KAEF,0.9862905611993293,0,0.0,0.4072,-0.012,0.40979999999999994,1.0139,0,0,0,0,0,0,0,0,0,0,0,0,0
3793,2023,0,29.36,-18.08,0.63,0.36,0.088490487490942,4.48,2.6,43.79,120.47,-0.14054865488714693,4.585652137811732,1.2580172467386381,0.75,0.0,34,KAEF,0.8300821781356356,0,0.0,0.29359999999999997,-0.1808,0.4379,1.2046999999999999,0,0,0,0,0,0,0,0,0,0,0,0,0
3827,2013,1,-123.45,-178.86,0.03,0.03,0.005427022038168333,1.56,568.77,112.51788867791792,-898.8567606964283,-0.07513596583383494,-32.00371950604962,-1.2947432021226528,0.3333333333333333,0.0,32,KARW,-0.11125243128006364,1,,-1.2345,-1.7886000000000002,1.1251788867791792,-8.988567606964283,1,0,1,0,0,0,1,0,0,0,1,0,4
3826,2014,1,-26.44,-114.33,0.07,0.07,0.024167766288518144,1.95,57.38,118.35029757009134,-644.9502909587004,-0.036203581125793506,-39.73949253027402,-2.338124037929677,0.5,0.0,34,KARW,-0.15505070918156005,1,1.0,-0.2644,-1.1433,1.1835029757009135,-6.449502909587004,0,0,0,0,0,0,0,0,0,0,1,0,1
3825,2015,1,2.79,-936.6,0.04,0.03,0.005873025640733325,1.68,25.53,271.10706011940937,-158.4429420593487,-0.017742926509175697,-180.2959355622368,-0.10267147898949505,0.75,0.0,36,KARW,-0.6311420294287551,1,1.0,0.0279,-9.366,2.7110706011940935,-1.584429420593487,0,1,0,0,0,0,0,1,0,0,1,0,3
3824,2016,1,44.62,30.58,0.07,0.07,0.014537437531848297,3.15,24.14,249.14784424101785,-167.04756646593123,0.03812307061329581,-136.37195453098374,-0.29235960592026644,0.25,0.3333333333333333,37,KARW,-0.5986318874055233,1,1.0,0.4462,0.30579999999999996,2.4914784424101786,-1.6704756646593122,0,0,0,0,0,0,0,1,0,0,1,0,2
3823,2017,1,49.38,30.63,0.1,0.1,0.03538799915002449,2.32,18.33,234.29275468892294,-174.46418105849492,0.039437042129421646,-1649.6414152661291,-0.11537358278280803,0.5,0.0,37,KARW,-0.5731835577554552,1,1.0,0.4938,0.3063,2.3429275468892294,-1.744641810584949,0,0,0,0,0,0,0,0,0,0,1,0,1
3822,2018,1,36.71,11.5,0.11,0.1,0.019123410879241735,1.5,18.64,234.02299784583315,-174.61405998387033,0.01527044953002846,-962.6001114431442,-0.10139222108261395,0.3333333333333333,0.0,38,KARW,-0.5726915691052445,1,1.0,0.3671,0.115,2.3402299784583316,-1.7461405998387034,0,0,0,0,0,0,0,0,0,0,1,0,1
3821,2019,1,3.8,-16.38,0.06,0.06,0.03976482385962717,1.19,16.17,262.4395218936398,-161.5613730170154,-0.011019008746403559,-782.9079269136713,-0.07944703947526358,0.3333333333333333,0.0,40,KARW,-0.6189598301412562,1,1.0,0.038,-0.1638,2.6243952189363977,-1.615613730170154,0,0,0,0,0,0,0,1,0,0,1,0,2
3820,2020,1,28.08,1.53,0.09,0.08,0.04827391934020687,3.34,13.35,262.6520416054567,-161.48093747422422,0.0023697127034704698,-362.9646556257983,-0.09249421526399179,0.5,0.0,37,KARW,-0.619268141268762,1,1.0,0.2808,0.015300000000000001,2.626520416054567,-1.6148093747422423,0,0,0,0,0,0,0,1,0,0,1,0,2
3819,2021,1,-16.96,-20.05,0.08,0.07,0.04666075494886217,1.87,12.04,291.48045302916444,-152.22465187335283,-0.007149527499682792,-291.3369353335028,-0.16348238412564906,0.5,0.5,38,KARW,-0.6569238212690908,1,1.0,-0.1696,-0.2005,2.9148045302916445,-1.5222465187335283,0,0,0,0,0,0,0,1,0,0,1,0,2
3818,2022,1,42.58,13.39,0.06,0.06,0.016695655099635512,4.59,14.51,325.293589142246,-144.38652710312795,0.03148621221543722,-227.703641060847,-0.09731318407849561,0.5,0.3333333333333333,34,KARW,-0.6925853956482733,1,1.0,0.42579999999999996,0.13390000000000002,3.2529358914224598,-1.4438652710312794,0,0,0,0,0,0,0,1,0,0,1,0,2
3817,2023,1,38.81,17.72,0.05,0.04,0.005103302012647289,4.15,15.58,360.0159080965616,-138.45918533679222,0.03698336672853623,-171.1035594041811,-0.05898388649433656,0.3333333333333333,0.0,34,KARW,-0.7222344964457001,1,1.0,0.3881,0.1772,3.600159080965616,-1.3845918533679222,0,0,0,0,0,0,0,1,0,0,1,0,2
3851,2013,0,10.76,2.86,2.55,1.72,0.20542801140526967,6.24,7.67,8.42,12.7,0.38924607688740515,10.76969000518977,0.6417724888662413,0.4,0.25,32,KBLI,7.874015748031496,0,,0.1076,0.0286,0.0842,0.127,0,0,0,0,0,0,0,0,0,0,0,0,0
3850,2014,0,8.87,3.02,3.33,2.29,0.2070248664531527,4.95,7.71,2.79,4.04,0.28183394720586646,6.858001467764423,0.601104118715247,0.375,0.1,34,KBLI,24.752475247524753,0,0.0,0.08869999999999999,0.0302,0.0279,0.0404,0,0,0,0,0,0,0,0,0,0,0,0,0
3849,2015,0,10.72,4.33,2.85,1.98,0.17934562063744203,5.21,8.49,7.81,11.8,0.3136070345905247,6.500850667428114,0.46416064613886654,0.5,0.0,36,KBLI,8.47457627118644,0,0.0,0.1072,0.0433,0.0781,0.11800000000000001,0,0,0,0,0,0,0,0,0,0,0,0,0
3848,2016,0,18.99,11.89,3.41,2.52,0.8406006990107945,5.18,7.41,2.97,4.2,0.7177084443004593,7.9050053570251615,0.8370230227941986,0.3333333333333333,0.125,37,KBLI,23.809523809523807,0,0.0,0.18989999999999999,0.1189,0.0297,0.042,0,0,0,0,0,0,0,0,0,0,0,0,0
3847,2017,0,16.15,11.26,1.97,1.1,0.15943402147277638,5.0,4.7,7.19,12.13,0.2738210424621597,7.08722288388418,0.9556956133102266,0.3333333333333333,0.0,37,KBLI,8.244023083264633,0,0.0,0.16149999999999998,0.11259999999999999,0.0719,0.1213,0,0,0,0,0,0,0,0,0,0,0,0,0
3846,2018,0,12.89,5.56,2.46,1.52,0.10579991639603596,4.57,4.47,5.38,8.6,0.29868780161341607,7.122608875675803,0.5958623669815427,0.5,0.14285714285714285,38,KBLI,11.627906976744187,0,0.0,0.12890000000000001,0.0556,0.0538,0.086,0,0,0,0,0,0,0,0,0,0,0,0,0
3845,2019,0,17.01,8.78,2.91,2.09,0.06655352200163363,3.29,4.8,6.97,10.4,0.4871537977744266,9.084388339829374,0.8830359699137283,0.3333333333333333,0.0,40,KBLI,9.615384615384615,0,0.0,0.17010000000000003,0.08779999999999999,0.0697,0.10400000000000001,0,0,0,0,0,0,0,0,0,0,0,0,0
3844,2020,0,4.54,-3.74,5.29,4.08,1.5037791343831868,1.69,2.9,5.44,6.97,-0.06767117323211114,13.61729004469112,0.6547529382700307,0.0,0.0,37,KBLI,14.347202295552368,0,0.0,0.0454,-0.0374,0.054400000000000004,0.0697,0,0,0,0,0,0,0,0,0,0,0,0,0
3843,2021,0,9.99,5.3,11.76,8.16,4.574216974152672,2.93,2.78,0.99,1.1,0.3775624556071726,22.370537345233668,0.457412468588334,0.5,0.0,38,KBLI,90.9090909090909,0,0.0,0.0999,0.053,0.009899999999999999,0.011000000000000001,0,0,0,0,0,0,0,0,0,0,0,0,0
3842,2022,0,8.85,2.7,10.42,7.04,2.9655443219544857,3.64,3.37,1.81,2.03,0.253148942309003,22.764736269601826,0.5043157957017432,0.3333333333333333,0.2857142857142857,34,KBLI,49.26108374384237,0,0.0,0.0885,0.027000000000000003,0.0181,0.0203,0,0,0,0,0,0,0,0,0,0,0,0,0
3841,2023,0,11.89,4.14,7.99,5.5,2.7384038986106876,3.88,3.71,3.38,3.87,0.40933116376528345,25.10775616776608,0.521933957144582,0.6666666666666666,0.0,34,KBLI,25.839793281653748,0,0.0,0.1189,0.0414,0.0338,0.0387,0,0,0,0,0,0,0,0,0,0,0,0,0
3875,2013,0,8.98,0.74,0.96,0.68,0.05045255218810737,4.43,6.66,58.78561783689831,142.63374761814998,0.16498403525122843,17.929181479105743,0.656223652875052,0.3333333333333333,0.2,32,KBLM,0.7010963511083903,0,,0.0898,0.0074,0.5878561783689831,1.4263374761814998,0,0,0,0,0,0,0,0,0,0,0,0,0
3874,2014,0,8.51,2.23,1.04,0.78,0.10313446549814476,4.15,8.72,55.18152184732635,123.12225698371797,0.13822196081828309,20.735993278788857,0.5980270485370094,0.3333333333333333,0.0,34,KBLM,0.8122008355745483,0,0.0,0.0851,0.0223,0.5518152184732635,1.2312225698371797,0,0,0,0,0,0,0,0,0,0,0,0,0
3873,2015,0,10.08,1.32,1.06,0.66,0.022773179653429308,4.72,7.61,54.69409367123818,120.72177360829347,0.16123765441936858,20.419811374531463,0.4986586069811713,1.0,0.0,36,KBLM,0.8283509843424806,0,0.0,0.1008,0.0132,0.5469409367123818,1.2072177360829348,0,0,0,0,0,0,0,0,0,0,0,0,0
3872,2016,0,10.4,2.01,1.3,0.8,0.23022663172524602,6.15,6.09,49.82637947131918,99.3079210705768,0.21235270196391198,22.134929658716814,0.838283412320223,0.3333333333333333,0.0,37,KBLM,1.0069690204161192,0,0.0,0.10400000000000001,0.020099999999999996,0.49826379471319177,0.993079210705768,0,0,0,0,0,0,0,0,0,0,0,0,0
3871,2017,0,8.71,3.62,1.26,0.92,0.29189821284758033,6.8,7.36,35.927030791759066,56.072055401387885,0.12590429702739178,85.67368073374102,0.39919352215931075,0.3333333333333333,0.125,37,KBLM,1.7834195533614203,0,0.0,0.08710000000000001,0.0362,0.3592703079175907,0.5607205540138789,0,0,0,0,0,0,0,0,0,0,0,0,0
3870,2018,0,9.77,3.27,1.3,0.84,0.0882299052843012,4.77,6.21,36.73000964379469,58.05281372330644,0.14740627359523936,62.774886447341224,0.340851841612223,0.42857142857142855,0.0,38,KBLM,1.7225693913239737,0,0.0,0.0977,0.0327,0.36730009643794687,0.5805281372330644,0,0,0,0,0,0,0,0,0,0,0,0,0
3869,2019,0,9.25,3.36,1.36,0.63,0.07627342974361107,4.76,3.98,33.945628187453295,51.39043375325157,0.1367233982996853,62.92795163021067,0.40130734711511085,0.3333333333333333,0.3333333333333333,40,KBLM,1.9458874482388038,0,0.0,0.0925,0.0336,0.339456281874533,0.5139043375325157,0,0,0,0,0,0,0,0,0,0,0,0,0
3868,2020,0,5.69,0.74,1.91,0.89,0.09625805594031889,5.84,3.46,18.032403557400702,21.999429457503407,0.036078174248579384,50.279143477558904,0.28744808053926924,0.3333333333333333,0.0,37,KBLM,4.545572429192827,0,0.0,0.056900000000000006,0.0074,0.18032403557400703,0.21999429457503406,0,0,0,0,0,0,0,0,0,0,0,0,0
3867,2021,0,1.98,-1.07,1.55,0.85,0.23605723910025686,9.07,6.68,18.952318512780515,23.38415876309692,-0.0681486281660713,71.81020821496624,0.20859867857301376,0.0,0.0,38,KBLM,4.2763992929184305,0,0.0,0.019799999999999998,-0.010700000000000001,0.18952318512780514,0.2338415876309692,0,0,0,0,0,0,0,0,0,0,0,0,0
3866,2022,0,4.53,2.01,1.78,1.03,0.04708307060559827,7.73,7.81,17.496061888622553,21.206335466076144,0.1048614338084487,77.54529206173935,0.21956348506548717,0.3333333333333333,0.3333333333333333,34,KBLM,4.715571917645573,0,0.0,0.0453,0.020099999999999996,0.17496061888622552,0.21206335466076143,0,0,0,0,0,0,0,0,0,0,0,0,0
3865,2023,0,5.47,1.87,1.78,1.25,0.17645960155791715,5.96,8.9,20.826623342335232,26.30508413502029,0.14085562616617867,62.28861093687909,0.23201439659331266,0.3,0.25,34,KBLM,3.8015464800155776,0,0.0,0.0547,0.0187,0.20826623342335232,0.2630508413502029,0,0,0,0,0,0,0,0,0,0,0,0,0
3899,2013,0,52.33,1.14,0.76,0.76,0.26133866929978516,4.94,8.741793209307426,53.518926688113325,115.14133145980267,0.06383408697474544,3.031468006776134,0.41467353128793466,0.3333333333333333,0.2,32,KBLV,0.8684978602571682,0,,0.5233,0.011399999999999999,0.5351892668811332,1.1514133145980268,0,0,0,0,0,0,0,0,0,0,0,0,0
3898,2014,0,51.43,389.44,1.01,1.01,0.36617505296465935,5.67,3.1343856754342925,27.691282838887687,38.295912202657746,0.11064808618843683,5.4225247160067545,0.4817970000521068,0.4,0.0,34,KBLV,2.6112447582084224,0,0.0,0.5143,3.8944,0.2769128283888769,0.38295912202657745,0,1,0,0,0,0,0,0,0,0,0,0,1
3897,2015,0,-104.17,-142.4,0.39,0.39,0.11065474388605127,10.0,1.646045545063474,38.26955653695146,61.994624353961406,-0.3336019683213985,4.9818526250822055,0.38591482274911215,0.3333333333333333,0.0,36,KBLV,1.6130430830428943,0,0.0,-1.0417,-1.4240000000000002,0.3826955653695146,0.619946243539614,0,0,0,0,0,0,0,0,0,0,0,0,0
3896,2016,0,-75.33,-121.33,0.24,0.24,0.0683543312296516,13.39,2.355492578375381,43.35436463473636,76.5361079546161,-0.3088179528095124,6.063708342164518,0.2924052667480034,0.4,0.0,37,KBLV,1.306572840877895,0,0.0,-0.7533,-1.2133,0.43354364634736364,0.765361079546161,0,0,0,0,0,0,0,0,0,0,0,0,0
3895,2017,0,-104.68,-152.16,0.19,0.19,0.03819258297075295,10.6,1.8074966562352244,53.08305829377343,113.1426226077488,-0.2357067326616036,4.271672916403497,0.13146093408493037,0.3333333333333333,0.0,37,KBLV,0.8838402159607647,0,0.0,-1.0468000000000002,-1.5216,0.5308305829377343,1.131426226077488,0,0,0,0,0,0,0,0,0,0,0,0,0
3894,2018,0,-110.27,-427.01,0.06,0.06,0.02023563888202409,10.82,18.279130725758478,81.95474318985355,454.16224358620474,-0.3491806486981911,1.765875223410726,0.9617873726507725,0.4,0.2,38,KBLV,0.2201856306027759,0,0.0,-1.1027,-4.2701,0.8195474318985354,4.541622435862047,0,0,0,0,0,0,0,0,0,0,0,0,0
3893,2019,0,-26.64,-102.85,0.08,0.08,0.05484732465171923,2.73,12.511762340404141,86.81801297512925,658.6109727716151,-0.02680889307877627,1.4379048893478015,0.5047407340064562,0.3333333333333333,0.0,40,KBLV,0.1518347008085405,0,0.0,-0.2664,-1.0285,0.8681801297512926,6.586109727716152,0,0,0,0,0,0,0,0,0,0,0,0,0
3892,2020,0,19.32,-11.38,0.03,0.03,0.019588075109738253,3.19,16.69589453194125,85.98524957512413,613.533933665363,0.005878463286495995,2.219106272368868,0.7715193777954918,0.5,0.0,37,KBLV,0.16299016975733008,0,0.0,0.1932,-0.11380000000000001,0.8598524957512413,6.1353393366536295,0,0,1,0,0,0,0,0,0,0,0,0,1
3891,2021,0,15.76,-833.9,0.03,0.03,0.024248732050148557,5.32,32.032074277273686,99.33717495030776,149.869373519347,0.15919606220210195,1.2019724075600096,32.6742467422348,0.4,0.0,38,KBLV,0.6672477348221567,0,0.0,0.1576,-8.339,0.9933717495030776,1.49869373519347,0,1,1,0,0,0,0,0,0,0,0,0,2
3890,2022,0,42.24,-200.24,0.35,0.35,0.32486969277571787,4.86,16.8219719659758,131.9612301253255,-412.87907132448504,-0.06415134384915218,-15.31222646055009,-0.42454664740951514,0.4,0.5,34,KBLV,-0.2422016685883533,1,0.0,0.4224,-2.0024,1.319612301253255,-4.12879071324485,0,0,0,0,0,0,0,0,0,0,1,0,1
3889,2023,1,2.05,-68.82,0.22,0.22,0.20322316530490617,5.06,13.509460906818994,156.9606924119307,-275.5596636305188,-0.05806634881026646,-20.857792522458716,-0.21391640781815174,0.5,0.2857142857142857,34,KBLV,-0.3628978156036797,1,1.0,0.020499999999999997,-0.6881999999999999,1.569606924119307,-2.755596636305188,0,0,0,0,0,0,0,0,0,0,1,0,1
3923,2013,0,13.03,2.6,1.44,0.99,0.26625056834929967,6.21,8.02,30.03,72.53,0.10397408664636217,3.217892509509221,0.39693600057815154,0.3333333333333333,0.0,32,KDSI,1.3787398317937405,0,,0.1303,0.026000000000000002,0.3003,0.7253000000000001,0,0,0,0,0,0,0,0,0,0,0,0,0
3922,2014,0,14.22,2.81,1.37,0.91,0.16711051037368901,6.1,8.21,32.5,83.91,0.1478673063254653,3.0485111111698884,0.39625549638810154,0.5,0.0,34,KDSI,1.1917530687641522,0,0.0,0.1422,0.0281,0.325,0.8391,0,0,0,0,0,0,0,0,0,0,0,0,0
3921,2015,0,12.93,0.67,1.16,0.72,0.17803090558030124,5.46,6.44,38.38,119.24,0.06328628977776721,3.2836630230669854,0.20414529938356096,0.2,0.0,36,KDSI,0.8386447500838645,0,0.0,0.1293,0.0067,0.38380000000000003,1.1924,0,0,0,0,0,0,0,0,0,0,0,0,0
3920,2016,0,13.7,2.36,1.23,0.77,0.10458131481516832,5.59,6.36,28.71,78.11,0.14273335010338029,3.8655764069001926,0.3376734306015272,0.3333333333333333,0.0,37,KDSI,1.2802458071949814,0,0.0,0.13699999999999998,0.0236,0.2871,0.7811,0,0,0,0,0,0,0,0,0,0,0,0,0
3919,2017,0,13.94,3.07,1.19,0.73,0.12878554550815885,5.64,6.58,37.9,103.67,0.15456397817883277,4.631099365964939,0.4587680291621076,0.0,0.0,37,KDSI,0.9645992090286486,0,0.0,0.1394,0.030699999999999998,0.379,1.0367,0,0,0,0,0,0,0,0,0,0,0,0,0
3918,2018,0,14.34,3.3,1.17,0.63,0.07090498156892189,5.93,5.66,34.92,87.53,0.16383093842775784,5.224607571234966,0.7295049247034792,1.0,0.0,38,KDSI,1.1424654404204273,0,0.0,0.1434,0.033,0.3492,0.8753,0,0,0,0,0,0,0,0,0,0,0,0,0
3917,2019,0,16.15,2.87,1.24,0.8,0.09158535572779841,6.19,6.19,26.22,54.05,0.23909860687281348,5.409305788395459,0.779095340114639,0.6,0.4,40,KDSI,1.8501387604070305,0,0.0,0.16149999999999998,0.0287,0.2622,0.5405,0,0,0,0,0,0,0,0,0,0,0,0,0
3916,2020,0,17.04,3.13,1.65,0.98,0.12648158597653616,5.67,6.48,20.64,38.75,0.19581909899018413,4.717268412955689,0.5036036348986666,0.3333333333333333,0.0,37,KDSI,2.5806451612903225,0,0.0,0.1704,0.0313,0.2064,0.3875,0,0,0,0,0,0,0,0,0,0,0,0,0
3915,2021,0,14.87,3.09,1.84,1.11,0.18522225443512752,6.53,6.49,26.76,51.64,0.19320474174566457,4.23987124213802,0.6321688372093542,0.4,0.0,38,KDSI,1.9364833462432225,0,0.0,0.1487,0.030899999999999997,0.2676,0.5164,0,0,0,0,0,0,0,0,0,0,0,0,0
3914,2022,0,13.84,3.24,2.32,1.18,0.14890947669043547,6.78,5.83,22.89,40.0,0.23543087095123205,4.292005538541359,0.6311821153034824,0.3333333333333333,0.14285714285714285,34,KDSI,2.5,0,0.0,0.1384,0.032400000000000005,0.2289,0.4,0,0,0,0,0,0,0,0,0,0,0,0,0
3913,2023,0,16.89,3.73,2.9,1.64,0.3338384834451198,7.0,5.51,8.69,12.5,0.42487111677621475,6.8997904793465485,0.8984560395899168,0.5,0.25,34,KDSI,8.0,0,0.0,0.1689,0.0373,0.08689999999999999,0.125,0,0,0,0,0,0,0,0,0,0,0,0,0
3947,2013,0,18.78,8.27,5.27,3.75,2.0622086936487594,3.64,3.62,159.3186799744329,10.932748194378492,0.42115882937151106,25.566646460218468,1.1303843808099736,0.4,0.0,32,KIAS,9.146830990895682,0,,0.18780000000000002,0.0827,1.5931867997443292,0.10932748194378492,0,0,0,0,0,0,0,0,0,0,0,0,0
3946,2014,0,15.2,8.86,5.62,3.83,1.5588663366534836,3.41,3.26,176.3912492599529,12.361031402334367,0.28247691102205297,19.680079236678992,1.087117289684671,0.42857142857142855,0.1,34,KIAS,8.089939807216663,0,0.0,0.152,0.0886,1.763912492599529,0.12361031402334367,0,0,0,0,0,0,0,0,0,0,0,0,0
3945,2015,0,-6.78,-18.07,3.24,2.3,0.26374129056178586,2.34,3.81,152.87778617757382,17.975199826980802,-0.5826918473536341,17.08412329827437,0.7607064120144168,0.42857142857142855,0.0,36,KIAS,5.563220490595039,0,0.0,-0.0678,-0.1807,1.5287778617757382,0.17975199826980803,0,0,0,0,0,0,0,0,0,0,0,0,0
3944,2016,0,-6.04,-29.23,3.13,2.5,0.20477183927451642,2.26,6.12,204.7899281269596,22.34429583626639,-0.4826728300553527,9.746259896888235,0.7857265975013651,0.3333333333333333,0.16666666666666666,37,KIAS,4.475415145448122,0,0.0,-0.0604,-0.2923,2.047899281269596,0.2234429583626639,0,0,0,0,0,0,0,0,0,0,0,0,0
3943,2017,0,0.34,-10.53,3.11,2.5,0.0552822949621039,2.08,7.75,200.80895314054425,23.89191633590347,-0.2797126454991063,9.337445000654139,1.0463855735779766,0.8,0.3,37,KIAS,4.185516079751436,0,0.0,0.0034000000000000002,-0.10529999999999999,2.0080895314054423,0.2389191633590347,0,0,0,0,0,0,0,0,0,0,0,0,0
3942,2018,0,-0.21,-9.04,2.91,2.34,0.03958537414010151,2.08,8.19,181.7921973580174,25.80290364070387,-0.2619546020042494,9.61379997929576,1.1019109625918102,0.8,0.4444444444444444,38,KIAS,3.875532823455218,0,0.0,-0.0021,-0.0904,1.817921973580174,0.2580290364070387,0,0,0,0,0,0,0,0,0,0,0,0,0
3941,2019,0,-8.05,-67.26,1.52,1.24,0.11439298295140139,2.07,8.49,118.40950724599368,36.012001613346484,-0.7710420873685533,18.860645419928268,1.055097865358111,0.3333333333333333,0.25,40,KIAS,2.7768520359873246,0,0.0,-0.0805,-0.6726000000000001,1.1840950724599368,0.36012001613346484,0,0,0,0,0,0,0,0,0,0,0,0,0
3940,2020,0,-3.41,-11.84,1.67,1.28,0.11608822361025317,2.07,7.15,132.22395761399767,19.84467956529208,-0.34290115163448465,21.676983611393226,0.8758583772376268,0.4,0.0,37,KIAS,5.039134024360759,0,0.0,-0.0341,-0.1184,1.3222395761399768,0.19844679565292078,0,0,0,0,0,0,0,0,0,0,0,0,0
3939,2021,0,3.56,-1.01,2.45,1.94,0.10567856128298801,3.19,10.2,141.94411878415855,18.146236885472998,0.0053901987106892485,19.649180500460535,0.8818869150282772,0.3333333333333333,0.0,38,KIAS,5.5107844469976675,0,0.0,0.0356,-0.0101,1.4194411878415856,0.18146236885473,0,0,0,0,0,0,0,0,0,0,0,0,0
3938,2022,0,4.97,1.01,1.89,1.49,0.05115522163572951,2.86,9.85,119.91944981961625,24.956365115066475,0.012834190340070578,25.12298004718055,0.8750923430202904,0.3333333333333333,0.5,34,KIAS,4.006993788515649,0,0.0,0.049699999999999994,0.0101,1.1991944981961624,0.24956365115066476,0,0,0,0,0,0,0,0,0,0,0,0,0
3937,2023,0,-2.72,-6.03,2.15,1.53,0.24985723762340026,2.77,8.01,124.56849753157667,18.11965307951462,-0.3247586081288613,28.982064258427656,0.27314840653977185,0.42857142857142855,0.0,34,KIAS,5.518869459650756,0,0.0,-0.027200000000000002,-0.0603,1.2456849753157666,0.1811965307951462,0,0,0,0,0,0,0,0,0,0,0,0,0
3971,2013,0,24.07,7.49,5.77,1.48,0.4000536474675633,8.61,1.67,7.64,10.16,0.4683924341332169,6.807048990667562,0.5036729287180092,0.5,0.0,32,KICI,9.84251968503937,0,,0.2407,0.07490000000000001,0.0764,0.1016,0,0,0,0,0,0,0,0,0,0,0,0,0
3970,2014,0,19.94,4.57,7.9,2.09,0.549471594468964,10.5,1.69,6.43,7.91,0.35905968731484933,8.997170610665846,0.47005540391953127,0.3333333333333333,0.0,34,KICI,12.642225031605562,0,0.0,0.19940000000000002,0.045700000000000005,0.0643,0.0791,0,0,0,0,0,0,0,0,0,0,0,0,0
3969,2015,0,20.06,-14.17,5.74,1.25,0.17712704037445462,8.86,1.39,7.1,10.18,0.06989684864394494,4.373533880892764,0.36949133659740946,0.3333333333333333,0.0,36,KICI,9.823182711198427,0,0.0,0.2006,-0.1417,0.071,0.1018,0,0,0,0,0,0,0,0,0,0,0,0,0
3968,2016,0,18.01,0.37,5.35,1.62,0.23733500034664007,6.93,1.45,8.12,12.76,0.029417838430897524,3.4764506230770986,0.3720940496183694,0.4,0.0,37,KICI,7.836990595611286,0,0.0,0.1801,0.0037,0.0812,0.1276,0,0,0,0,0,0,0,0,0,0,0,0,0
3967,2017,0,25.6,7.01,7.29,2.21,0.6050851837066606,6.64,1.43,6.77,11.06,0.1977825646641401,3.009342737233294,0.5158120784989567,0.2857142857142857,0.42857142857142855,37,KICI,9.041591320072332,0,0.0,0.256,0.0701,0.0677,0.1106,0,0,0,0,0,0,0,0,0,0,0,0,0
3966,2018,0,21.64,-1.01,6.11,1.57,0.3709891293620382,5.27,1.01,6.81,11.09,0.0029019020630993973,3.1740026136215125,0.8281492835312179,0.3333333333333333,0.0,38,KICI,9.017132551848512,0,0.0,0.2164,-0.0101,0.0681,0.1109,0,0,0,0,0,0,0,0,0,0,0,0,0
3965,2019,0,16.52,-3.48,7.58,1.79,0.6741661607675683,6.08,1.04,3.15,5.51,-0.05827913650133402,2.6540969205220226,0.6382230515588928,0.4,0.25,40,KICI,18.148820326678766,0,0.0,0.16519999999999999,-0.0348,0.0315,0.055099999999999996,0,0,0,0,0,0,0,0,0,0,0,0,0
3964,2020,0,25.01,-0.01,7.83,2.32,0.82202762251295,5.87,0.92,4.32,8.39,0.03105823587837122,2.2786863036862286,0.7244321077264023,0.5,0.16666666666666666,37,KICI,11.918951132300357,0,0.0,0.2501,-0.0001,0.0432,0.0839,0,0,0,0,0,0,0,0,0,0,0,0,0
3963,2021,0,34.35,17.26,5.05,1.45,0.39798285221886165,6.67,0.97,7.97,13.11,0.3899582021877245,3.474963850785586,0.7036706068315204,0.4,0.25,38,KICI,7.627765064836003,0,0.0,0.3435,0.1726,0.0797,0.1311,0,0,0,0,0,0,0,0,0,0,0,0,0
3962,2022,0,23.52,0.52,6.65,1.42,0.3550102235918359,4.25,0.62,7.06,11.2,0.018353550980236975,3.4447085984418315,0.49367675543892436,0.3333333333333333,0.3333333333333333,34,KICI,8.928571428571429,0,0.0,0.2352,0.0052,0.0706,0.11199999999999999,0,0,0,0,0,0,0,0,0,0,0,0,0
3961,2023,0,19.73,-6.37,7.99,1.27,0.3082148797895994,4.58,0.53,5.91,9.68,-0.06901840332088711,3.062164397199549,0.33881526021662334,0.5,0.3333333333333333,34,KICI,10.330578512396695,0,0.0,0.1973,-0.0637,0.0591,0.0968,0,0,0,0,0,0,0,0,0,0,0,0,0
3995,2013,0,42.76,3.81,2.87,2.47,0.48568184108909596,10.94,2.36,31.16,61.45,0.2091891380720119,2.807043411865299,0.9277106480298551,0.5,0.0,32,KIJA,1.6273393002441008,0,,0.4276,0.0381,0.3116,0.6145,0,0,0,0,0,0,0,0,0,0,0,0,0
3994,2014,0,44.73,14.25,5.04,4.39,0.8773178783552273,9.68,2.27,31.54,57.78,0.2320463708551005,2.6342134538030595,1.285208429850508,0.4,0.5,34,KIJA,1.7307026652821047,0,0.0,0.4473,0.1425,0.3154,0.5778,0,0,0,0,0,0,0,0,0,0,0,0,0
3993,2015,0,44.22,10.56,6.35,5.69,0.8023340498904094,8.49,2.6,36.03,70.5,0.17640633409414375,2.3396438309723453,1.0252736718289408,0.3,0.2,36,KIJA,1.4184397163120568,0,0.0,0.4422,0.1056,0.3603,0.705,0,0,0,0,0,0,0,0,0,0,0,0,0
3992,2016,0,42.41,14.55,6.45,5.57,0.6291084021012054,4.93,1.99,33.21,63.23,0.14288861188650417,2.4318659152175064,1.0700308469388229,0.3333333333333333,0.0,37,KIJA,1.5815277558121146,0,0.0,0.4241,0.14550000000000002,0.3321,0.6323,0,0,0,0,0,0,0,0,0,0,0,0,0
3991,2017,0,37.96,5.0,7.19,6.16,0.4264774701799617,4.87,1.76,35.87,68.49,0.08481711205784209,2.3725053550775645,1.0094365369406701,0.25,0.25,37,KIJA,1.4600671630895021,0,0.0,0.3796,0.05,0.35869999999999996,0.6849,0,0,0,0,0,0,0,0,0,0,0,0,0
3990,2018,0,43.48,2.47,7.15,6.03,0.6245487039455667,4.32,1.29,36.99,72.02,0.12476422846543639,2.31967995168026,0.9496341608934308,0.75,0.0,38,KIJA,1.3885031935573453,0,0.0,0.43479999999999996,0.024700000000000003,0.3699,0.7202,0,0,0,0,0,0,0,0,0,0,0,0,0
3989,2019,0,37.42,6.26,6.12,5.12,0.30323170656627696,3.15,1.05,34.28,66.23,0.07201725038671633,2.4072904766093166,0.9641434470431139,0.3333333333333333,0.0,40,KIJA,1.5098897780462026,0,0.0,0.37420000000000003,0.0626,0.3428,0.6623,0,0,0,0,0,0,0,0,0,0,0,0,0
3988,2020,0,42.5,1.89,6.18,5.08,0.38428454959933905,4.7,0.95,34.75,67.72,0.08919926939117143,2.3725136234759625,0.7118761872799425,0.4444444444444444,0.25,37,KIJA,1.4766686355581806,0,0.0,0.425,0.0189,0.3475,0.6772,0,0,0,0,0,0,0,0,0,0,0,0,0
3987,2021,0,43.87,3.52,6.54,5.4,0.43449929637104584,5.89,0.93,34.99,67.5,0.09689124738996005,2.385240520214043,0.5425181799671303,0.4,0.0,38,KIJA,1.4814814814814814,0,0.0,0.4387,0.0352,0.34990000000000004,0.675,0,0,0,0,0,0,0,0,0,0,0,0,0
3986,2022,0,51.95,1.49,4.52,3.79,0.45725431668471905,6.11,0.9,38.17,76.92,0.13744860222603603,2.4082041980084994,0.46737250967218313,0.6666666666666666,0.2,34,KIJA,1.3000520020800832,0,0.0,0.5195000000000001,0.0149,0.38170000000000004,0.7692,0,0,0,0,0,0,0,0,0,0,0,0,0
3985,2023,0,46.49,16.06,5.75,4.79,0.6347288725297145,6.49,1.21,34.13,63.75,0.16231632594044898,2.5480120811224363,0.4025945993514109,0.5,0.0,34,KIJA,1.5686274509803924,0,0.0,0.46490000000000004,0.1606,0.34130000000000005,0.6375,0,0,0,0,0,0,0,0,0,0,0,0,0
4019,2013,0,27.78,8.91,1.73,1.39,0.3226856310956302,13.47,13.72,0.83,1.2,0.8080906933817323,16.441785764810497,2.298349061777121,0.3333333333333333,0.0,32,KKGI,83.33333333333333,0,,0.2778,0.0891,0.0083,0.012,0,0,0,0,0,0,0,0,0,0,0,0,0
4018,2014,0,16.42,5.9,1.72,1.37,0.14997410109914608,15.55,12.39,0.96,1.38,0.4519954723146102,10.319055776690421,1.0987370250195552,0.5,0.4,34,KKGI,72.46376811594203,0,0.0,0.1642,0.059000000000000004,0.0096,0.0138,0,0,0,0,0,0,0,0,0,0,0,0,0
4017,2015,0,23.85,5.11,2.22,1.85,0.4045484410003414,13.8,11.23,0.51,0.65,0.4973580800811061,18.5048738551455,0.39691815374404626,0.5,0.0,36,KKGI,153.84615384615384,0,0.0,0.23850000000000002,0.051100000000000007,0.0051,0.006500000000000001,0,0,0,0,0,0,0,0,0,0,0,0,0
4016,2016,0,25.76,10.23,4.05,3.21,1.5862549257391094,12.17,9.4,0.43,0.5,1.0586655845702466,19.589948487097548,1.3192626759089174,0.3333333333333333,0.2857142857142857,37,KKGI,200.0,0,0.0,0.2576,0.1023,0.0043,0.005,0,0,0,0,0,0,0,0,0,0,0,0,0
4015,2017,0,31.51,16.05,3.54,3.06,1.8667542563959518,13.85,8.38,1.27,1.5,1.1538722936505028,18.457910766532287,1.3476091953638087,0.4,0.25,37,KKGI,66.66666666666667,0,0.0,0.3151,0.1605,0.0127,0.015,0,0,0,0,0,0,0,0,0,0,0,0,0
4014,2018,0,22.8,0.84,1.48,0.92,0.36960779130062416,12.04,5.32,6.68,9.04,0.07943939524930792,9.006439465527876,1.42007921232366,0.3333333333333333,0.6666666666666666,38,KKGI,11.061946902654867,0,0.0,0.228,0.0084,0.0668,0.0904,0,0,0,0,0,0,0,0,0,0,0,0,0
4013,2019,0,13.95,4.71,2.17,1.67,0.707602858038024,19.26,9.79,6.21,8.4,0.16636202999456243,7.2513300039971575,0.9103834943568255,0.5,0.16666666666666666,40,KKGI,11.904761904761903,0,0.0,0.13949999999999999,0.0471,0.0621,0.084,0,0,0,0,0,0,0,0,0,0,0,0,0
4012,2020,0,10.17,-12.0,3.05,2.47,0.9584648948405512,8.9,8.39,5.72,7.38,-0.039271816199474,7.197799953698877,1.1243764934838498,0.5,0.0,37,KKGI,13.550135501355014,0,0.0,0.1017,-0.12,0.0572,0.0738,0,0,0,0,0,0,0,0,0,0,0,0,0
4011,2021,0,31.07,17.41,2.42,2.01,1.360389548453755,16.23,12.36,3.55,4.74,1.0161305042707822,8.911850476935372,0.9364230151018046,0.0,0.0,38,KKGI,21.097046413502106,0,0.0,0.3107,0.1741,0.0355,0.047400000000000005,0,0,0,0,0,0,0,0,0,0,0,0,0
4010,2022,0,28.89,15.3,2.58,2.09,1.206599804122651,19.35,13.94,1.91,2.64,1.2056093879073921,11.996622991742726,1.1217864913116007,0.4,0.0,34,KKGI,37.87878787878788,0,0.0,0.2889,0.153,0.0191,0.0264,0,0,0,0,0,0,0,0,0,0,0,0,0
4009,2023,0,17.9,9.1,2.38,2.0,0.9219993188831171,11.97,13.26,2.65,3.82,0.595984069097582,12.344995837120253,0.8869125791993925,0.4,0.2,34,KKGI,26.17801047120419,0,0.0,0.179,0.091,0.0265,0.0382,0,0,0,0,0,0,0,0,0,0,0,0,0
4043,2013,0,47.72,12.31,2.84,1.68,0.6113042500810516,7.6,3.24,5.16,6.87,0.894160115062274,49.70665251350546,6.89343439988433,0.3333333333333333,0.0,32,KLBF,14.55604075691412,0,,0.4772,0.1231,0.0516,0.0687,0,0,0,0,0,0,0,0,0,0,0,0,0
4042,2014,0,47.3,12.22,3.4,2.11,0.8776484749632908,7.33,2.99,2.38,3.03,1.0113334309013384,34.75705833393491,8.785393893352092,0.0,0.0,34,KLBF,33.00330033003301,0,0.0,0.473,0.1222,0.023799999999999998,0.030299999999999997,0,0,0,0,0,0,0,0,0,0,0,0,0
4041,2015,0,46.53,11.5,3.7,2.43,1.2149272740801722,7.3,3.16,2.91,3.65,0.9481084755176116,28.885941975392914,5.656751091398044,0.5,0.2,36,KLBF,27.397260273972606,0,0.0,0.4653,0.115,0.0291,0.0365,0,0,0,0,0,0,0,0,0,0,0,0,0
4040,2016,0,47.52,12.13,4.13,2.69,1.3270148597342195,7.51,3.22,1.86,2.27,1.0933989199012357,29.008627482006727,5.697743978464699,0.3333333333333333,0.42857142857142855,37,KLBF,44.052863436123346,0,0.0,0.4752,0.1213,0.018600000000000002,0.0227,0,0,0,0,0,0,0,0,0,0,0,0,0
4039,2017,0,47.36,12.16,4.51,2.91,1.3339707426790852,7.09,3.09,1.92,2.3,1.1566984996174043,29.076032584982865,5.701653602419106,0.5,0.0,37,KLBF,43.47826086956522,0,0.0,0.4736,0.1216,0.0192,0.023,0,0,0,0,0,0,0,0,0,0,0,0,0
4038,2018,0,45.35,11.85,4.66,3.14,1.4574814903531998,6.65,3.29,1.97,2.34,1.1176904985615717,28.048829082995784,4.658520644443852,0.3333333333333333,0.0,38,KLBF,42.73504273504274,0,0.0,0.4535,0.1185,0.0197,0.023399999999999997,0,0,0,0,0,0,0,0,0,0,0,0,0
4037,2019,0,43.48,11.21,4.35,2.9,1.2557116842657503,6.4,3.57,4.03,4.89,0.9326512036893356,18.011178417916565,4.5456480147974,0.5,0.0,40,KLBF,20.449897750511248,0,0.0,0.43479999999999996,0.1121,0.0403,0.0489,0,0,0,0,0,0,0,0,0,0,0,0,0
4036,2020,0,42.65,12.11,4.12,2.98,1.6986814126242256,6.34,3.63,5.13,6.34,0.8371881439851394,17.44283789281085,3.7959547443417487,0.5,0.0,37,KLBF,15.772870662460567,0,0.0,0.4265,0.1211,0.0513,0.0634,0,0,0,0,0,0,0,0,0,0,0,0,0
4035,2021,0,41.61,12.31,4.45,3.01,1.831909789213521,7.36,3.54,2.44,2.94,0.9144847221818595,25.55356947090116,3.5598493955486643,0.2,0.0,38,KLBF,34.013605442176875,0,0.0,0.41609999999999997,0.1231,0.024399999999999998,0.0294,0,0,0,0,0,0,0,0,0,0,0,0,0
4034,2022,0,39.15,11.92,3.77,2.19,0.9241796769265566,6.94,2.91,4.29,5.28,0.8254445901386402,31.994376756843984,4.433522655435958,0.6,0.2,34,KLBF,18.93939393939394,0,0.0,0.39149999999999996,0.1192,0.0429,0.0528,0,0,0,0,0,0,0,0,0,0,0,0,0
4033,2023,0,36.97,9.12,4.91,2.81,1.0477151650110557,6.34,2.78,2.3,2.69,0.9268420610505154,34.29603533469939,3.264224686453137,0.3333333333333333,0.3333333333333333,34,KLBF,37.174721189591075,0,0.0,0.3697,0.09119999999999999,0.023,0.0269,0,0,0,0,0,0,0,0,0,0,0,0,0
4067,2013,0,23.16,0.61,1.37,0.32,0.01406073017140679,3.46,0.81,27.13,83.27,0.026163324328309954,4.417276376353206,1.355272364822051,0.3333333333333333,0.0,32,KOBX,1.200912693647172,0,,0.2316,0.0060999999999999995,0.2713,0.8327,0,0,0,0,0,0,0,0,0,0,0,0,0
4066,2014,0,21.53,0.82,1.34,0.45,0.04606198135353106,2.97,0.81,27.01,83.64,0.026364716209844707,5.544734746776795,0.7920172362500285,0.3333333333333333,0.0,34,KOBX,1.1956001912960306,0,0.0,0.21530000000000002,0.008199999999999999,0.2701,0.8364,0,0,0,0,0,0,0,0,0,0,0,0,0
4065,2015,0,14.53,-13.12,1.3,0.45,0.015809901550016017,1.81,0.72,40.42,119.14,-0.03752939092400175,7.0776711561327765,0.7198021180502348,0.3333333333333333,0.0,36,KOBX,0.8393486654356219,0,0.0,0.14529999999999998,-0.13119999999999998,0.4042,1.1914,0,0,0,0,0,0,0,0,0,0,0,0,0
4064,2016,0,15.37,-13.82,1.6,0.65,0.016449501313446253,1.73,0.79,47.95,148.08,-0.03611575243226626,2.5009417215639815,0.5947026537509487,0.5,0.0,37,KOBX,0.675310642895732,0,0.0,0.1537,-0.1382,0.47950000000000004,1.4808000000000001,0,0,0,0,0,0,0,0,0,0,0,0,0
4063,2017,0,20.15,2.05,1.42,0.86,0.12539111013741414,2.7,1.86,22.06,67.5,0.04828492447418831,3.103872945699669,0.6501774272048484,0.8,0.14285714285714285,37,KOBX,1.4814814814814814,0,0.0,0.20149999999999998,0.020499999999999997,0.2206,0.675,0,0,0,0,0,0,0,0,0,0,0,0,0
4062,2018,0,19.88,3.08,1.12,0.54,0.10188179878602611,3.49,2.38,6.54,22.84,0.04991088186887091,7.424336834966127,0.7946500556452859,0.5,0.0,38,KOBX,4.378283712784588,0,0.0,0.19879999999999998,0.0308,0.0654,0.2284,0,0,0,0,0,0,0,0,0,0,0,0,0
4061,2019,0,20.45,0.19,1.08,0.41,0.031089038470030552,2.58,1.16,36.05,138.64,0.018111965167530455,4.702105667600246,0.6059529327781161,0.3333333333333333,0.0,40,KOBX,0.7212925562608195,0,0.0,0.2045,0.0019,0.3605,1.3863999999999999,0,0,0,0,0,0,0,0,0,0,0,0,0
4060,2020,0,16.76,-20.48,0.95,0.34,0.020492104333553737,2.02,0.83,51.21,265.9,-0.05435672033992979,3.768219571210669,0.8691655641998689,0.3333333333333333,0.16666666666666666,37,KOBX,0.37608123354644607,0,0.0,0.16760000000000003,-0.2048,0.5121,2.659,0,0,0,0,0,0,0,0,0,0,0,0,0
4059,2021,0,18.76,11.35,0.94,0.55,0.2586011690666608,4.39,1.86,14.23,77.77,0.03961087261540271,2.565429237840733,1.041046132944537,0.3333333333333333,0.2,38,KOBX,1.2858428700012858,0,0.0,0.18760000000000002,0.11349999999999999,0.1423,0.7777,0,0,0,0,0,0,0,0,0,0,0,0,0
4058,2022,0,18.13,2.49,0.95,0.55,0.25851623628601683,5.82,2.6,13.92,69.59,0.030049489193504895,2.7494338911394616,1.3762223820528896,0.3333333333333333,0.2,34,KOBX,1.436988072998994,0,0.0,0.1813,0.024900000000000002,0.1392,0.6959000000000001,0,0,0,0,0,0,0,0,0,0,0,0,0
4057,2023,0,16.52,-4.32,0.9,0.3,0.04284261542305969,4.08,1.37,37.2,271.59,-0.022014251406756342,2.3407951658433066,0.7432476459921676,0.5,0.125,34,KOBX,0.3682020692956295,0,0.0,0.16519999999999999,-0.0432,0.37200000000000005,2.7158999999999995,0,0,0,0,0,0,0,0,0,0,0,0,0
4091,2013,0,18.28,3.3,1.34,1.02,0.08347855244563636,5.43,9.93,73.89060941342407,2.830039604655299,17.68996726453356,12.08156687891516,3.0701933819456895,0.4,0.0,32,KOIN,35.3351945448057,0,,0.18280000000000002,0.033,0.7389060941342407,0.02830039604655299,0,0,0,0,0,0,0,0,0,1,0,0,1
4090,2014,0,19.3,2.22,1.21,0.89,0.12019000867415695,4.71,9.47,79.27276151243771,3.8245693736364554,8.031609190939033,8.78056226502129,3.937781260922826,1.0,0.0,34,KOIN,26.146734502796733,0,0.0,0.193,0.0222,0.7927276151243771,0.03824569373636456,0,0,0,0,0,0,0,0,0,1,0,0,1
4089,2015,0,19.21,0.98,1.16,0.88,0.13181057285592615,4.27,8.42,82.0229291026323,4.562641465392591,3.6774529163267426,6.952809746313516,2.296675524549015,0.3333333333333333,0.0,36,KOIN,21.91712865420065,0,0.0,0.19210000000000002,0.0098,0.820229291026323,0.04562641465392591,0,0,0,0,0,0,0,0,0,1,0,0,1
4088,2016,0,19.04,0.0,1.16,0.73,0.07407162354474128,3.87,5.89,82.87953517463096,4.840962907258241,-0.1528027328004291,6.01783244112963,2.4273355311245806,0.5,0.0,37,KOIN,20.657047351068556,0,0.0,0.19039999999999999,0.0,0.8287953517463096,0.048409629072582415,0,0,0,0,0,0,0,0,0,0,0,0,0
4087,2017,0,16.88,-0.91,1.15,0.77,0.04113777197528557,4.03,5.62,85.00053284998017,5.666903497293092,-1.1163588192654201,5.9141531957017,2.6207064043726094,0.3333333333333333,0.16666666666666666,37,KOIN,17.646321319529612,0,0.0,0.16879999999999998,-0.0091,0.8500053284998017,0.056669034972930916,0,0,0,0,0,0,0,0,0,0,0,0,0
4086,2018,0,13.94,-0.57,1.09,0.72,0.05168181394059512,3.88,5.94,87.95197450863125,7.300115240596099,-0.25678431615396846,6.730034761201678,2.2075723976934563,0.8333333333333334,0.6,38,KOIN,13.698413888577788,0,0.0,0.1394,-0.005699999999999999,0.8795197450863125,0.073001152405961,0,0,0,0,0,0,0,0,0,0,0,0,0
4085,2019,0,11.19,-1.15,1.07,0.77,0.046356739122877216,3.76,6.52,86.8124726816237,6.582922680330974,-1.9578199405865342,7.90867810661875,1.254154345558104,0.3333333333333333,0.0,40,KOIN,15.1908209857589,0,0.0,0.1119,-0.0115,0.868124726816237,0.06582922680330974,0,0,0,0,0,0,0,0,0,1,0,0,1
4084,2020,0,11.24,2.84,1.15,0.84,0.22106896894048278,4.01,7.9,81.26893411506848,4.338724481603901,0.6492623944902919,7.441561265814953,0.7786452487664396,0.6666666666666666,0.0,37,KOIN,23.04824849422863,0,0.0,0.1124,0.028399999999999998,0.8126893411506848,0.043387244816039006,0,0,0,0,0,0,0,0,0,0,0,0,0
4083,2021,0,8.36,-1.08,0.99,0.6,0.044441756097591996,6.16,8.92,90.78242250655532,9.848837459855094,-2.4635814200140866,7.441079738715207,1.5963870482620426,0.3333333333333333,0.2,38,KOIN,10.153482622452712,0,0.0,0.0836,-0.0108,0.9078242250655532,0.09848837459855093,0,0,0,0,0,0,0,0,0,1,0,0,1
4082,2022,0,7.19,-2.35,0.88,0.47,0.016083790917621656,6.27,7.25,97.64592480606747,41.47952666081238,-6.384223759817011,2.703116192458407,4.820462081679042,0.3333333333333333,0.5,34,KOIN,2.41082789631914,0,0.0,0.0719,-0.0235,0.9764592480606747,0.4147952666081238,0,0,0,0,0,0,0,0,0,1,0,0,1
4081,2023,0,7.34,-2.35,0.84,0.54,0.06510670209303823,6.59,8.05,104.8567889513514,-21.589735523133047,-6.4620124995247945,-1.7732770978611407,-1.615707928798943,0.3333333333333333,0.5,34,KOIN,-4.631830709220669,1,0.0,0.07339999999999999,-0.0235,1.048567889513514,-0.21589735523133047,0,0,0,0,0,0,0,0,0,1,0,0,1
4115,2013,0,23.37,-3.59,1.11,0.53,0.20955335378450118,6.54,2.44,76.8536205234071,332.03301017822855,0.09043027685926783,2.928123098623361,1.0361580009731537,0.3333333333333333,0.3333333333333333,32,KONI,0.30117487398714377,0,,0.23370000000000002,-0.0359,0.7685362052340711,3.3203301017822855,0,0,0,0,0,0,0,0,0,0,0,0,0
4114,2014,0,18.17,1.04,1.04,0.61,0.31720505173392144,5.87,2.64,75.02205397056407,300.3531750855427,0.04766097147718021,3.9836406222311083,0.8552505956163956,0.3333333333333333,0.16666666666666666,34,KONI,0.33294137800114576,0,0.0,0.18170000000000003,0.0104,0.7502205397056407,3.0035317508554273,0,0,0,0,0,0,0,0,0,0,0,0,0
4113,2015,0,20.82,-3.25,0.97,0.33,0.0999576224853924,6.03,2.06,79.71882615159568,393.0681071395076,0.04286969324627698,3.376239556968032,0.8200006484555881,0.0,0.2,36,KONI,0.2544088370021535,0,0.0,0.2082,-0.0325,0.7971882615159568,3.9306810713950764,0,0,0,0,0,0,0,0,0,0,0,0,0
4112,2016,0,24.43,-6.27,0.93,0.49,0.18352822054059792,5.7,1.81,85.24368715464428,577.6760634447592,-0.042491622815409136,2.0648561192127524,3.96719720944761,0.4,0.25,37,KONI,0.17310739760219024,0,0.0,0.2443,-0.06269999999999999,0.8524368715464428,5.776760634447592,0,0,0,0,0,0,0,0,0,0,0,0,0
4111,2017,0,26.6,-0.74,0.94,0.51,0.1974002364830961,5.38,2.34,84.98781974820204,566.1257613664967,0.0036304653607657058,2.047407266643121,2.868320561167757,0.0,0.0,37,KONI,0.17663919719643764,0,0.0,0.266,-0.0074,0.8498781974820204,5.661257613664967,0,0,0,0,0,0,0,0,0,0,0,0,0
4110,2018,0,19.61,-4.63,0.92,0.39,0.10369654852548602,7.19,2.65,90.34462464490156,935.6925165751928,0.014052369550218078,1.8564512664217678,5.892789462228291,0.75,0.0,38,KONI,0.10687271537237301,0,0.0,0.1961,-0.0463,0.9034462464490156,9.356925165751928,0,0,0,0,0,0,0,0,0,0,0,0,0
4109,2019,0,21.29,2.0,0.95,0.48,0.14488184003411056,6.93,2.27,85.64878025497269,596.8048833246387,0.018575788252756863,2.1517830436273226,5.833379414756488,0.3333333333333333,0.0,40,KONI,0.16755895066227847,0,0.0,0.21289999999999998,0.02,0.8564878025497269,5.968048833246387,0,0,0,0,0,0,0,0,0,0,0,0,0
4108,2020,0,27.27,0.05,2.32,1.37,0.8098289627657773,5.41,1.91,42.746094129589416,74.6605729099428,0.0868037688600481,5.610863769256399,1.824083715855984,0.3333333333333333,0.3333333333333333,37,KONI,1.3393950260818674,0,0.0,0.2727,0.0005,0.4274609412958942,0.746605729099428,0,0,0,0,0,0,0,0,0,0,0,0,0
4107,2021,0,23.23,6.23,48.11,29.25,19.875050429354005,8.01,2.86,12.196579631830463,13.8907796310085,0.6148284486540246,9.222313361305877,2.917297584884584,0.3333333333333333,0.0,38,KONI,7.1990199726996735,0,0.0,0.2323,0.0623,0.12196579631830463,0.138907796310085,0,0,1,1,1,0,0,0,0,0,0,0,3
4106,2022,0,22.64,6.49,10.01,5.5,3.116456984297911,9.04,3.3,17.000597909944503,20.48279563515128,0.6071263333898085,9.89977819937015,8.039228355927472,0.4,0.25,34,KONI,4.882146059612405,0,0.0,0.22640000000000002,0.0649,0.17000597909944504,0.2048279563515128,0,0,0,0,0,0,0,0,0,0,0,0,0
4105,2023,0,22.42,7.89,11.4,6.17,2.7987931754600943,8.34,3.64,14.865106188498507,17.460650413697078,1.0472865783743526,11.635243476286488,2.315362848111725,0.3333333333333333,0.0,34,KONI,5.727163515143434,0,0.0,0.2242,0.0789,0.14865106188498506,0.17460650413697076,0,0,0,0,0,0,0,0,0,0,0,0,0
4139,2013,0,44.28,50.82,2.07,0.59,0.24276308973113608,8.18,1.04,11.31,13.66,0.0821164266719513,8.269216598386777,1.0720081891475142,0.625,0.0,32,KPIG,7.320644216691069,0,,0.4428,0.5082,0.1131,0.1366,0,0,0,0,0,0,0,0,0,0,0,0,0
4138,2014,0,49.53,41.46,3.18,1.18,0.681618050360924,10.98,0.65,14.54,18.07,0.1062843638073607,6.424355484875547,1.0413989315630046,0.4,0.3333333333333333,34,KPIG,5.534034311012729,0,0.0,0.4953,0.4146,0.1454,0.1807,0,0,0,0,0,0,0,0,0,0,0,0,0
4137,2015,0,49.58,21.04,3.57,2.08,1.7192501610987658,11.03,0.61,16.52,20.71,0.09814552887808474,6.4825445841579965,1.0946759591851705,0.3333333333333333,0.0,36,KPIG,4.8285852245292125,0,0.0,0.49579999999999996,0.2104,0.16519999999999999,0.2071,0,0,0,0,0,0,0,0,0,0,0,0,0
4136,2016,0,41.29,190.27,5.41,4.42,3.990199294085756,8.47,0.58,16.26,20.44,0.019427179640536807,6.924219611338567,0.9176973757496123,0.5,0.3333333333333333,37,KPIG,4.892367906066536,0,0.0,0.4129,1.9027,0.16260000000000002,0.20440000000000003,0,0,0,0,0,0,0,0,0,0,0,0,0
4135,2017,0,42.34,140.18,6.87,5.04,3.009146360665484,7.35,0.54,16.02,19.86,0.009678181866919218,6.15256817405342,0.7639191437975916,0.3333333333333333,0.3333333333333333,37,KPIG,5.0352467270896275,0,0.0,0.42340000000000005,1.4018000000000002,0.1602,0.1986,0,0,0,0,0,0,0,0,0,0,0,0,0
4134,2018,0,42.93,67.05,3.91,2.81,1.6332020912446001,5.6,0.52,22.4,30.33,0.01911574718028963,4.661586724217671,0.7957885603796143,0.3333333333333333,0.0,38,KPIG,3.2970656116056714,0,0.0,0.4293,0.6705,0.22399999999999998,0.30329999999999996,0,0,0,0,0,0,0,0,0,0,0,0,0
4133,2019,0,37.48,25.7,2.86,2.05,1.5939377731294657,5.14,0.55,17.03,21.09,0.020141271783210346,6.862270828687039,0.4750684226938977,0.3333333333333333,0.42857142857142855,40,KPIG,4.74158368895211,0,0.0,0.37479999999999997,0.257,0.1703,0.2109,0,0,0,0,0,0,0,0,0,0,0,0,0
4132,2020,0,22.29,38.17,1.86,1.27,0.9748625288202977,3.47,0.41,18.59,23.5,-0.00575034482475683,7.047716527163138,0.36712193381867775,0.42857142857142855,0.0,37,KPIG,4.25531914893617,0,0.0,0.2229,0.38170000000000004,0.1859,0.235,0,0,0,0,0,0,0,0,0,0,0,0,0
4131,2021,0,18.25,20.65,1.37,0.88,0.6307823120775373,2.99,0.41,18.8,23.75,-0.0025696876152298174,7.98147798296761,0.30970349302310574,0.3333333333333333,0.0,38,KPIG,4.2105263157894735,0,0.0,0.1825,0.2065,0.188,0.2375,0,0,0,0,0,0,0,0,0,0,0,0,0
4130,2022,0,36.2,16.0,1.12,0.69,0.41465287045628313,3.48,0.51,17.93,22.48,0.019539706097131727,8.656518109645235,0.2470555991815761,0.5,0.3333333333333333,34,KPIG,4.448398576512456,0,0.0,0.36200000000000004,0.16,0.1793,0.2248,0,0,0,0,0,0,0,0,0,0,0,0,0
4129,2023,0,36.33,24.29,1.03,0.66,0.3824673543861154,4.01,0.67,17.79,22.25,0.02015605280974925,9.708229173714036,0.22608066849074188,0.3333333333333333,0.42857142857142855,34,KPIG,4.49438202247191,0,0.0,0.36329999999999996,0.2429,0.1779,0.2225,0,0,0,0,0,0,0,0,0,0,0,0,0
4163,2013,0,4.59,-0.65,0.96,0.51,0.17400388526262425,5.59,3.4,42.29,95.65,-0.008596192652606187,6.557478975615941,0.6103840327234302,0.4,0.0,32,KRAS,1.0454783063251438,0,,0.045899999999999996,-0.006500000000000001,0.4229,0.9565,0,0,0,0,0,0,0,0,0,0,0,0,0
4162,2014,0,2.21,-8.25,0.75,0.41,0.16747317439034312,6.1,3.66,51.79,152.23,-0.05111603643456016,3.9034703354974454,0.6975725369020209,0.4,0.0,34,KRAS,0.6569007422978388,0,0.0,0.022099999999999998,-0.0825,0.5179,1.5223,0,0,0,0,0,0,0,0,0,0,0,0,0
4161,2015,0,-2.76,-24.7,0.61,0.33,0.09048424003652428,5.16,3.05,43.67,90.42,-0.09313928373570897,4.984128363503481,0.1875233923529635,0.6666666666666666,0.0,36,KRAS,1.1059500110595002,0,0.0,-0.0276,-0.247,0.43670000000000003,0.9042,0,0,0,0,0,0,0,0,0,0,0,0,0
4160,2016,0,11.54,-13.44,0.81,0.43,0.21719786263955684,6.26,2.7,44.33,94.87,0.00030699057422969443,3.10842774215361,0.6011483286191391,0.3333333333333333,0.4,37,KRAS,1.0540739959945187,0,0.0,0.11539999999999999,-0.1344,0.44329999999999997,0.9487000000000001,0,0,0,0,0,0,0,0,0,0,0,0,0
4159,2017,0,15.12,-5.94,0.75,0.39,0.20750639728909137,6.91,2.56,43.54,96.69,0.02161364964848538,3.059427213473355,0.3263739593950817,0.4,0.0,37,KRAS,1.034233116144379,0,0.0,0.1512,-0.0594,0.4354,0.9669,0,0,0,0,0,0,0,0,0,0,0,0,0
4158,2018,0,8.71,-9.62,0.54,0.25,0.09718512154099046,7.68,3.17,57.7,251.14,-0.0334133042030992,1.8435559046011822,0.6575675493935194,0.5,0.0,38,KRAS,0.39818427968463804,0,0.0,0.08710000000000001,-0.0962,0.5770000000000001,2.5114,0,0,0,0,0,0,0,0,0,0,0,0,0
4157,2019,0,1.19,-35.58,0.28,0.17,0.05222410225978733,6.26,3.62,64.94,614.9,-0.15538741110022106,1.7772457958129364,1.2202658663277017,0.3333333333333333,0.0,40,KRAS,0.1626280696048138,0,0.0,0.011899999999999999,-0.3558,0.6494,6.149,0,0,0,0,0,0,0,0,0,0,0,0,0
4156,2020,0,10.1,1.67,1.01,0.75,0.13634627841101346,5.84,5.11,69.41,539.25,0.04682844071436668,1.2030301384986404,1.3143118511434153,0.3333333333333333,0.3333333333333333,37,KRAS,0.1854427445526194,0,0.0,0.10099999999999999,0.0167,0.6940999999999999,5.3925,0,0,0,0,0,0,0,0,0,0,0,0,0
4155,2021,0,9.6,2.22,0.65,0.41,0.057179984382346,8.1,6.57,64.42,414.01,0.02330713610655504,1.3454685906890793,0.9525786328544755,0.4,0.0,38,KRAS,0.2415400594188546,0,0.0,0.096,0.0222,0.6442,4.1401,0,0,0,0,0,0,0,0,0,0,0,0,0
4154,2022,0,9.09,1.17,0.45,0.33,0.03286614669371549,6.83,6.33,57.71,330.29,0.021168300534007492,3.6284080747350598,0.7332780595427176,0.3333333333333333,0.42857142857142855,34,KRAS,0.30276423748826786,0,0.0,0.0909,0.011699999999999999,0.5771000000000001,3.3029,0,0,0,0,0,0,0,0,0,0,0,0,0
4153,2023,0,7.84,-9.13,0.31,0.19,0.04750627224890652,4.84,5.05,53.58,307.31,-0.003381529759241071,3.608098317968963,0.3591916920508077,0.3333333333333333,0.125,34,KRAS,0.325404314861215,0,0.0,0.0784,-0.0913,0.5357999999999999,3.0731,0,0,0,0,0,0,0,0,0,0,0,0,0
4187,2013,0,51.0,27.89,0.57,0.55,0.1898775166020369,5.71,60.57,43.19,90.93,0.16299676121680476,2.388156654938268,1.372349862592317,0.6666666666666666,0.0,32,LEAD,1.0997470581766193,0,,0.51,0.2789,0.43189999999999995,0.9093000000000001,0,0,0,0,0,0,0,0,0,0,0,0,0
4186,2014,0,-5.88,28.95,0.62,0.6,0.16258150479784897,4.86,128.98,46.39,93.24,-0.07576670067802922,2.3735824676440584,1.1314971714904023,0.3333333333333333,0.0,34,LEAD,1.0725010725010726,0,0.0,-0.0588,0.2895,0.4639,0.9323999999999999,0,0,0,0,0,0,0,0,0,0,0,0,0
4185,2015,0,-42.36,0.1,1.33,1.31,0.5724999980101071,3.51,81.21,48.42,101.97,-0.18200029476796373,2.23626799021932,0.20035268502997255,0.3333333333333333,0.0,36,LEAD,0.9806805923310777,0,0.0,-0.4236,0.001,0.4842,1.0197,0,0,0,0,0,0,0,0,0,0,0,0,0
4184,2016,0,6.61,-64.48,1.39,1.34,0.323869948700086,3.23,35.86,47.97,99.61,-0.028714715237666444,2.0619802971303614,0.19129260756064714,0.5,0.0,37,LEAD,1.0039152695512499,0,0.0,0.0661,-0.6448,0.4797,0.9961,0,0,0,0,0,0,0,0,0,0,0,0,0
4183,2017,0,-3.71,-74.7,0.89,0.86,0.5291018191559879,3.99,48.55,50.77,108.55,-0.053040901164999994,2.0431710291988687,0.24856252007550356,0.5,0.0,37,LEAD,0.921234454168586,0,0.0,-0.0371,-0.747,0.5077,1.0855,0,0,0,0,0,0,0,0,0,0,0,0,0
4182,2018,0,5.55,-168.75,0.69,0.65,0.3571734737115505,4.45,35.01,64.72,205.2,-0.022289034173990366,1.5910464987316582,0.28507168503310676,0.3333333333333333,0.0,38,LEAD,0.4873294346978557,0,0.0,0.0555,-1.6875,0.6472,2.052,0,0,0,0,0,0,0,0,0,0,0,0,0
4181,2019,0,5.18,-33.37,1.39,1.33,0.6859500265651653,3.28,26.31,66.04,246.0,-0.027289964177872737,1.4247188358231917,0.35999641463507176,0.3333333333333333,0.0,40,LEAD,0.4065040650406504,0,0.0,0.0518,-0.3337,0.6604000000000001,2.46,0,0,0,0,0,0,0,0,0,0,0,0,0
4180,2020,0,18.13,-10.53,3.24,3.1,1.6858242824749652,2.97,23.22,66.39,248.19,0.005729088609003802,1.3879089575216368,0.38168729575371296,0.3333333333333333,0.0,37,LEAD,0.4029171199484266,0,0.0,0.1813,-0.10529999999999999,0.6639,2.4819,0,0,0,0,0,0,0,0,0,0,0,0,0
4179,2021,0,17.42,-9.25,3.32,3.22,1.4789780482367803,2.89,30.52,65.64,254.8,0.008103440023035837,1.3733319477073493,0.4521744923426892,0.5,0.8,38,LEAD,0.3924646781789639,0,0.0,0.17420000000000002,-0.0925,0.6564,2.548,0,0,0,0,0,0,0,0,0,0,0,0,0
4178,2022,0,12.16,-20.3,2.98,2.88,1.1857242772508263,2.3,34.51,65.9,302.39,-0.008262525593279101,1.3033824579556743,0.606897026562813,0.3333333333333333,0.25,34,LEAD,0.330698766493601,0,0.0,0.1216,-0.203,0.659,3.0239,0,0,0,0,0,0,0,0,0,0,0,0,0
4177,2023,0,14.44,-16.5,2.36,2.2,0.954549345676522,2.58,20.46,64.1,348.54,0.0007186288549445071,1.2531959148174523,0.6846629183037013,0.4,0.0,34,LEAD,0.2869111149365926,0,0.0,0.1444,-0.165,0.6409999999999999,3.4854000000000003,0,0,0,0,0,0,0,0,0,0,0,0,0
4211,2013,0,41.08,19.41,6.73,4.52,3.506190262911381,5.25,1.62,16.60426990818327,19.91021589462957,0.714356633319013,22.82036074299561,1.5012398091825152,0.3333333333333333,0.0,32,LION,5.022547245556149,0,,0.4108,0.1941,0.1660426990818327,0.19910215894629568,0,0,0,0,0,0,0,0,0,0,0,0,0
4210,2014,0,38.82,12.98,3.69,2.5,1.8796095086082327,5.2,1.57,26.016172735793493,35.164675441123244,0.30898125612370797,19.523271505524516,1.0895759637464462,0.3333333333333333,0.0,34,LION,2.8437629167779903,0,0.0,0.3882,0.1298,0.2601617273579349,0.35164675441123244,0,0,0,0,0,0,0,0,0,0,0,0,0
4209,2015,0,36.55,11.82,3.8,2.69,1.962661450876198,4.36,1.63,28.8944067619978,40.63591265638335,0.20695088173406148,9.907230933981596,1.2014267604814006,0.5,0.25,36,LION,2.4608774225301264,0,0.0,0.3655,0.1182,0.288944067619978,0.4063591265638335,0,0,0,0,0,0,0,0,0,0,0,0,0
4208,2016,0,40.87,11.17,3.56,2.52,1.7956366957950762,3.66,1.46,31.380260228130467,45.73066049573496,0.22553721015615483,8.508465136017746,1.160570357328066,0.4,0.0,37,LION,2.186716721691051,0,0.0,0.40869999999999995,0.1117,0.3138026022813047,0.4573066049573496,0,0,0,0,0,0,0,0,0,0,0,0,0
4207,2017,0,35.3,2.65,3.27,2.16,1.4187206991759163,3.14,1.37,33.67327782256671,50.76879531674424,0.06558299685139549,6.965220093863537,0.8800210810810897,0.3333333333333333,0.16666666666666666,37,LION,1.9697138641187855,0,0.0,0.353,0.0265,0.3367327782256671,0.5076879531674424,0,0,0,0,0,0,0,0,0,0,0,0,0
4206,2018,0,36.69,3.46,3.51,2.43,1.4848118686086986,3.39,1.62,31.7472574556266,46.51425901943576,0.09309831126638302,7.410653076253642,0.7443828137241578,0.3333333333333333,0.25,38,LION,2.1498783837062843,0,0.0,0.3669,0.0346,0.317472574556266,0.4651425901943576,0,0,0,0,0,0,0,0,0,0,0,0,0
4205,2019,0,36.31,0.25,5.2,3.29,1.991085748349171,2.83,1.4,31.876825447612323,46.792924224484864,0.02632353380920167,4.825399544256735,0.5193835551784701,0.3333333333333333,0.0,40,LION,2.1370752449720594,0,0.0,0.36310000000000003,0.0025,0.3187682544761232,0.46792924224484866,0,0,0,0,0,0,0,0,0,0,0,0,0
4204,2020,0,33.37,-3.21,3.86,2.5,1.3546987143149025,2.37,1.2,31.596013113881007,46.190309295523946,-0.058623714969102916,5.702563942372603,0.4041203950404308,0.4,0.18181818181818182,37,LION,2.164956276005938,0,0.0,0.3337,-0.0321,0.31596013113881005,0.46190309295523946,0,0,0,0,0,0,0,0,0,0,0,0,0
4203,2021,0,33.91,-2.91,3.25,1.91,0.9381303006588118,2.24,1.15,32.175555561712194,47.43946792174444,-0.011543030488474566,7.20572389506414,0.38189360512112497,0.75,0.0,38,LION,2.1079494433824335,0,0.0,0.33909999999999996,-0.0291,0.32175555561712194,0.4743946792174444,0,0,0,0,0,0,0,0,0,0,0,0,0
4202,2022,0,35.98,0.57,3.5,1.75,0.70505524867187,2.88,1.21,30.63313222907624,44.161042891887085,0.019790503259566265,7.383139366331463,0.9256983083775265,0.3333333333333333,0.6666666666666666,34,LION,2.264439276146968,0,0.0,0.35979999999999995,0.005699999999999999,0.3063313222907624,0.44161042891887087,0,0,0,0,0,0,0,0,0,0,0,0,0
4201,2023,0,31.15,1.47,3.03,1.63,0.43846136142769077,2.73,1.37,33.854846230415404,51.182655570426405,0.0650312131687632,6.3267600551386725,0.6086730736716973,0.3333333333333333,0.5714285714285714,34,LION,1.9537868616918834,0,0.0,0.3115,0.0147,0.33854846230415403,0.511826555704264,0,0,0,0,0,0,0,0,0,0,0,0,0
4235,2013,0,18.93,-1.78,1.19,0.64,0.019443626361264215,3.13,2.55,33.56,69.43,0.08099543054547631,9.253594512748707,0.5455970841968008,0.6666666666666666,0.3333333333333333,32,LMPI,1.440299582313121,0,,0.1893,-0.0178,0.3356,0.6943,0,0,0,0,0,0,0,0,0,0,0,0,0
4234,2014,0,20.0,0.34,1.24,0.71,0.024726155855574798,2.14,2.04,33.52,68.52,0.08878241664165903,9.545543476684978,0.446072590012434,0.3333333333333333,0.0,34,LMPI,1.4594279042615297,0,0.0,0.2,0.0034000000000000002,0.33520000000000005,0.6851999999999999,0,0,0,0,0,0,0,0,0,0,0,0,0
4233,2015,0,23.16,0.88,1.51,0.96,0.021149744928697187,1.84,1.81,35.03,69.24,0.11323965939414858,10.886913934489252,0.28404569842025046,0.2857142857142857,0.3333333333333333,36,LMPI,1.4442518775274409,0,0.0,0.2316,0.0088,0.3503,0.6923999999999999,0,0,0,0,0,0,0,0,0,0,0,0,0
4232,2016,0,24.85,1.68,1.51,0.97,0.01184705995838029,1.64,1.62,33.13,65.78,0.10267600401546775,11.785640456597736,0.3335599831433033,0.4,0.0,37,LMPI,1.5202189115232592,0,0.0,0.24850000000000003,0.0168,0.33130000000000004,0.6578,0,0,0,0,0,0,0,0,0,0,0,0,0
4231,2017,0,19.65,-7.57,1.59,0.92,0.015560043901517898,1.64,1.54,36.41,80.76,-0.01094566383569603,4.84640939226324,0.44762689235596514,0.5,0.0,37,LMPI,1.2382367508667655,0,0.0,0.19649999999999998,-0.0757,0.3641,0.8076000000000001,0,0,0,0,0,0,0,0,0,0,0,0,0
4230,2018,0,10.9,-10.18,1.39,0.7,0.013767866179239805,2.19,1.64,36.9,87.83,-0.06959998354942516,5.310125500017569,0.4394270696627033,0.5,0.3333333333333333,38,LMPI,1.1385631333257429,0,0.0,0.109,-0.1018,0.369,0.8783,0,0,0,0,0,0,0,0,0,0,0,0,0
4229,2019,0,9.65,-8.05,1.19,0.47,0.006911220740295087,3.73,1.7,38.29,97.61,-0.06877612668069359,7.49091650513638,0.31023656809045047,0.5,0.3333333333333333,40,LMPI,1.0244851961889152,0,0.0,0.0965,-0.0805,0.3829,0.9761,0,0,0,0,0,0,0,0,0,0,0,0,0
4228,2020,0,8.72,-8.05,1.12,0.42,0.00843877612219697,6.06,1.62,37.28,105.6,-0.05749692707102687,6.591178133264981,0.34777240134254045,0.4,0.0,37,LMPI,0.9469696969696969,0,0.0,0.0872,-0.0805,0.3728,1.056,0,0,0,0,0,0,0,0,0,0,0,0,0
4227,2021,0,13.86,-2.53,1.17,0.41,0.005786131425641909,8.43,1.63,38.5,118.9,0.025267666710600545,4.406868856435981,0.8625287187103199,0.3333333333333333,0.2857142857142857,38,LMPI,0.8410428931875525,0,0.0,0.1386,-0.0253,0.385,1.189,0,0,0,0,0,0,0,0,0,0,0,0,0
4226,2022,0,12.86,-4.28,1.15,0.45,0.010100832796676493,7.52,1.64,36.62,123.46,-0.00696161344463343,4.080446547907017,0.5680041074426564,0.6,0.2,34,LMPI,0.8099789405475458,0,0.0,0.1286,-0.042800000000000005,0.36619999999999997,1.2346,0,0,0,0,0,0,0,0,0,0,0,0,0
4225,2023,0,12.02,-5.13,1.01,0.46,0.014722818463701848,5.46,1.72,37.55,141.69,-0.015505064489041603,10.445889892457329,0.6324183307480522,0.0,0.0,34,LMPI,0.7057661091114404,0,0.0,0.1202,-0.0513,0.37549999999999994,1.4169,0,0,0,0,0,0,0,0,0,0,0,0,0
4259,2013,0,10.42,5.61,4.2,2.53,1.6471438359051236,9.75,5.69,3.15,4.05,0.5751975580587129,30.771471723154807,0.6952233622842731,0.375,0.14285714285714285,32,LMSH,24.691358024691358,0,,0.1042,0.056100000000000004,0.0315,0.0405,0,0,0,0,0,0,0,0,0,0,0,0,0
4258,2014,0,6.89,2.97,5.57,3.97,2.483100110758247,10.29,6.04,2.86,3.45,0.2978137713745054,26.168020793712518,0.5340177140149152,0.5,0.0,34,LMSH,28.98550724637681,0,0.0,0.0689,0.0297,0.0286,0.0345,0,0,0,0,0,0,0,0,0,0,0,0,0
4257,2015,0,5.95,1.11,8.09,6.05,4.145717286308695,7.76,6.14,1.17,1.39,0.08118945284961246,11.892210534237524,0.49092248248854914,0.6,0.0,36,LMSH,71.94244604316548,0,0.0,0.059500000000000004,0.0111,0.011699999999999999,0.0139,0,0,0,0,0,0,0,0,0,0,0,0,0
4256,2016,0,11.69,3.96,2.77,1.57,0.9858077788463953,7.85,4.27,5.18,7.19,0.17162463822904434,12.690802918514827,0.4827966646529772,0.3333333333333333,0.6666666666666666,37,LMSH,13.908205841446453,0,0.0,0.11689999999999999,0.039599999999999996,0.0518,0.0719,0,0,0,0,0,0,0,0,0,0,0,0,0
4255,2017,0,12.46,5.78,4.28,2.6,1.750720852764227,12.13,5.04,2.99,3.71,0.5450949310602712,13.202048889092676,0.4739936009327098,0.0,0.125,37,LMSH,26.954177897574123,0,0.0,0.1246,0.057800000000000004,0.029900000000000003,0.0371,0,0,0,0,0,0,0,0,0,0,0,0,0
4254,2018,0,6.2,1.2,5.29,3.46,1.7455033109151787,12.68,6.72,0.88,1.07,0.1779568195362337,14.22720209514916,0.4196177056478769,0.42857142857142855,0.0,38,LMSH,93.45794392523364,0,0.0,0.062,0.012,0.0088,0.010700000000000001,0,0,0,0,0,0,0,0,0,0,0,0,0
4253,2019,0,-3.9,-10.26,3.72,2.28,1.2413438179788348,8.48,5.9,3.68,4.77,-0.5712310430878398,10.469525826965226,0.40140706605602255,0.5714285714285714,0.0,40,LMSH,20.9643605870021,0,0.0,-0.039,-0.1026,0.0368,0.04769999999999999,0,0,0,0,0,0,0,0,0,0,0,0,0
4252,2020,0,2.25,-6.46,3.44,1.83,1.1865215472849093,6.95,3.57,4.47,5.92,-0.21907178852355927,10.132646843516424,0.3721224033772728,0.4,0.0,37,LMSH,16.89189189189189,0,0.0,0.0225,-0.0646,0.0447,0.0592,0,0,0,0,0,0,0,0,0,0,0,0,0
4251,2021,0,9.86,3.86,4.5,2.47,1.3615325173933475,9.67,3.99,4.41,5.55,0.21285830094506344,11.632683661260737,0.6230189996825978,0.3333333333333333,0.25,38,LMSH,18.01801801801802,0,0.0,0.0986,0.038599999999999995,0.0441,0.0555,0,0,0,0,0,0,0,0,0,0,0,0,0
4250,2022,0,1.57,-2.74,6.29,3.87,2.772974638401508,10.2,4.99,1.07,1.27,-0.3040146001529977,13.878591144141126,0.5291882264786827,0.2,0.0,34,LMSH,78.74015748031496,0,0.0,0.015700000000000002,-0.0274,0.010700000000000001,0.0127,0,0,0,0,0,0,0,0,0,0,0,0,0
4249,2023,0,3.36,-5.12,5.23,3.65,2.497266088332655,7.81,4.28,1.13,1.35,-0.36509227022724616,16.660304547922088,0.40330107763872536,0.5,0.5,34,LMSH,74.07407407407406,0,0.0,0.0336,-0.0512,0.0113,0.013500000000000002,0,0,0,0,0,0,0,0,0,0,0,0,0
4283,2013,0,55.93,44.48,1.62,0.33,0.15779170180841676,22.15,0.26,52.80208698867648,111.87377496121155,0.31054247367371635,23.370167776158805,1.865222343894729,0.3333333333333333,0.0,32,LPCK,0.8938645364802574,0,,0.5593,0.4448,0.5280208698867648,1.1187377496121156,0,0,0,0,0,0,0,0,0,0,0,0,0
4282,2014,0,56.8,49.19,2.32,0.52,0.18595900888430672,18.86,0.28,39.00131802203274,63.937968423603664,0.4928510020775955,27.348540138177924,2.702764854705063,0.3333333333333333,0.3333333333333333,34,LPCK,1.5640159120708548,0,0.0,0.568,0.4919,0.39001318022032744,0.6393796842360366,0,0,0,0,0,0,0,0,0,0,0,0,0
4281,2015,0,54.66,44.96,3.75,1.33,0.8187227573541662,12.39,0.33,33.65972700416784,50.73799893208538,0.4961432743660965,6.172203007983606,1.3888216984541468,0.3333333333333333,0.3333333333333333,36,LPCK,1.9709094190697896,0,0.0,0.5466,0.4496,0.3365972700416784,0.5073799893208538,0,0,0,0,0,0,0,0,0,0,0,0,0
4280,2016,0,48.59,36.36,4.97,1.89,1.2683261311341254,7.52,0.27,24.949998854882523,33.24450163124948,0.37557542930517673,9.688534710572096,0.8284363770958694,0.3333333333333333,0.5,37,LPCK,3.0080162160109225,0,0.0,0.48590000000000005,0.3636,0.24949998854882524,0.3324450163124948,0,0,0,0,0,0,0,0,0,0,0,0,0
4279,2017,0,44.14,25.28,5.81,1.2,0.4986299295433309,6.73,0.15,38.007995341496844,61.311124798871084,0.07465790130177159,3.5817692308206714,0.2830361684955195,0.3333333333333333,0.0,37,LPCK,1.6310253698337187,0,0.0,0.4414,0.2528,0.3800799534149684,0.6131112479887109,0,0,0,0,0,0,0,0,0,0,0,0,0
4278,2018,0,59.52,95.43,5.96,1.92,0.9023918818512148,7.82,0.15,18.379183539061106,22.51776487418108,0.49306024909264834,11.559508851443828,0.1363341544015507,0.3333333333333333,0.3333333333333333,38,LPCK,4.440938101927702,0,0.0,0.5952000000000001,0.9543,0.18379183539061106,0.2251776487418108,0,0,0,0,0,0,0,0,0,0,0,0,0
4277,2019,0,39.34,23.16,6.62,1.28,0.8410429276860699,5.9,0.22,10.939365400170944,12.283053505428246,0.2557271382039132,29.19883344000456,0.24992313362656193,0.42857142857142855,0.0,40,LPCK,8.141298086490222,0,0.0,0.3934,0.2316,0.10939365400170944,0.12283053505428246,0,0,0,0,0,0,0,0,0,0,0,0,0
4276,2020,0,37.33,-202.29,3.13,0.48,0.3740627163363295,12.51,0.21,32.31015363848401,47.73264437021007,-0.16675253661307704,7.697643310156671,0.5783459960402252,0.3333333333333333,0.0,37,LPCK,2.0950023054329243,0,0.0,0.37329999999999997,-2.0229,0.3231015363848401,0.4773264437021007,0,0,0,0,0,0,0,0,0,0,0,0,0
4275,2021,0,31.8,7.78,3.17,0.35,0.25843184532722896,76.36,0.22,29.860199810893533,42.57240501168575,0.12032412484129769,9.420110131290166,0.5039714709629206,0.5,0.25,38,LPCK,2.348939412103941,0,0.0,0.318,0.07780000000000001,0.29860199810893534,0.42572405011685754,0,0,0,0,0,0,0,0,0,0,0,0,0
4274,2022,0,53.31,24.35,3.38,0.28,0.17216705218864,48.25,0.1,28.39092912187916,39.64711282206235,0.15507364636334114,9.632202773580332,0.40022876189420703,0.0,0.0,34,LPCK,2.522251757619869,0,0.0,0.5331,0.24350000000000002,0.2839092912187916,0.39647112822062347,0,0,0,0,0,0,0,0,0,0,0,0,0
4273,2023,0,48.76,10.35,3.69,0.28,0.168891078998302,44.87,0.09,29.854173713878467,42.56015688247037,0.0796959174148621,7.545067823153837,0.3156496978645996,0.2857142857142857,0.0,34,LPCK,2.3496153991196373,0,0.0,0.4876,0.1035,0.2985417371387847,0.42560156882470374,0,0,0,0,0,0,0,0,0,0,0,0,0
4307,2013,0,32.69,11.08,2.48,1.51,1.0964831287241368,4.54,1.43,27.671496304924624,38.25807930389172,0.14080744327350359,21.0123162246806,0.7466015237422048,0.3,0.2,32,LPIN,2.61382698294077,0,,0.32689999999999997,0.1108,0.27671496304924625,0.3825807930389172,0,0,0,0,0,0,0,0,0,0,0,0,0
4306,2014,0,27.56,-13.42,2.16,0.81,0.199221888296571,3.95,1.02,26.897941034784367,36.7950525820118,-0.007261454920332484,15.07783129167524,0.9969339777146109,0.3333333333333333,0.5,34,LPIN,2.7177566814753664,0,0.0,0.2756,-0.13419999999999999,0.2689794103478437,0.367950525820118,0,0,0,0,0,0,0,0,0,0,0,0,0
4305,2015,0,28.99,-23.36,0.79,0.57,0.3103248296286341,2.89,1.19,64.05215429874119,178.18078677381823,0.02452759407497742,5.313199296452008,0.9804966068273964,0.75,0.0,36,LPIN,0.5612277384706998,0,0.0,0.2899,-0.2336,0.6405215429874118,1.7818078677381823,0,0,0,0,0,0,0,0,0,0,0,0,0
4304,2016,0,36.44,-45.18,0.71,0.56,0.3472105433564753,3.81,2.24,89.20241016384186,826.1326047515494,-0.15601426048100112,1.3144483708808872,2.224051839356197,0.3333333333333333,0.5,37,LPIN,0.12104594277582584,0,0.0,0.3644,-0.4518,0.8920241016384186,8.261326047515494,0,0,0,0,0,0,0,0,0,0,0,0,0
4303,2017,0,25.01,186.48,5.21,3.65,1.2160463760064093,2.07,1.91,13.671171292445097,15.836159828783464,0.37440047178714214,22.005003486343785,0.5990458489611946,0.3333333333333333,0.5,37,LPIN,6.314662208589367,0,0.0,0.2501,1.8647999999999998,0.13671171292445097,0.15836159828783464,0,0,0,0,0,0,0,0,0,0,0,0,0
4302,2018,0,24.73,34.4,7.92,5.15,3.4825125511886035,2.23,1.63,9.292563377205616,10.244544133518636,0.38769538201438064,26.64997347247074,0.386440737141151,0.5,0.25,38,LPIN,9.761293298821835,0,0.0,0.2473,0.344,0.09292563377205615,0.10244544133518635,0,0,0,0,0,0,0,0,0,0,0,0,0
4301,2019,0,20.64,33.86,13.04,10.07,7.386122435748278,3.39,1.75,6.653229105956196,7.127433592221581,0.17778741181908245,28.991651694964528,0.3979574156640626,0.3333333333333333,0.3333333333333333,40,LPIN,14.030295576395622,0,0.0,0.2064,0.3386,0.06653229105956196,0.07127433592221581,0,0,0,0,0,0,0,0,0,0,0,0,0
4300,2020,0,22.47,6.53,9.05,7.68,5.832612772626883,3.76,2.9,8.238363182789662,8.978003737226837,0.19474489315135754,29.01495819680473,0.33289543023833407,0.5,0.5,37,LPIN,11.138333523448544,0,0.0,0.22469999999999998,0.0653,0.08238363182789663,0.08978003737226838,0,0,0,0,0,0,0,0,0,0,0,0,0
4299,2021,0,22.16,19.43,7.26,5.42,2.9911015840480424,4.06,3.67,8.63892451200873,9.45580430819715,0.37267117047057413,25.591786319814794,1.7582179504506554,0.3333333333333333,0.5,38,LPIN,10.575514968442283,0,0.0,0.2216,0.1943,0.0863892451200873,0.09455804308197151,0,0,0,0,0,0,0,0,0,0,0,0,0
4298,2022,0,24.4,15.45,5.19,2.76,0.5342561293321255,4.09,2.9,9.685600464653112,10.724314743256864,0.7890789102043066,43.4563422964601,0.54387136416524,0.3333333333333333,0.0,34,LPIN,9.324605104757588,0,0.0,0.244,0.1545,0.09685600464653112,0.10724314743256863,0,0,0,0,0,0,0,0,0,0,0,0,0
4297,2023,0,29.57,13.8,8.61,4.83,2.256688180505498,2.96,1.6,6.738445631044172,7.225319883031259,0.7450799344213849,44.704529589649475,0.48431847458012145,0.3333333333333333,0.0,34,LPIN,13.840217681552215,0,0.0,0.2957,0.138,0.06738445631044172,0.07225319883031259,0,0,0,0,0,0,0,0,0,0,0,0,0
4331,2013,0,45.7,23.89,4.96,2.09,1.6867803102702623,6.29,0.3,24.96,55.1,0.08348869745230016,2.1544103156140966,1.4812617858616892,0.3333333333333333,0.0,32,LPKR,1.8148820326678765,0,,0.457,0.2389,0.24960000000000002,0.551,0,0,0,0,0,0,0,0,0,0,0,0,0
4330,2014,0,44.54,27.83,5.17,2.32,1.5640869949243479,7.5,0.41,26.42,56.75,0.14227807744959844,2.2214073018403817,1.3358759831937999,0.3333333333333333,0.0,34,LPKR,1.7621145374449338,0,0.0,0.4454,0.2783,0.2642,0.5675,0,0,0,0,0,0,0,0,0,0,0,0,0
4329,2015,0,44.95,11.77,6.91,2.7,1.5972049243970414,4.29,0.26,29.94,65.41,0.06386861920589709,2.0776996228801337,1.2626582459176101,0.4,0.5,36,LPKR,1.5288182235132242,0,0.0,0.4495,0.1177,0.2994,0.6541,0,0,0,0,0,0,0,0,0,0,0,0,0
4328,2016,0,44.16,11.42,5.45,2.05,1.402074098325607,4.83,0.27,29.96,61.9,0.06431762203390061,2.3248606204389746,0.7526990668407569,0.3333333333333333,0.5714285714285714,37,LPKR,1.6155088852988693,0,0.0,0.4416,0.1142,0.29960000000000003,0.619,0,0,0,0,0,0,0,0,0,0,0,0,0
4327,2017,0,40.43,-6.83,4.17,0.95,0.3298795474447313,4.13,0.23,26.94,56.69,-0.017164575479133297,2.3413162458916443,0.4621750010411535,0.3333333333333333,0.14285714285714285,37,LPKR,1.7639795378373613,0,0.0,0.4043,-0.0683,0.26940000000000003,0.5669,0,0,0,0,0,0,0,0,0,0,0,0,0
4326,2018,0,41.66,14.75,4.03,0.93,0.26589957417018395,4.25,0.25,30.3,60.1,0.019775363578956158,2.5340862590894533,0.2368657637838147,0.75,0.5,38,LPKR,1.663893510815308,0,0.0,0.41659999999999997,0.1475,0.303,0.601,0,0,0,0,0,0,0,0,0,0,0,0,0
4325,2019,0,31.44,-16.93,5.41,1.41,0.7311722824817755,4.88,0.32,22.25,35.64,-0.07014779228339363,3.487075056820669,0.4991026079100511,0.3333333333333333,0.4,40,LPKR,2.8058361391694726,0,0.0,0.3144,-0.1693,0.2225,0.3564,0,0,0,0,0,0,0,0,0,0,0,0,0
4324,2020,0,6.3,-81.6,3.13,0.61,0.31476098884626597,5.49,0.41,34.55,76.02,-0.12585292747993457,2.330494350734483,0.6436072781658169,0.5,0.0,37,LPKR,1.3154433043935807,0,0.0,0.063,-0.816,0.3455,0.7602,0,0,0,0,0,0,0,0,0,0,0,0,0
4323,2021,0,38.76,-10.06,3.27,0.83,0.5345054797710631,8.84,0.4,38.15,88.35,0.023356232640817123,2.124921406616452,0.4445706923816494,0.25,0.0,38,LPKR,1.1318619128466327,0,0.0,0.3876,-0.10060000000000001,0.3815,0.8835,0,0,0,0,0,0,0,0,0,0,0,0,0
4322,2022,0,40.79,-15.86,3.13,0.62,0.3050317608053219,8.49,0.37,42.49,110.72,0.045594862725938747,1.8941765880811468,0.29263194085849287,0.6666666666666666,0.5,34,LPKR,0.9031791907514451,0,0.0,0.4079,-0.1586,0.4249,1.1072,0,0,0,0,0,0,0,0,0,0,0,0,0
4321,2023,0,43.62,3.88,3.0,0.58,0.28149489605028466,8.99,0.4,40.89,103.39,0.11408690975318606,1.978344706685671,0.3507577580942702,0.3333333333333333,0.4,34,LPKR,0.9672115291614276,0,0.0,0.4362,0.0388,0.4089,1.0339,0,0,0,0,0,0,0,0,0,0,0,0,0
4355,2013,0,37.15,295.65,29.02,0.89,28.207565355608914,2.2548715624776396,32.99167374681393,0.13,0.13,0.10378927392518743,80.82167395377888,0.10852020794545708,0.3333333333333333,0.0,32,LPLI,769.2307692307693,0,,0.3715,2.9564999999999997,0.0013,0.0013,0,0,1,0,1,0,0,0,0,0,0,0,2
4354,2014,0,44.5,562.67,32.66,0.9,31.14866194411649,2.6764663866746665,0.10790832128845756,0.2,0.2,0.0031454578649487493,84.01641449194892,0.0032768985549291216,0.6666666666666666,0.0,34,LPLI,500.0,0,0.0,0.445,5.6267,0.002,0.002,0,1,1,0,1,0,0,0,0,0,0,0,3
4353,2015,0,52.28,-313.16,29.31,0.78,27.43442892112962,4.505973715651135,-0.4575713734567901,10.8,12.57,-0.01941797246095101,8.593868221371892,-0.022594621317080534,0.8,0.25,36,LPLI,7.955449482895784,0,0.0,0.5228,-3.1316,0.10800000000000001,0.1257,0,0,1,0,1,0,0,0,0,0,0,0,2
4352,2016,0,48.9,-247.24,16.77,0.67,16.422902103730706,3.305747391037446,-7.797031688728439,11.62,13.77,-0.018444181395933606,8.466194500155245,-0.021847224532551668,0.8,0.25,37,LPLI,7.262164124909224,0,0.0,0.489,-2.4724,0.1162,0.1377,0,0,0,0,1,0,1,0,0,0,0,0,2
4351,2017,0,52.94,-380.12,11.96,0.58,11.593878712026397,3.3273040798356326,-2.6966434452184926,13.59,16.77,-0.007743864439330635,6.9231730888585465,-0.009560647315848641,0.3333333333333333,0.25,37,LPLI,5.963029218843173,0,0.0,0.5294,-3.8012,0.1359,0.1677,0,0,0,0,0,0,1,0,0,0,0,0,1
4350,2018,0,48.46,-74.3,3.79,0.41,3.6293399426037047,2.897883285252511,-20.38907284768212,15.72,20.41,-0.01877671565282821,10.206028410799384,-0.024378076952770073,0.0,0.0,38,LPLI,4.899559039686428,0,0.0,0.48460000000000003,-0.743,0.1572,0.2041,0,0,0,0,0,0,1,0,0,0,0,0,1
4349,2019,0,45.84,-30.28,4.49,0.49,4.4285198274702005,8.414330626146189,5.324584426946632,18.53,23.35,0.006059224287871894,12.989632081859906,0.0076383302103113695,0.4,0.4,40,LPLI,4.282655246252676,0,0.0,0.45840000000000003,-0.3028,0.18530000000000002,0.2335,0,0,0,0,0,0,0,0,0,0,0,0,0
4348,2020,0,-5.61,-141.37,4.33,0.46,4.271938589764444,2.110043791495974,-26.974025974025974,18.88,23.89,-0.00888368974665231,12.061015934764718,-0.01123821968636331,0.4,0.0,37,LPLI,4.185851820845542,0,0.0,-0.056100000000000004,-1.4137,0.1888,0.2389,0,0,0,0,0,0,1,0,0,0,0,0,1
4347,2021,0,-113.38,3997.78,65.25,0.69,64.45569741768263,0.8062840820566086,237.99659863945578,0.0,0.0,0.14366744039693286,541.9865016872891,0.14548891018990012,0.3333333333333333,0.0,38,LPLI,,0,0.0,-1.1338,39.9778,0.0,0.0,0,1,1,0,1,0,0,1,0,0,1,0,5
4346,2022,0,15.67,154.56,65.59,0.72,64.8734867313397,3.05320317266626,-11.007761966364813,0.16,0.16,-0.007559953657635118,660.1797153024911,-0.007656267855102274,0.3333333333333333,0.4,34,LPLI,625.0,0,0.0,0.1567,1.5456,0.0016,0.0016,0,0,1,0,1,0,1,0,0,0,1,0,4
4345,2023,0,4.35,1512.15,18.01,0.67,17.901567388596945,4.79489516864175,8.004868154158215,0.2,0.21,0.01171965715310688,940.0493898895991,0.012209610272606218,0.3333333333333333,0.6,34,LPLI,476.1904761904762,0,0.0,0.0435,15.121500000000001,0.002,0.0021,0,1,0,0,1,0,0,0,0,0,1,0,3
4379,2013,0,61.54,17.03,0.9,0.52,0.40854129842591796,97.24,4.21,64.360127509379,-475.86220135863584,0.4887312701068835,0.57257067961728,-41.07787184593254,0.3333333333333333,0.0,32,LPPF,-0.21014486907026791,1,,0.6154,0.1703,0.64360127509379,-4.758622013586359,0,0,0,0,0,0,0,0,0,0,0,1,1
4378,2014,0,60.73,17.91,0.84,0.46,0.31204623666032566,91.99,3.73,73.79299574503494,2042.9672930938136,0.6416740249765573,1.216634247861039,274.8207129088363,0.5,0.0,34,LPPF,0.048948409667666656,0,0.0,0.6073,0.1791,0.7379299574503494,20.429672930938136,0,0,0,0,0,0,0,0,0,0,0,1,1
4377,2015,0,60.17,19.77,0.93,0.52,0.38813143343990647,97.16,3.68,62.71101853782605,251.60070766891437,0.8404120693149137,4.214573828136352,46.426405965826135,0.375,0.16666666666666666,36,LPPF,0.3974551618972062,0,0.0,0.6017,0.1977,0.6271101853782605,2.5160070766891436,0,0,0,0,0,0,0,0,0,0,0,0,0
4376,2016,0,60.02,20.41,1.15,0.76,0.6617502860891517,116.03,3.98,53.27061103407,161.8998158192754,0.8437090392141522,5.467440118859279,23.788533879389384,0.375,0.25,37,LPPF,0.6176659281170982,0,0.0,0.6002000000000001,0.2041,0.5327061103407,1.618998158192754,0,0,0,0,0,0,0,0,0,0,0,0,0
4375,2017,0,59.44,19.03,1.14,0.75,0.606251895953155,81.33,4.1,48.104276318092595,133.1383578502439,0.7771146474477172,5.76443717676626,12.534093132043376,0.3333333333333333,0.0,37,LPPF,0.7510983432173737,0,0.0,0.5943999999999999,0.19030000000000002,0.4810427631809259,1.3313835785024388,0,0,0,0,0,0,0,0,0,0,0,0,0
4374,2018,0,59.05,10.71,1.1,0.63,0.43217579606768497,66.86,3.69,54.400229846898455,177.36085135816828,0.7317550817122942,4.777018327346248,8.998837581533053,0.5,0.16666666666666666,38,LPPF,0.5638222822806412,0,0.0,0.5905,0.10710000000000001,0.5440022984689845,1.7736085135816828,0,0,0,0,0,0,0,0,0,0,0,0,0
4373,2019,0,56.58,13.3,1.06,0.64,0.451338978281564,76.87,3.77,53.7531011336855,176.6996044375817,0.5824579275458537,4.575900205550687,6.760778694477985,0.25,0.0,40,LPPF,0.5659322233249511,0,0.0,0.5658,0.133,0.537531011336855,1.766996044375817,0,0,0,0,0,0,0,0,0,0,0,0,0
4372,2020,0,38.65,-18.04,0.56,0.25,0.18343801421419317,49.97,3.03,45.20124309352921,987.399461038894,-0.14655427821335681,1.2016611281846272,5.761892927942346,0.5,0.0,37,LPPF,0.10127613387066754,0,0.0,0.3865,-0.1804,0.4520124309352921,9.873994610388939,0,0,0,0,0,0,0,0,0,0,0,0,0
4371,2021,0,47.73,16.34,0.73,0.37,0.3195057689595004,91.41,3.61,35.37793513123482,481.6492904375072,0.22361765330507752,1.3624846092894491,10.833817876640701,0.4,0.4,38,LPPF,0.2076199466818788,0,0.0,0.47729999999999995,0.1634,0.3537793513123482,4.816492904375072,0,0,0,0,0,0,0,0,0,0,0,0,0
4370,2022,0,56.16,21.43,0.61,0.23,0.15038268354314321,115.15,3.49,40.96998426320259,891.1364717562619,0.3575831814490103,1.2061566560893189,19.358340064188745,0.375,0.14285714285714285,34,LPPF,0.11221625774435968,0,0.0,0.5616,0.2143,0.4096998426320259,8.91136471756262,0,0,0,0,0,0,0,0,0,0,0,0,0
4369,2023,0,53.42,10.33,0.49,0.22,0.17190482689164188,98.2,3.67,50.217315296452824,190.307046652352,0.1995227755195261,1.010611454972087,147.06831153620925,0.0,0.16666666666666666,34,LPPF,0.5254666170227391,0,0.0,0.5342,0.1033,0.5021731529645282,1.90307046652352,0,0,0,0,0,0,0,0,0,0,0,0,0
4403,2013,0,29.63,2.07,0.24,0.15,0.01731224931034351,45.95,22.01,24.72,40.98,0.10890128764561115,5.123720037823896,0.0,0.3333333333333333,0.6666666666666666,32,LRNA,2.4402147388970232,0,,0.2963,0.0207,0.24719999999999998,0.40979999999999994,0,0,0,0,0,0,0,0,0,0,0,0,0
4402,2014,0,34.41,1.39,0.61,0.51,0.2825466901331458,69.46,16.38,10.94,14.38,0.06165333582949355,12.019003923378706,0.26148884226822555,0.3333333333333333,0.16666666666666666,34,LRNA,6.954102920723226,0,0.0,0.34409999999999996,0.0139,0.1094,0.1438,0,0,0,0,0,0,0,0,0,0,0,0,0
4401,2015,0,24.85,-1.02,0.99,0.87,0.4111025511091675,53.07,22.08,6.82,8.43,-0.037835619407554956,12.989375401253017,0.15701413220397542,0.3333333333333333,0.0,36,LRNA,11.862396204033216,0,0.0,0.24850000000000003,-0.0102,0.0682,0.0843,0,0,0,0,0,0,0,0,0,0,0,0,0
4400,2016,0,10.09,-22.47,0.99,0.84,0.4333786610114861,25.95,19.67,9.17,11.31,-0.5153662035172881,15.810370483009613,0.30756777986636,0.3333333333333333,0.16666666666666666,37,LRNA,8.841732979664014,0,0.0,0.1009,-0.22469999999999998,0.0917,0.1131,0,0,0,0,0,0,0,0,0,0,0,0,0
4399,2017,0,0.37,-36.09,1.39,1.18,0.6226189309990217,17.44,17.21,2.96,3.59,-0.8374043419028052,13.454425427524262,0.15532127548804106,0.3333333333333333,0.2,37,LRNA,27.855153203342617,0,0.0,0.0037,-0.36090000000000005,0.0296,0.0359,0,0,0,0,0,0,0,0,0,0,0,0,0
4398,2018,0,7.87,-29.22,1.65,1.37,0.8372753153438331,12.41,16.13,4.99,5.81,-0.6994852193297174,12.239449380384645,0.13971545368414515,0.3333333333333333,0.0,38,LRNA,17.21170395869191,0,0.0,0.0787,-0.2922,0.0499,0.0581,0,0,0,0,0,0,0,0,0,0,0,0,0
4397,2019,0,24.26,-5.5,2.28,1.86,0.9937251882033121,12.7,14.81,5.03,5.83,-0.151383589092653,11.527962136068624,0.17555336088801943,0.5,0.42857142857142855,40,LRNA,17.152658662092627,0,0.0,0.2426,-0.055,0.050300000000000004,0.0583,0,0,0,0,0,0,0,0,0,0,0,0,0
4396,2020,0,-14.54,-66.15,0.8,0.52,0.0365193373260975,7.81,10.91,6.5,8.06,-0.768134522140731,8.769339032496475,0.3208715441485899,0.6666666666666666,0.25,37,LRNA,12.406947890818858,0,0.0,-0.1454,-0.6615000000000001,0.065,0.0806,0,0,0,0,0,0,0,0,0,0,0,0,0
4395,2021,0,-2.24,-37.7,1.01,0.67,0.05296266915550311,11.92,10.95,4.98,6.21,-0.5148899142237771,7.834385899149044,0.3681691032517328,0.3333333333333333,0.16666666666666666,38,LRNA,16.10305958132045,0,0.0,-0.022400000000000003,-0.377,0.049800000000000004,0.0621,0,0,0,0,0,0,0,0,0,0,0,0,0
4394,2022,0,7.4,-22.89,0.75,0.58,0.05021171120709821,14.19,16.44,6.79,8.94,-0.3576665292461595,6.631891741923645,0.38323798076175214,0.5,0.5,34,LRNA,11.185682326621924,0,0.0,0.07400000000000001,-0.2289,0.0679,0.0894,0,0,0,0,0,0,0,0,0,0,0,0,0
4393,2023,0,27.49,-0.84,0.85,0.65,0.04623378680278303,10.08,16.48,3.45,4.04,-0.04111174667497618,10.938731864754534,0.20549328893850335,0.6666666666666666,0.25,34,LRNA,24.752475247524753,0,0.0,0.2749,-0.0084,0.0345,0.0404,0,0,0,0,0,0,0,0,0,0,0,0,0
4427,2013,0,30.08,18.59,2.49,2.02,1.7454057453870633,48.94,5.7,82.3278772823724,25.744561903620767,0.506585702845602,8.584178101936928,2.059787611869255,0.0,0.0,32,LSIP,3.8843154672574096,0,,0.30079999999999996,0.1859,0.823278772823724,0.25744561903620766,0,0,0,0,0,0,0,0,0,0,0,0,0
4426,2014,0,32.26,19.66,2.5,1.99,1.8171408669560092,46.94,8.54,91.77673696784449,24.42255671973918,0.7400174826708141,8.266246776896379,1.8414343292598727,0.5,0.16666666666666666,34,LSIP,4.0945754020575755,0,0.0,0.3226,0.1966,0.9177673696784449,0.2442255671973918,0,0,0,0,0,0,0,0,0,0,0,0,0
4425,2015,0,26.34,14.88,2.22,1.52,1.2905515422944804,42.56,7.94,119.09705279305543,20.58896878676933,0.5154618636046528,8.809250658754518,1.2273381623384534,0.4,0.5,36,LSIP,4.856969818918807,0,0.0,0.2634,0.14880000000000002,1.1909705279305542,0.2058896878676933,0,0,0,0,0,0,0,0,0,0,0,0,0
4424,2016,0,28.55,15.41,2.7,1.73,1.4611511003334499,24.43,4.78,86.21079504358298,23.304208975988626,0.4507312437400123,8.532298828998117,1.525066790216631,0.5,0.4,37,LSIP,4.291070342830967,0,0.0,0.28550000000000003,0.15410000000000001,0.8621079504358298,0.23304208975988627,0,0,0,0,0,0,0,0,0,0,0,0,0
4423,2017,0,27.26,15.48,5.52,4.47,3.924152809075141,25.06,5.78,70.56883407827912,19.71041405922234,0.5846322462450393,7.824600579106399,1.1771503896692777,0.5,0.0,37,LSIP,5.073460136328837,0,0.0,0.2726,0.1548,0.7056883407827912,0.19710414059222342,0,0,0,0,0,0,0,0,0,0,0,0,0
4422,2018,0,16.85,8.19,4.66,3.56,3.1696105667912824,24.55,6.58,69.76907374591197,20.46508217177407,0.19023619276613837,8.058958233964017,1.023578750645544,0.5,0.0,38,LSIP,4.8863717800225785,0,0.0,0.1685,0.0819,0.6976907374591197,0.2046508217177407,0,0,0,0,0,0,0,0,0,0,0,0,0
4421,2019,0,15.06,6.83,4.7,3.57,2.4240798104565924,11.92,5.7,78.7606260267987,20.319138671530272,0.12993290564980062,7.74475562215083,1.1922048582726363,0.5,0.0,40,LSIP,4.9214684547683545,0,0.0,0.1506,0.0683,0.7876062602679871,0.2031913867153027,0,0,0,0,0,0,0,0,0,0,0,0,0
4420,2020,0,30.32,19.66,4.89,4.01,3.281168499426303,8.76,4.69,56.037736172107074,17.62220002472451,0.5080686556803238,9.933881443184912,1.0102414981372623,0.6666666666666666,0.3333333333333333,37,LSIP,5.674660363615031,0,0.0,0.3032,0.1966,0.5603773617210708,0.1762220002472451,0,0,0,0,0,0,0,0,0,0,0,0,0
4419,2021,0,39.91,21.91,6.18,5.35,4.835026903795244,14.0,4.91,38.53205322844385,16.287003272171937,0.850894014180603,11.579483181548753,0.7933254481064222,0.6,0.125,38,LSIP,6.139864917376209,0,0.0,0.39909999999999995,0.2191,0.3853205322844385,0.16287003272171938,0,0,0,0,0,0,0,0,0,0,0,0,0
4418,2022,0,32.45,22.58,7.2,6.05,5.421707460398209,13.01,4.44,29.002627318433778,13.545589690725986,0.8521520874147542,15.171316052400027,0.633265588084977,0.5,0.0,34,LSIP,7.38247667936267,0,0.0,0.3245,0.22579999999999997,0.29002627318433777,0.13545589690725987,0,0,0,0,0,0,0,0,0,0,0,0,0
4417,2023,0,27.39,18.15,9.53,8.47,7.991996400328789,13.65,4.32,21.699783720428943,10.282159651678295,0.7605132837716689,19.8412445663544,0.5351293678328004,0.25,0.0,34,LSIP,9.725583280909046,0,0.0,0.27390000000000003,0.1815,0.21699783720428945,0.10282159651678295,0,0,0,0,0,0,0,0,0,0,0,0,0
4451,2013,0,16.3,2.22,1.14,0.72,0.07733567842154797,4.92,5.62,37.96,123.76,0.10766207063376874,2.342045105697775,0.4039721046328033,0.4,0.0,32,LTLS,0.8080155138978669,0,,0.163,0.0222,0.3796,1.2376,0,0,0,0,0,0,0,0,0,0,0,0,0
4450,2014,0,17.31,3.45,1.2,0.77,0.11561560193420017,4.95,5.47,39.21,119.44,0.10575187476672895,2.45489851846726,0.9147753815962049,0.25,0.2222222222222222,34,LTLS,0.8372404554588079,0,0.0,0.17309999999999998,0.0345,0.3921,1.1944,0,0,0,0,0,0,0,0,0,0,0,0,0
4449,2015,0,16.77,0.53,0.97,0.64,0.052935857591033295,5.0,6.02,42.48,141.47,0.0908498533273622,2.5477043687993683,0.4815944480804139,0.5,0.3333333333333333,36,LTLS,0.706863646002686,0,0.0,0.1677,0.0053,0.42479999999999996,1.4147,0,0,0,0,0,0,0,0,0,0,0,0,0
4448,2016,0,17.9,1.79,0.98,0.69,0.029567854718426913,4.36,6.3,42.24,142.34,0.0820861428416342,2.2888531005487747,0.32519046870309753,0.4,0.0,37,LTLS,0.702543206407194,0,0.0,0.179,0.0179,0.4224,1.4234,0,0,0,0,0,0,0,0,0,0,0,0,0
4447,2017,0,18.29,2.78,0.98,0.64,0.05141398015743066,4.49,6.48,43.88,135.29,0.09366792791637273,2.4851247974016615,0.4168710938376832,0.3333333333333333,0.0,37,LTLS,0.7391529307413703,0,0.0,0.18289999999999998,0.0278,0.4388,1.3529,0,0,0,0,0,0,0,0,0,0,0,0,0
4446,2018,0,18.22,3.29,0.95,0.52,0.05390630230160537,5.37,5.35,40.78,121.25,0.11113347430091913,2.7621763982489704,0.45147342970162474,0.4,0.2,38,LTLS,0.8247422680412372,0,0.0,0.1822,0.0329,0.4078,1.2125,0,0,0,0,0,0,0,0,0,0,0,0,0
4445,2019,0,19.61,3.45,0.84,0.45,0.03349178925519435,5.51,4.31,37.35,101.38,0.11692551817109476,3.9533653254583485,0.44051884565175126,0.0,,40,LTLS,0.9863878477017163,0,0.0,0.1961,0.0345,0.3735,1.0138,0,0,0,0,0,0,0,0,0,0,0,0,0
4444,2020,0,21.01,2.11,0.98,0.64,0.17447087349823967,5.37,4.64,35.53,85.78,0.12449644648803546,3.1961900330156117,0.334633811498375,0.25,0.0,37,LTLS,1.165772907437631,0,0.0,0.2101,0.021099999999999997,0.3553,0.8578,0,0,0,0,0,0,0,0,0,0,0,0,0
4443,2021,0,19.56,4.61,1.14,0.71,0.20821633505190582,6.39,5.98,28.21,64.08,0.15636104187631067,3.6274341769382246,0.40739535429041657,,0.0,38,LTLS,1.560549313358302,0,0.0,0.1956,0.0461,0.2821,0.6408,0,0,0,0,0,0,0,0,0,0,0,0,0
4442,2022,0,19.13,4.32,1.22,0.64,0.1096747109905466,7.11,5.44,22.54,46.0,0.1837242890261657,4.49750396683666,0.7260160089141534,0.5,0.3333333333333333,34,LTLS,2.1739130434782608,0,0.0,0.1913,0.0432,0.2254,0.46,0,0,0,0,0,0,0,0,0,0,0,0,0
4441,2023,0,16.23,2.29,1.18,0.71,0.17949084320921938,6.76,5.35,18.39,34.82,0.13303395243044572,6.785288966725044,0.6847490464370043,0.4,0.16666666666666666,34,LTLS,2.8719126938541066,0,0.0,0.1623,0.0229,0.1839,0.3482,0,0,0,0,0,0,0,0,0,0,0,0,0
4475,2013,0,17.12,5.76,1.01,0.48,0.08395485908915631,15.56,7.92,44.0,112.97,0.35875710421526247,3.360096418918827,6.23968683521784,0.625,0.14285714285714285,32,MAIN,0.8851907586084802,0,,0.17120000000000002,0.0576,0.44,1.1297,0,0,0,0,0,0,0,0,0,0,0,0,0
4474,2014,0,7.16,-1.88,1.08,0.62,0.17798172293160971,11.51,6.38,53.49,174.77,0.0075948421734372855,2.527529429345957,3.53071679930663,0.3333333333333333,0.2,34,MAIN,0.5721805801911083,0,0.0,0.0716,-0.018799999999999997,0.5349,1.7477,0,0,0,0,0,0,0,0,0,0,0,0,0
4473,2015,0,11.31,-1.3,1.33,0.83,0.34489762683888264,10.41,5.43,49.75,127.28,0.0883588778489919,2.7347581582011355,2.20465334173969,0.5,0.3333333333333333,36,MAIN,0.7856693903205532,0,0.0,0.1131,-0.013000000000000001,0.4975,1.2728,0,0,0,0,0,0,0,0,0,0,0,0,0
4472,2016,0,17.61,5.53,1.29,0.64,0.10726789703726508,12.1,5.24,42.37,90.39,0.23824765934356176,3.562370909566212,1.5838125392866527,0.5,0.25,37,MAIN,1.1063170704723972,0,0.0,0.1761,0.0553,0.42369999999999997,0.9039,0,0,0,0,0,0,0,0,0,0,0,0,0
4471,2017,0,10.3,0.79,0.87,0.4,0.09413227890230795,12.25,5.59,46.06,112.75,0.06183003225282059,4.23904370619516,1.011981804061883,0.3333333333333333,0.6666666666666666,37,MAIN,0.8869179600886918,0,0.0,0.10300000000000001,0.0079,0.4606,1.1275,0,0,0,0,0,0,0,0,0,0,0,0,0
4470,2018,0,14.05,4.24,1.64,0.63,0.12514694698964632,16.47,5.69,41.43,94.7,0.17045091274559118,2.471547307509122,1.6466204527453607,0.3333333333333333,0.0,38,MAIN,1.0559662090813093,0,0.0,0.1405,0.0424,0.4143,0.9470000000000001,0,0,0,0,0,0,0,0,0,0,0,0,0
4469,2019,0,12.1,2.04,1.18,0.42,0.0705547265596089,17.81,5.35,43.72,100.19,0.1500896399957828,3.215032395134079,1.1090888241220798,0.3333333333333333,0.2,40,MAIN,0.9981036031540074,0,0.0,0.121,0.0204,0.4372,1.0019,0,0,0,0,0,0,0,0,0,0,0,0,0
4468,2020,0,9.34,-0.56,1.2,0.41,0.10694523590959587,14.86,4.9,45.7,107.67,0.07683765963165726,2.925852622562656,0.8350531199433934,0.4,0.0,37,MAIN,0.9287638153617536,0,0.0,0.0934,-0.005600000000000001,0.457,1.0767,0,0,0,0,0,0,0,0,0,0,0,0,0
4467,2021,0,6.11,0.66,1.26,0.42,0.08471961160809892,17.6,5.58,50.56,134.22,0.02922908927765425,2.6150566450937935,0.7331602558191065,0.25,0.0,38,MAIN,0.7450454477723141,0,0.0,0.0611,0.0066,0.5056,1.3422,0,0,0,0,0,0,0,0,0,0,0,0,0
4466,2022,0,6.25,0.24,1.17,0.58,0.18907692961326328,17.75,6.4,52.84,146.33,0.04872319904925167,2.8092354064608225,0.5255943043453866,0.3333333333333333,0.25,34,MAIN,0.6833868653044488,0,0.0,0.0625,0.0024,0.5284,1.4633,0,0,0,0,0,0,0,0,0,0,0,0,0
4465,2023,0,7.86,0.52,1.18,0.52,0.1206616716443856,17.03,7.27,44.99,115.98,0.10884118685464032,3.153350895192523,0.5386936540805098,0.3333333333333333,0.6666666666666666,34,MAIN,0.8622176237282291,0,0.0,0.0786,0.0052,0.4499,1.1598,0,0,0,0,0,0,0,0,0,0,0,0,0
4499,2013,0,49.81,3.37,1.12,0.38,0.09224870409613241,27.88,2.01,35.54,114.3,0.1395836340350079,2.7521982919926353,3.7604763462689226,0.375,0.18181818181818182,32,MAPI,0.8748906386701663,0,,0.49810000000000004,0.0337,0.3554,1.143,0,0,0,0,0,0,0,0,0,0,0,0,0
4498,2014,0,46.27,0.66,1.34,0.51,0.13344453163379608,25.96,2.07,39.37,135.25,0.08614091801571985,2.088861247966085,3.3261108829649664,0.6,0.3333333333333333,34,MAPI,0.7393715341959335,0,0.0,0.46270000000000006,0.0066,0.3937,1.3525,0,0,0,0,0,0,0,0,0,0,0,0,0
4497,2015,0,45.06,0.23,1.73,0.71,0.15422737065845676,24.12,2.15,38.55,122.89,0.08030130174688968,1.9246063235194693,2.117609876331583,0.6,0.25,36,MAPI,0.8137358613394091,0,0.0,0.4506,0.0023,0.38549999999999995,1.2289,0,0,0,0,0,0,0,0,0,0,0,0,0
4496,2016,0,48.61,1.47,1.58,0.86,0.41637241960220656,24.69,2.29,42.12,140.47,0.11870730635014716,1.9711658506462806,2.79818050703657,0.4,0.0,37,MAPI,0.7118957784580338,0,0.0,0.4861,0.0147,0.42119999999999996,1.4047,0,0,0,0,0,0,0,0,0,0,0,0,0
4495,2017,0,48.21,2.15,1.49,0.82,0.3448752009259793,25.35,2.78,31.09,83.72,0.1559938561347798,2.6203049817896855,2.425977202657097,0.0,0.0,37,MAPI,1.1944577161968468,0,0.0,0.48210000000000003,0.0215,0.3109,0.8371999999999999,0,0,0,0,0,0,0,0,0,0,0,0,0
4494,2018,0,47.87,4.3,1.35,0.75,0.32651390950609016,26.84,3.13,21.93,45.7,0.22913270481555015,6.2641374920653945,2.2043203557264657,0.5,0.5,38,MAPI,2.1881838074398248,0,0.0,0.47869999999999996,0.043,0.2193,0.457,0,0,0,0,0,0,0,0,0,0,0,0,0
4493,2019,0,47.26,5.38,1.44,0.8,0.40020216494509203,33.36,3.33,13.69,25.88,0.30294689617258325,9.253828451765708,2.3760793808327607,0.3333333333333333,0.0,40,MAPI,3.8639876352395675,0,0.0,0.47259999999999996,0.0538,0.1369,0.2588,0,0,0,0,0,0,0,0,0,0,0,0,0
4492,2020,0,41.28,-3.94,1.11,0.61,0.4210051008633958,26.91,2.38,38.52,104.62,-0.005099339963560386,2.707575187535337,2.0177247130504354,0.0,0.0,37,MAPI,0.9558401835213152,0,0.0,0.4128,-0.0394,0.38520000000000004,1.0462,0,0,0,0,0,0,0,0,0,0,0,0,0
4491,2021,0,39.94,2.54,1.23,0.67,0.4719232821206281,33.08,2.97,30.35,71.08,0.12690769944008926,3.418871144250923,1.64322682009399,0.6666666666666666,0.16666666666666666,38,MAPI,1.4068655036578503,0,0.0,0.3994,0.0254,0.3035,0.7108,0,0,0,0,0,0,0,0,0,0,0,0,0
4490,2022,0,42.55,9.32,1.42,0.8,0.5507981947362736,37.22,3.67,26.99,58.14,0.27268247572142806,3.641723344342572,2.45874854035189,0.5,0.0,34,MAPI,1.719986240110079,0,0.0,0.4255,0.0932,0.2699,0.5814,0,0,0,0,0,0,0,0,0,0,0,0,0
4489,2023,0,43.09,7.04,1.36,0.62,0.37263826723739163,34.58,2.97,30.24,67.05,0.23806687503256338,4.061630493313807,2.394031438078587,0.5,0.2,34,MAPI,1.4914243102162565,0,0.0,0.43090000000000006,0.0704,0.3024,0.6705,0,0,0,0,0,0,0,0,0,0,0,0,0
4523,2013,0,14.19,1.11,1.57,0.73,0.33268157085189215,10.09,0.73,31.35,52.55,0.022941379188955995,3.5121101265947767,0.7847991102898993,0.25,0.0,32,MASA,1.9029495718363465,0,,0.1419,0.0111,0.3135,0.5255,0,0,0,0,0,0,0,0,0,0,0,0,0
4522,2014,0,14.51,0.2,1.75,0.83,0.45463274231020956,7.75,0.83,33.08,55.33,0.03636431374845959,3.401845843004303,0.8331023705602632,0.3333333333333333,0.0,34,MASA,1.807337791433219,0,0.0,0.1451,0.002,0.3308,0.5533,0,0,0,0,0,0,0,0,0,0,0,0,0
4521,2015,0,6.8,-11.33,1.29,0.7,0.4014861582260192,6.79,0.7,31.27,54.17,-0.05803658811304431,3.6739120214169607,0.6768544610811504,0.4,0.25,36,MASA,1.846040243677312,0,0.0,0.068,-0.1133,0.3127,0.5417000000000001,0,0,0,0,0,0,0,0,0,0,0,0,0
4520,2016,0,12.12,-2.92,1.05,0.59,0.28266130665429345,5.8,0.59,33.09,59.52,-0.005689851140337333,3.6745805103675266,0.5430242281886754,0.42857142857142855,0.0,37,MASA,1.6801075268817203,0,0.0,0.12119999999999999,-0.0292,0.3309,0.5952000000000001,0,0,0,0,0,0,0,0,0,0,0,0,0
4519,2017,0,12.34,-2.86,0.95,0.48,0.12221515314177613,5.4,0.48,31.07,60.81,0.007174730896165027,3.4077913118935426,0.5659612692046901,0.3333333333333333,0.0,37,MASA,1.64446637066272,0,0.0,0.1234,-0.0286,0.3107,0.6081,0,0,0,0,0,0,0,0,0,0,0,0,0
4518,2018,0,6.99,-18.76,0.88,0.61,0.034001312375644153,5.05,0.61,35.01,90.96,-0.0765584467230227,2.94335562674657,2.14531994060632,0.3333333333333333,0.0,38,MASA,1.0993843447669305,0,0.0,0.0699,-0.18760000000000002,0.35009999999999997,0.9096,0,0,0,0,0,0,0,0,0,0,0,0,0
4517,2019,0,11.02,-3.52,1.78,0.92,0.06123524269803371,5.32,0.92,38.73,89.41,-0.03091807165335106,2.064802385221473,1.5575853238237127,0.4,0.0,40,MASA,1.1184431271669835,0,0.0,0.11019999999999999,-0.0352,0.3873,0.8941,0,0,0,0,0,0,0,0,0,0,0,0,0
4516,2020,0,26.71,11.07,1.51,0.92,0.017486337127190773,4.35,0.92,30.2,60.87,0.1867298450594602,2.749906764063901,2.8140647157061736,0.5,0.0,37,MASA,1.6428454082470838,0,0.0,0.2671,0.1107,0.302,0.6087,0,0,0,0,0,0,0,0,0,0,0,0,0
4515,2021,0,28.16,10.86,1.56,0.93,0.051509079273292374,4.41,0.93,23.14,44.42,0.2672226759033287,3.5965638928618073,13.912275733061394,0.4,0.14285714285714285,38,MASA,2.2512381809995494,0,0.0,0.2816,0.10859999999999999,0.2314,0.44420000000000004,0,0,0,0,0,0,0,0,0,0,0,0,0
4514,2022,0,30.5,11.39,1.41,0.76,0.018096984384375965,4.43,0.76,9.74,13.88,0.5433431164344446,25.719607456993543,3.850433257836122,0.3333333333333333,0.0,34,MASA,7.204610951008645,0,0.0,0.305,0.1139,0.0974,0.1388,0,0,0,0,0,0,0,0,0,0,0,0,0
4513,2023,0,30.4,15.41,1.98,1.49,0.2393678045340198,4.21,1.49,0.28,0.38,0.6668064064590911,24.089111670451,5.964873119832189,0.5,0.0,34,MASA,263.1578947368421,0,0.0,0.304,0.15410000000000001,0.0028000000000000004,0.0038,0,0,0,0,0,0,0,0,0,0,0,0,0
4547,2013,0,40.18,26.11,2.16,2.05,1.1813985063070225,5.13,23.32,27.64,40.33,0.3711023954876851,4.273729588848496,0.5992923992331618,0.3333333333333333,0.14285714285714285,32,MBSS,2.479543763947434,0,,0.4018,0.2611,0.2764,0.4033,0,0,0,0,0,0,0,0,0,0,0,0,0
4546,2014,0,32.1,15.98,2.45,2.31,1.2357239339100028,4.03,18.85,24.42,33.85,0.2908053974513339,5.290380980617989,0.5544718786214538,0.3333333333333333,0.4,34,MBSS,2.954209748892171,0,0.0,0.321,0.1598,0.24420000000000003,0.3385,0,0,0,0,0,0,0,0,0,0,0,0,0
4545,2015,0,16.84,-11.41,2.09,1.97,1.0679954970033798,2.56,14.69,23.03,31.22,0.03516032907916018,6.4429191081539825,0.1482226646902514,0.3333333333333333,0.0,36,MBSS,3.203074951953876,0,0.0,0.1684,-0.11410000000000001,0.2303,0.3122,0,0,0,0,0,0,0,0,0,0,0,0,0
4544,2016,0,1.42,-45.29,1.31,1.25,0.779786930694995,2.62,18.25,20.08,26.54,-0.1652732393029611,10.752056736297444,0.20974796102025337,0.3333333333333333,0.0,37,MBSS,3.7678975131876418,0,0.0,0.014199999999999999,-0.45289999999999997,0.20079999999999998,0.26539999999999997,0,0,0,0,0,0,0,0,0,0,0,0,0
4543,2017,0,3.72,-13.02,6.01,5.77,3.9387922940897657,4.22,28.26,17.48,22.34,-0.11762318503278946,5.323616767933308,0.4052645321515717,0.4,0.0,37,MBSS,4.476275738585497,0,0.0,0.037200000000000004,-0.13019999999999998,0.1748,0.2234,0,0,0,0,0,0,0,0,0,0,0,0,0
4542,2018,0,6.44,-22.22,4.3,4.17,2.7729511719716426,4.62,35.49,22.91,32.04,-0.06981757590093177,4.180234671130754,0.34235249152776775,0.4,0.25,38,MBSS,3.121098626716604,0,0.0,0.0644,-0.22219999999999998,0.2291,0.3204,0,0,0,0,0,0,0,0,0,0,0,0,0
4541,2019,0,23.7,2.32,3.71,3.55,2.5761653449452018,5.13,27.54,16.36,20.76,0.12619160529862233,6.611072858265198,0.3525535143144756,0.3333333333333333,0.125,40,MBSS,4.816955684007707,0,0.0,0.237,0.0232,0.1636,0.2076,0,0,0,0,0,0,0,0,0,0,0,0,0
4540,2020,0,7.07,-27.3,2.11,2.01,1.3797819455904983,4.36,20.02,12.84,15.96,-0.18121115937428342,13.494831711901803,0.3751966133801479,0.3333333333333333,0.0,37,MBSS,6.265664160401002,0,0.0,0.0707,-0.273,0.1284,0.15960000000000002,0,0,0,0,0,0,0,0,0,0,0,0,0
4539,2021,0,20.69,16.54,7.42,6.88,4.546923214948903,6.1,19.83,12.84,15.96,0.9193196123535123,67.55069706122529,0.7915798792854806,0.3333333333333333,0.0,38,MBSS,6.265664160401002,0,0.0,0.2069,0.1654,0.1284,0.15960000000000002,0,0,0,0,0,0,0,0,0,0,0,0,0
4538,2022,0,29.92,28.95,7.06,6.9,6.347403550357288,9.27,21.45,5.09,5.77,0.8238102188992824,21.6289177184934,0.7219330596602669,0.6,0.2,34,MBSS,17.331022530329292,0,0.0,0.2992,0.2895,0.0509,0.057699999999999994,0,0,0,0,0,0,0,0,0,0,0,0,0
4537,2023,0,30.12,38.99,12.98,12.8,11.885543250044076,6.92,18.24,12.1,14.18,0.37762988948624576,9.867180840167844,0.6515642693955259,0.6666666666666666,,34,MBSS,7.052186177715091,0,0.0,0.3012,0.3899,0.121,0.1418,0,0,0,0,0,0,0,0,0,0,0,0,0
4571,2013,0,48.41,2.52,3.99,3.52,0.8531857010366544,2.25,6.23,8.78,11.9,0.1342152106740982,10.650406627997771,0.723103585408297,0.42857142857142855,0.0,32,MBTO,8.403361344537814,0,,0.4841,0.0252,0.08779999999999999,0.11900000000000001,0,0,0,0,0,0,0,0,0,0,0,0,0
4570,2014,0,50.59,0.63,3.96,3.29,0.40542768297982595,2.31,5.17,5.46,7.69,0.05362069223676496,7.472541748432682,0.48318768879733115,0.3333333333333333,0.5,34,MBTO,13.003901170351103,0,0.0,0.5059,0.0063,0.0546,0.07690000000000001,0,0,0,0,0,0,0,0,0,0,0,0,0
4569,2015,0,49.26,-2.02,3.13,2.62,0.23361212667929565,2.17,4.65,6.74,10.07,-0.053355048677369725,7.616608996564785,0.34499150047422683,0.6,0.0,36,MBTO,9.9304865938431,0,0.0,0.4926,-0.0202,0.0674,0.1007,0,0,0,0,0,0,0,0,0,0,0,0,0
4568,2016,0,52.04,1.29,3.04,2.44,0.07119414043669131,2.0,3.85,14.37,23.13,0.09751040168135239,4.876358362345902,0.44894063171939397,0.5,0.14285714285714285,37,MBTO,4.32338953739732,0,0.0,0.5204,0.0129,0.1437,0.23129999999999998,0,0,0,0,0,0,0,0,0,0,0,0,0
4567,2017,0,51.37,-3.38,2.06,1.65,0.028345609702710977,1.99,3.6,20.64,39.04,-0.0462185708701079,4.567990907153714,0.3499759707661424,0.5,0.0,37,MBTO,2.5614754098360657,0,0.0,0.5136999999999999,-0.0338,0.2064,0.39039999999999997,0,0,0,0,0,0,0,0,0,0,0,0,0
4566,2018,0,42.53,-22.71,1.63,1.19,0.02254262176698169,1.57,2.75,26.18,56.45,-0.3952541283329387,3.800202972331534,0.44865260925427247,0.4,0.0,38,MBTO,1.7714791851195748,0,0.0,0.4253,-0.2271,0.2618,0.5645,0,0,0,0,0,0,0,0,0,0,0,0,0
4565,2019,0,43.22,-12.45,1.25,0.84,0.016545921741399388,2.5,2.89,31.63,79.48,-0.19071542932514268,3.314088195332041,0.4276884212685148,0.3333333333333333,0.0,40,MBTO,1.2581781580271765,0,0.0,0.4322,-0.1245,0.31629999999999997,0.7948000000000001,0,0,0,0,0,0,0,0,0,0,0,0,0
4564,2020,0,33.54,-68.37,0.62,0.29,0.014666881455864198,2.38,1.96,19.88,33.13,-0.42788102482520146,7.049522344874073,0.1723292143593932,0.3333333333333333,0.5,37,MBTO,3.0184123151222453,0,0.0,0.3354,-0.6837000000000001,0.19879999999999998,0.33130000000000004,0,0,0,0,0,0,0,0,0,0,0,0,0
4563,2021,0,30.91,-71.12,0.75,0.29,0.020935663697043614,3.56,1.44,20.01,32.13,-0.37197651112506164,11.265079106126104,0.35158528670697187,0.5,0.0,38,MBTO,3.112356053532524,0,0.0,0.3091,-0.7112,0.20010000000000003,0.32130000000000003,0,0,0,0,0,0,0,0,0,0,0,0,0
4562,2022,0,36.2,-11.78,0.68,0.33,0.05644870502253153,6.46,2.26,22.36,39.87,-0.08327653782720176,12.08278049900998,0.3356989640197904,0.42857142857142855,0.0,34,MBTO,2.508151492350138,0,0.0,0.36200000000000004,-0.11779999999999999,0.2236,0.3987,0,0,0,0,0,0,0,0,0,0,0,0,0
4561,2023,0,34.84,-7.63,0.62,0.29,0.0314289609634119,7.22,2.98,24.97,45.54,-0.008283561464759878,9.332644118629744,0.2898581567068851,0.3333333333333333,0.25,34,MBTO,2.1958717610891525,0,0.0,0.34840000000000004,-0.07629999999999999,0.24969999999999998,0.45539999999999997,0,0,0,0,0,0,0,0,0,0,0,0,0
4595,2013,0,61.15,7.12,2.34,2.09,0.7786096105691785,2.66,3.77,50.70356622877426,102.85443053361367,0.23744841605083775,2.617201907331548,21.863040216741055,0.5,0.2,32,MDIA,0.9722478602156003,0,,0.6114999999999999,0.0712,0.5070356622877426,1.0285443053361367,0,0,0,0,0,0,0,0,0,0,0,0,0
4594,2014,0,66.09,14.24,1.79,1.57,0.14334676564628612,3.06,5.2,30.505814549588152,43.896930875397956,0.8120149480722788,10.502853556114962,18.04795532402606,0.25,0.0,34,MDIA,2.2780635913670455,0,0.0,0.6609,0.1424,0.3050581454958815,0.43896930875397955,0,0,0,0,0,0,0,0,0,0,0,0,0
4593,2015,0,66.31,26.24,3.8,3.28,1.267396460341928,2.98,3.98,25.251324519923774,33.78163473499186,1.0269153091084555,11.773727018788435,8.901380908591136,0.3333333333333333,0.0,36,MDIA,2.9601883030372567,0,0.0,0.6631,0.26239999999999997,0.25251324519923773,0.3378163473499186,0,0,0,0,0,0,0,0,0,0,0,0,0
4592,2016,0,65.0,18.82,2.62,1.99,0.16754479532651045,1.73,1.82,29.641086293680026,42.12840240456629,0.5696463478937284,15.574320400830771,8.10055213879643,0.375,0.14285714285714285,37,MDIA,2.3736955187543742,0,0.0,0.65,0.1882,0.29641086293680025,0.4212840240456629,0,0,0,0,0,0,0,0,0,0,0,0,0
4591,2017,0,71.74,36.99,3.8,2.92,0.10931981063638323,1.4,1.17,25.372373693523514,33.99863421801157,0.7114190847286217,12.464781519725141,3.172442360265459,0.4,0.2,37,MDIA,2.9412946225652403,0,0.0,0.7173999999999999,0.3699,0.25372373693523514,0.3399863421801157,0,0,0,0,0,0,0,0,0,0,0,0,0
4590,2018,0,71.6,27.81,5.14,4.27,0.07215490241544965,0.8,0.91,48.45683433581826,94.0121424662354,0.2727591426015635,2.6255964346790597,2.5413915345774174,0.5,0.0,38,MDIA,1.0636923845865458,0,0.0,0.716,0.2781,0.48456834335818255,0.940121424662354,0,0,0,0,0,0,0,0,0,0,0,0,0
4589,2019,0,57.23,-7.52,2.59,2.22,0.008625012316715417,0.49,1.1,55.62001588062394,125.3268043787797,0.10766918166923388,2.985630532496836,2.205540931017983,0.4,0.0,40,MDIA,0.7979139059332145,0,0.0,0.5722999999999999,-0.07519999999999999,0.5562001588062394,1.253268043787797,0,0,0,0,0,0,0,0,0,0,0,0,0
4588,2020,0,48.3,4.6,1.56,1.34,0.0030054700294694005,0.36,1.09,58.97220091284685,143.73717875427678,0.027817066265071286,19.779619532480673,0.7869520484057998,0.3333333333333333,0.0,37,MDIA,0.6957142255515751,0,0.0,0.483,0.046,0.5897220091284685,1.4373717875427678,0,0,0,0,0,0,0,0,0,0,0,0,0
4587,2021,0,53.0,7.82,1.52,1.4,0.0032063671788608136,0.26,1.01,61.46716683260885,159.51893951215123,0.045497290620259326,17.18900433798537,0.8642253306060608,0.6666666666666666,0.6,38,MDIA,0.6268848094516236,0,0.0,0.53,0.0782,0.6146716683260884,1.5951893951215124,0,0,0,0,0,0,0,0,0,0,0,0,0
4586,2022,0,52.3,5.96,1.77,1.54,0.0029005770058940935,0.28,1.23,51.816581487186596,107.54027648205789,0.09122691969468875,22.62595314940351,0.7450106336872454,0.3333333333333333,0.3333333333333333,34,MDIA,0.929884163136628,0,0.0,0.523,0.0596,0.518165814871866,1.0754027648205788,0,0,0,0,0,0,0,0,0,0,0,0,0
4585,2023,0,50.21,2.45,1.37,1.22,0.0014359175405055863,0.26,0.97,62.160167063734384,164.27177986866906,0.032919829026028316,35.28234530532714,0.6922930862333172,0.3333333333333333,0.2,34,MDIA,0.6087472850172279,0,0.0,0.5021,0.0245,0.6216016706373438,1.6427177986866905,0,0,0,0,1,0,0,0,0,0,0,0,1
4619,2013,0,72.28,132.96,0.83,0.41,0.22276689791166002,4.4,0.71,35.95,74.17,0.20503145296557704,2.8479644528597428,1.0453826680208174,0.3333333333333333,0.0,32,MDLN,1.3482540110556829,0,,0.7228,1.3296000000000001,0.35950000000000004,0.7417,0,0,0,0,0,0,0,0,0,0,0,0,0
4618,2014,0,56.34,25.04,1.21,0.67,0.34453263090448094,6.31,1.28,34.47,67.55,0.2534553098424977,2.564092898938355,1.2224846770520497,0.3333333333333333,0.0,34,MDLN,1.4803849000740192,0,0.0,0.5634,0.2504,0.3447,0.6755,0,0,0,0,0,0,0,0,0,0,0,0,0
4617,2015,0,56.57,29.48,1.0,0.73,0.19580674458172292,2.91,1.47,35.37,75.0,0.30521757830293655,2.666470769429654,0.9662375804323677,0.3333333333333333,0.0,36,MDLN,1.3333333333333333,0,0.0,0.5657,0.2948,0.35369999999999996,0.75,0,0,0,0,0,0,0,0,0,0,0,0,0
4616,2016,0,64.97,20.34,1.34,0.91,0.13705106871766032,1.32,0.84,30.93,68.19,0.15196311240484156,2.311790745955103,0.6499002209472705,0.5,0.0,37,MDLN,1.4664906877841326,0,0.0,0.6496999999999999,0.2034,0.3093,0.6819,0,0,0,0,0,0,0,0,0,0,0,0,0
4615,2017,0,60.64,19.24,1.33,0.79,0.4529819173618852,2.18,1.01,33.29,68.67,0.17829952645317634,2.3748384673911334,0.5207814431488283,0.6666666666666666,0.0,37,MDLN,1.45623998835008,0,0.0,0.6064,0.1924,0.3329,0.6867,0,0,0,0,0,0,0,0,0,0,0,0,0
4614,2018,0,51.1,1.19,2.19,1.39,0.3607417038830201,1.87,0.85,37.98,84.67,0.06340270160925689,1.995903241298025,0.41472275228604255,0.5,0.4,38,MDLN,1.1810558639423645,0,0.0,0.511,0.011899999999999999,0.37979999999999997,0.8467,0,0,0,0,0,0,0,0,0,0,0,0,0
4613,2019,0,59.0,-6.7,0.91,0.26,0.17698956242430586,1.88,0.42,36.07,95.35,0.0354600939830571,1.8923808534712192,0.448361628433989,0.3333333333333333,0.0,40,MDLN,1.048767697954903,0,0.0,0.59,-0.067,0.3607,0.9534999999999999,0,0,0,0,0,0,0,0,0,0,0,0,0
4612,2020,0,49.37,-241.13,0.26,0.05,0.02309544069071373,5.42,0.21,39.05,137.39,-0.008017042357883244,4.161891008704495,0.15145850550181555,0.3333333333333333,0.0,37,MDLN,0.7278550112817527,0,0.0,0.49369999999999997,-2.4112999999999998,0.39049999999999996,1.3739,0,0,0,0,0,0,0,0,0,0,0,0,0
4611,2021,0,67.34,-2.09,0.98,0.39,0.32051084591662443,15.51,0.33,45.46,157.96,0.08047337943882554,1.607603648249849,0.22165996959296363,0.4,0.2857142857142857,38,MDLN,0.6330716637123321,0,0.0,0.6734,-0.0209,0.4546,1.5796000000000001,0,0,0,0,0,0,0,0,0,0,0,0,0
4610,2022,0,51.23,1.84,0.8,0.13,0.0431193175938211,8.82,0.28,45.5,145.67,0.09662760215590216,1.6763342939034174,0.24321462466414703,0.3333333333333333,0.0,34,MDLN,0.6864831468387451,0,0.0,0.5123,0.0184,0.455,1.4566999999999999,0,0,0,0,0,0,0,0,0,0,0,0,0
4609,2023,0,46.67,-9.1,0.88,0.14,0.05622914384740604,10.14,0.29,46.49,154.57,0.010545744922945752,1.6560128909355722,0.18874979294419242,0.3333333333333333,0.0,34,MDLN,0.6469560716827328,0,0.0,0.4667,-0.091,0.46490000000000004,1.5456999999999999,0,0,0,0,0,0,0,0,0,0,0,0,0
4643,2013,0,42.74,4.31,2.0,1.91,1.2618125632218733,3.98,13.78,40.75,115.05,0.13008737125206307,1.7321242469190579,0.6417636843467395,0.3333333333333333,0.0,32,MEDC,0.8691873098652759,0,,0.4274,0.0431,0.4075,1.1505,0,0,0,0,0,0,0,0,0,0,0,0,0
4642,2014,0,39.36,1.11,1.61,1.52,1.0160766779788384,3.46,11.44,44.45,133.67,0.08376127714861195,1.6756538900734441,1.1530851644923712,0.4,0.0,34,MEDC,0.7481110196753199,0,0.0,0.3936,0.0111,0.4445,1.3366999999999998,0,0,0,0,0,0,0,0,0,0,0,0,0
4641,2015,0,38.96,-26.8,1.98,1.91,1.308555922713274,2.64,8.52,54.31,225.23,0.04626807494749561,1.4172181352823043,0.2739293009649519,0.4,0.25,36,MEDC,0.4439905873995471,0,0.0,0.3896,-0.268,0.5431,2.2523,0,0,0,0,0,0,0,0,0,0,0,0,0
4640,2016,0,42.91,32.9,1.32,1.24,0.26894863479186226,1.59,6.21,53.75,217.11,0.05574527147807678,1.4823831020165952,0.36671780995429365,0.4,0.0,37,MEDC,0.46059601123854266,0,0.0,0.4291,0.32899999999999996,0.5375,2.1711,0,0,0,0,0,0,0,0,0,0,0,0,0
4639,2017,0,47.02,17.17,1.53,1.46,0.3983970986946899,1.45,6.02,50.17,184.59,0.07026505434653013,1.5691570614808603,0.8292710605960404,0.3333333333333333,0.0,37,MEDC,0.541741156075627,0,0.0,0.4702,0.17170000000000002,0.5017,1.8459,0,0,0,0,0,0,0,0,0,0,0,0,0
4638,2018,0,52.6,0.47,1.66,1.6,0.40396405802500746,2.31,7.64,53.45,202.38,0.12162045809872855,1.502057333114832,0.6124296349196271,0.0,0.0,38,MEDC,0.49411997232928156,0,0.0,0.526,0.004699999999999999,0.5345,2.0238,0,0,0,0,0,0,0,0,0,0,0,0,0
4637,2019,0,41.48,-2.8,2.4,2.27,0.6841709871224121,3.2,10.16,53.27,237.58,0.07975205173274938,1.3407118265553175,0.830238529837008,0.2857142857142857,0.0,40,MEDC,0.4209108510817409,0,0.0,0.41479999999999995,-0.027999999999999997,0.5327000000000001,2.3758,0,0,0,0,0,0,0,0,0,0,0,0,0
4636,2020,0,30.67,-16.73,1.37,1.3,0.24291845405517698,2.01,7.8,51.08,251.39,0.0347250166115907,1.3600731880262398,0.883703005333961,0.3333333333333333,0.0,37,MEDC,0.39778829706830027,0,0.0,0.30670000000000003,-0.1673,0.5108,2.5139,0,0,0,0,0,0,0,0,0,0,0,0,0
4635,2021,0,45.36,3.72,1.69,1.59,0.5089089503315426,2.23,6.84,56.5,261.24,0.08762900856392174,1.3564977141396695,0.6686524695793424,0.4,0.0,38,MEDC,0.38278977185729596,0,0.0,0.4536,0.037200000000000004,0.565,2.6124,0,0,0,0,0,0,0,0,0,0,0,0,0
4634,2022,0,54.45,23.27,1.27,1.19,0.44468660386915276,3.74,10.18,48.15,190.98,0.18878863090920445,1.4592605116323736,0.9379832721936914,0.5,0.0,34,MEDC,0.5236150382238978,0,0.0,0.5445,0.2327,0.4815,1.9098,0,0,0,0,0,0,0,0,0,0,0,0,0
4633,2023,0,46.31,17.26,1.09,1.0,0.25831356093838315,3.38,10.37,47.32,174.29,0.14402324562240956,1.5045465360268409,0.930081551594517,0.3333333333333333,0.0,34,MEDC,0.5737563830397614,0,0.0,0.4631,0.1726,0.4732,1.7429,0,0,0,0,0,0,0,0,0,0,0,0,0
4667,2013,0,54.9,18.26,3.98,2.29,1.2463051433844237,7.81,1.49,26.505297643311458,36.06422884016114,1.041309555444247,14.87771205325423,8.265220783011673,0.3333333333333333,0.0,32,MERK,2.772830675049398,0,,0.5489999999999999,0.1826,0.2650529764331146,0.36064228840161144,0,0,0,0,0,0,0,0,0,0,0,0,0
4666,2014,0,52.46,17.5,4.59,3.17,1.9828331650684876,6.11,1.9,23.459692468874067,30.65011524722962,1.207723902219194,15.712739156483163,6.585277741778321,0.4,0.0,34,MERK,3.262630472785538,0,0.0,0.5246,0.175,0.23459692468874066,0.3065011524722962,0,0,0,0,0,0,0,0,0,0,0,0,0
4665,2015,0,49.77,14.49,3.65,2.44,1.06339425576427,6.22,2.86,26.198764068366348,35.49908580479028,1.1074207326608525,14.276551762983148,6.409551387110588,0.3333333333333333,0.0,36,MERK,2.816973951101183,0,0.0,0.49770000000000003,0.1449,0.2619876406836635,0.3549908580479028,0,0,0,0,0,0,0,0,0,0,0,0,0
4664,2016,0,51.4,14.87,4.22,2.3,0.9487148415362491,6.37,2.56,21.676954031947854,27.67634195532928,1.330963291665743,15.337308689877652,7.073613769796973,0.5,0.0,37,MERK,3.6131942639458634,0,0.0,0.514,0.1487,0.21676954031947854,0.2767634195532928,0,0,0,0,0,0,0,0,0,0,0,0,0
4663,2017,0,32.38,5.06,3.08,1.52,0.3214840634986155,3.16,1.51,27.33970648047319,37.62674929619695,0.18610487945794738,14.20737462743853,6.187468857618625,0.3333333333333333,0.0,37,MERK,2.6576837454865467,0,0.0,0.32380000000000003,0.0506,0.2733970648047319,0.3762674929619695,0,0,0,0,0,0,0,0,0,0,0,0,0
4662,2018,0,32.49,6.11,1.37,0.99,0.5683218844992073,2.4,1.48,58.968032290876394,143.71241639909127,0.06193067998325016,15.642289605041862,3.71690690267873,0.3333333333333333,0.6666666666666666,38,MERK,0.6958341005296208,0,0.0,0.3249,0.0611,0.5896803229087639,1.4371241639909127,0,0,0,0,0,0,0,0,0,0,0,0,0
4661,2019,0,43.39,10.51,2.51,1.63,0.6000546406934028,2.6,1.67,34.076420216910826,51.69079156355547,0.41366407745403044,16.646641755278523,2.149452763770505,0.6666666666666666,0.0,40,MERK,1.9345805505231395,0,0.0,0.4339,0.1051,0.34076420216910824,0.5169079156355547,0,0,0,0,0,0,0,0,0,0,0,0,0
4660,2020,0,44.49,10.96,2.55,1.36,0.505824108692752,2.72,1.32,34.11309433025414,51.77522602327688,0.3488930819601828,13.044120741458737,2.398369042458782,0.4,0.0,37,MERK,1.93142565819109,0,0.0,0.4449,0.1096,0.3411309433025414,0.5177522602327688,0,0,0,0,0,0,0,0,0,0,0,0,0
4659,2021,0,37.33,12.37,2.71,1.76,0.6939598160899468,4.36,2.27,33.34640231871229,50.0294109826782,0.5594196777109228,12.53691811906437,2.4166873948718615,0.3333333333333333,0.25,38,MERK,1.9988242522907822,0,0.0,0.37329999999999997,0.12369999999999999,0.3334640231871229,0.500294109826782,0,0,0,0,0,0,0,0,0,0,0,0,0
4658,2022,0,37.85,15.99,3.33,1.78,0.712867138124588,4.31,2.18,27.02320983381597,37.02986904778662,0.8452643192838477,19.321324936376094,2.810199363453132,0.25,0.2,34,MERK,2.7005226475673236,0,0.0,0.3785,0.15990000000000001,0.2702320983381597,0.3702986904778662,0,0,0,0,0,0,0,0,0,0,0,0,0
4657,2023,0,41.33,18.54,5.74,2.73,1.6110901003863158,5.24,1.51,16.906758347922022,20.34673098771712,1.2328246036656723,22.566232330846688,2.352921093601749,0.4,0.0,34,MERK,4.914794423751306,0,0.0,0.4133,0.18539999999999998,0.1690675834792202,0.2034673098771712,0,0,0,0,0,0,0,0,0,0,0,0,0
4691,2013,0,48.99,18.94,7.46,0.0,4.75559257849886,2.17,0.0,28.69,42.14,0.15607129949119902,3.4982753030221367,2.211960334122269,0.0,0.0,32,META,2.3730422401518747,0,,0.4899,0.1894,0.2869,0.4214,0,0,0,1,0,0,0,0,0,0,0,0,1
4690,2014,0,70.14,29.38,3.27,3.26,2.1154995819556492,1.64,0.0,34.3,59.19,0.11814228950760469,2.767374062792332,1.2968883688679116,0.5,0.0,34,META,1.6894745734076704,0,0.0,0.7014,0.2938,0.34299999999999997,0.5919,0,0,0,0,0,0,0,0,0,0,0,0,0
4689,2015,0,66.15,34.14,2.53,2.51,1.4238877324319912,1.55,25.76,35.86,66.65,0.11751857226652711,2.5513306147500865,0.4328831865975125,0.3333333333333333,0.16666666666666666,36,META,1.5003750937734432,0,0.0,0.6615000000000001,0.3414,0.3586,0.6665000000000001,0,0,0,0,0,0,0,0,0,0,0,0,0
4688,2016,0,49.18,15.63,3.11,3.08,1.7080470769733869,2.23,40.76,45.5,96.43,0.11772360857822987,2.069772019445946,0.8119433256854328,0.3333333333333333,0.2,37,META,1.0370216737529814,0,0.0,0.4918,0.1563,0.455,0.9643,0,0,0,0,0,0,0,0,0,0,0,0,0
4687,2017,0,65.31,11.76,2.69,2.64,1.5064379925610845,2.13,16.63,45.58,95.66,0.11513288078617336,2.0912686723874985,1.2980734991283411,0.6,0.16666666666666666,37,META,1.0453690152623876,0,0.0,0.6531,0.1176,0.4558,0.9566,0,0,0,0,0,0,0,0,0,0,0,0,0
4686,2018,0,57.7,27.77,2.67,2.66,1.818332419389658,3.19,29.45,24.54,35.47,0.1706064094114325,4.202551506521122,1.2246028922105685,0.3333333333333333,0.0,38,META,2.81928390188892,0,0.0,0.5770000000000001,0.2777,0.24539999999999998,0.3547,0,0,0,0,0,0,0,0,0,0,0,0,0
4685,2019,0,26.41,13.05,1.69,1.68,1.3500296345942537,10.65,461.65,26.78,42.58,0.13864248346765007,3.278063955424597,1.2199799229915618,0.3333333333333333,0.0,40,META,2.34852043212776,0,0.0,0.2641,0.1305,0.26780000000000004,0.42579999999999996,0,0,0,0,0,0,0,0,0,0,0,0,0
4684,2020,0,21.49,7.17,1.29,1.27,0.8203541126332298,10.87,226.1,34.41,59.96,0.053285166148055736,2.6846483001310553,1.18243548850955,0.3333333333333333,0.3333333333333333,37,META,1.667778519012675,0,0.0,0.21489999999999998,0.0717,0.34409999999999996,0.5996,0,0,0,0,0,0,0,0,0,0,0,0,0
4683,2021,0,48.09,3.05,2.11,2.09,1.7014707242964886,5.03,49.03,43.46,85.18,0.04868744266672209,2.2798919915012323,0.6006374701932208,0.3333333333333333,0.25,38,META,1.1739845034045548,0,0.0,0.48090000000000005,0.0305,0.4346,0.8518000000000001,0,0,0,0,0,0,0,0,0,0,0,0,0
4682,2022,0,41.45,8.73,0.49,0.48,0.28620728365269116,8.15,73.28,59.65,191.04,0.03661536224994462,1.6069496193616455,0.6153530386887929,0.0,0.0,34,META,0.5234505862646567,0,0.0,0.41450000000000004,0.0873,0.5965,1.9103999999999999,0,0,0,0,0,0,0,0,0,0,0,0,0
4681,2023,0,38.61,-13.98,3.77,3.68,2.115027380616919,10.02,86.26,11.88,13.9,0.626314325760855,8.232765900523662,1.1418518629921208,0.5,0.25,34,META,7.194244604316546,0,0.0,0.3861,-0.1398,0.1188,0.139,0,0,0,0,0,0,0,0,0,0,0,0,0
4715,2013,0,36.27,20.04,4.61,4.55,3.1430079319868836,6.02,80.57,12.23760255463905,13.944015787802448,0.8268266545762939,14.180784777258516,0.9984335992571541,0.4,0.14285714285714285,32,MFMI,7.1715351963008525,0,,0.3627,0.2004,0.1223760255463905,0.13944015787802447,0,0,0,0,0,0,0,0,0,0,0,0,0
4714,2014,0,48.42,19.92,5.48,5.39,3.158440561129963,6.68,70.59,7.582943774487171,8.205134511083688,1.3562987643147786,23.135042765823894,1.7272647570292101,0.5,0.0,34,MFMI,12.18749063344637,0,0.0,0.4842,0.19920000000000002,0.0758294377448717,0.08205134511083688,0,0,0,0,0,0,0,0,0,0,0,0,0
4713,2015,0,49.33,19.49,2.64,2.61,1.4872369927796902,8.1,96.57,12.05776034446217,13.710999846821482,0.9525270131770917,19.49983347986598,0.8717711154721284,0.3333333333333333,0.0,36,MFMI,7.293414128597066,0,0.0,0.49329999999999996,0.1949,0.1205776034446217,0.1371099984682148,0,0,0,0,0,0,0,0,0,0,0,0,0
4712,2016,0,49.83,20.88,1.86,1.83,1.2143493091729145,8.7,97.26,15.798049010906489,18.762093781036135,0.790279112283194,14.992979959834447,3.300915607056086,0.3333333333333333,0.0,37,MFMI,5.329895541886451,0,0.0,0.49829999999999997,0.20879999999999999,0.1579804901090649,0.18762093781036135,0,0,0,0,0,0,0,0,0,0,0,0,0
4711,2017,0,49.49,20.85,1.69,1.66,1.160241063033817,9.59,76.98,18.029878039785,21.99567062805637,0.6771285470337788,12.027322719918644,3.0212649919165036,0.5,0.0,37,MFMI,4.546349219852653,0,0.0,0.4949,0.20850000000000002,0.18029878039785,0.2199567062805637,0,0,0,0,0,0,0,0,0,0,0,0,0
4710,2018,0,48.73,21.77,1.76,1.73,1.3361403065494233,11.09,66.94,18.791577578972472,23.139936743933983,0.6408066352373141,11.81576702856057,2.7259820568383524,0.5,0.0,38,MFMI,4.321532988901298,0,0.0,0.48729999999999996,0.2177,0.1879157757897247,0.23139936743933984,0,0,0,0,0,0,0,0,0,0,0,0,0
4709,2019,0,51.69,95.24,1.9,1.9,1.8093943727975454,14.08,85.24,43.839043459291524,78.05964527601064,0.2111323826457185,12.849609919652641,2.4619158756820245,0.5,0.0,40,MFMI,1.2810716682917351,0,0.0,0.5169,0.9523999999999999,0.43839043459291527,0.7805964527601064,0,0,0,0,0,0,0,0,0,0,0,0,0
4708,2020,0,53.33,12.81,1.38,1.37,1.1106420626971674,15.63,99.87,66.5442999831811,198.90272793493432,0.13766599240389504,1.6211594738911037,5.0192966254031335,0.4,0.0,37,MFMI,0.5027583132631158,0,0.0,0.5333,0.1281,0.6654429998318111,1.989027279349343,0,0,0,0,0,0,0,0,0,0,0,0,0
4707,2021,0,53.41,17.41,4.16,4.13,3.5774164520956133,18.48,84.82,66.18092336205743,195.69110082623368,0.20065678390694247,1.580157415243762,6.386802361046121,0.375,0.0,38,MFMI,0.5110094407859468,0,0.0,0.5341,0.1741,0.6618092336205743,1.9569110082623369,0,0,0,0,0,0,0,0,0,0,0,0,0
4706,2022,0,54.1,15.25,2.38,2.36,2.075140797291621,20.03,80.93,66.49859755503866,198.49496648472444,0.1959645451665063,1.6543805134072616,4.853495986986497,0.3333333333333333,0.25,34,MFMI,0.5037911125453939,0,0.0,0.541,0.1525,0.6649859755503865,1.9849496648472444,0,0,0,0,0,0,0,0,0,0,0,0,0
4705,2023,0,52.09,16.53,2.66,2.64,2.2883502789746366,17.45,90.49,63.54469194277315,174.3084761292426,0.22888996808408182,1.751056063354188,3.606068581339143,0.4,0.5,34,MFMI,0.5736955667368355,0,0.0,0.5209,0.1653,0.6354469194277315,1.7430847612924258,0,0,0,0,0,0,0,0,0,0,0,0,0
4739,2013,0,52.81,7.75,3.47,2.45,0.49812538804020845,666.65848970956,5.786120989908571,9.24,11.72,0.5104522155438018,15.908226536179328,0.4965659869062996,0.6666666666666666,0.3333333333333333,32,MICE,8.532423208191126,0,,0.5281,0.0775,0.0924,0.11720000000000001,0,0,0,0,0,1,0,0,0,0,0,0,1
4738,2014,0,56.73,7.96,3.73,2.51,0.6900882428866477,155.83558122763384,4.187183620373377,9.73,12.16,0.4668512215238189,19.110204670536557,0.39850290456658705,0.5,0.0,34,MICE,8.223684210526315,0,0.0,0.5672999999999999,0.0796,0.0973,0.1216,0,0,0,0,0,0,0,0,0,0,0,0,0
4737,2015,0,21.59,4.99,2.1,1.31,0.21658481286887038,30.986100760811755,1.6652557226682467,15.19,19.98,0.11785640838085036,19.529175372317138,0.3801550466083797,0.5,0.0,36,MICE,5.005005005005005,0,0.0,0.2159,0.0499,0.1519,0.1998,0,0,0,0,0,0,0,0,0,0,0,0,0
4736,2016,0,55.72,2.58,1.79,1.14,0.24046124944532002,67.64786436920973,4.133419278607409,18.57,26.2,0.14155765135730758,15.294086692195542,0.4497246859619713,0.0,0.0,37,MICE,3.8167938931297707,0,0.0,0.5572,0.0258,0.1857,0.262,0,0,0,0,0,0,0,0,0,0,0,0,0
4735,2017,0,54.99,11.69,2.21,1.53,0.6367739638807625,69.2492192349311,3.9385907137906035,16.12,22.91,0.4529703018469484,15.216143822322538,0.3458480306352883,0.3333333333333333,0.0,37,MICE,4.364906154517678,0,0.0,0.5499,0.11689999999999999,0.1612,0.2291,0,0,0,0,0,0,0,0,0,0,0,0,0
4734,2018,0,55.76,5.17,1.96,1.2,0.2446321223256259,55.17882766802467,3.8915617819008608,22.96,33.45,0.1965238846099975,9.744803255979862,0.3481195292644139,0.3333333333333333,0.25,38,MICE,2.9895366218236172,0,0.0,0.5576,0.051699999999999996,0.2296,0.3345,0,0,0,0,0,0,0,0,0,0,0,0,0
4733,2019,0,50.31,5.65,1.64,0.95,0.1655461050646958,20.124590209271297,3.554758739907495,24.74,38.05,0.14140331749345106,9.62527981732563,0.30526078969468357,0.0,0.0,40,MICE,2.6281208935611042,0,0.0,0.5031,0.0565,0.24739999999999998,0.38049999999999995,0,0,0,0,0,0,0,0,0,0,0,0,0
4732,2020,0,53.0,0.41,1.7,0.86,0.21476322001058107,40.00409903378547,2.920613096487568,23.72,34.85,0.08196406851415158,13.542941655843688,0.2613631688486076,0.4,0.0,37,MICE,2.869440459110473,0,0.0,0.53,0.0040999999999999995,0.2372,0.34850000000000003,0,0,0,0,0,0,0,0,0,0,0,0,0
4731,2021,0,52.7,3.91,1.63,0.84,0.1970293102381209,38.80933643145847,3.1024647691834915,22.19,33.2,0.17462193810163237,18.72382360554698,0.3394450393624849,0.3333333333333333,0.0,38,MICE,3.012048192771084,0,0.0,0.527,0.0391,0.22190000000000001,0.332,0,0,0,0,0,0,0,0,0,0,0,0,0
4730,2022,0,45.24,4.9,1.54,0.7,0.1292509232088376,43.1667645590429,2.807676439891315,23.33,37.26,0.2025267576018404,22.35854763950188,0.4285629420353046,0.3333333333333333,0.3333333333333333,34,MICE,2.6838432635534084,0,0.0,0.4524,0.049,0.23329999999999998,0.3726,0,0,0,0,0,0,0,0,0,0,0,0,0
4729,2023,0,43.54,3.16,1.65,0.74,0.15907256410134268,59.30382576173144,3.0764672497293,21.42,31.96,0.16717444325135047,18.601326611822557,0.3974515040224098,0.3333333333333333,0.0,34,MICE,3.128911138923655,0,0.0,0.4354,0.0316,0.21420000000000003,0.3196,0,0,0,0,0,0,0,0,0,0,0,0,0
4763,2013,0,21.72,1.36,0.87,0.4,0.22003493384202538,61.29,9.12,38.31,161.34,0.0918695283923501,2.0233659182489148,3.3949511114505526,0.5,0.0,32,MIDI,0.6198090987975704,0,,0.21719999999999998,0.013600000000000001,0.3831,1.6134,0,0,0,0,0,0,0,0,0,0,0,0,0
4762,2014,0,23.55,2.3,0.82,0.32,0.08618979609395165,50.07,7.27,38.77,161.5,0.1378836606135305,2.2206689650142613,3.0305192543490653,0.4,0.0,34,MIDI,0.6191950464396285,0,0.0,0.23550000000000001,0.023,0.38770000000000004,1.615,0,0,0,0,0,0,0,0,0,0,0,0,0
4761,2015,0,24.93,1.96,0.79,0.33,0.0776354603275358,36.57,7.18,45.54,200.08,0.11611586515799158,1.8664976161760827,3.401205052269592,0.3333333333333333,0.0,36,MIDI,0.4998000799680128,0,0.0,0.2493,0.0196,0.45539999999999997,2.0008,0,0,0,0,0,0,0,0,0,0,0,0,0
4760,2016,0,25.63,2.31,0.77,0.33,0.0939999171536119,31.07,7.3,49.96,237.86,0.11293461011271537,1.798445933710893,2.903039574664425,0.4,0.0,37,MIDI,0.4204153703859413,0,0.0,0.2563,0.0231,0.4996,2.3786,0,0,0,0,0,0,0,0,0,0,0,0,0
4759,2017,0,24.79,1.05,0.72,0.31,0.08385467468702133,29.99,6.98,51.11,270.17,0.07166509280714596,1.7545767479129701,3.649981733581111,0.6666666666666666,0.0,37,MIDI,0.37013732094607094,0,0.0,0.24789999999999998,0.0105,0.5111,2.7017,0,0,0,0,0,0,0,0,0,0,0,0,0
4758,2018,0,25.03,1.49,0.73,0.33,0.06652244876722752,25.58,6.92,46.14,211.76,0.09014405602625612,2.1755069057513667,3.1759373286325854,0.5,0.25,38,MIDI,0.47223271628258406,0,0.0,0.2503,0.0149,0.46140000000000003,2.1176,0,0,0,0,0,0,0,0,0,0,0,0,0
4757,2019,0,25.03,1.75,0.78,0.32,0.08319061406317277,27.19,6.96,38.28,156.47,0.14364698048183885,2.402083720887505,3.0215128984298922,0.3333333333333333,0.0,40,MIDI,0.6391001469930339,0,0.0,0.2503,0.0175,0.38280000000000003,1.5647,0,0,0,0,0,0,0,0,0,0,0,0,0
4756,2020,0,24.89,1.58,0.65,0.21,0.07018575116517818,32.35,6.76,40.01,162.68,0.06920349479925632,2.368986806702278,4.246827710642535,0.5,0.2,37,MIDI,0.6147037128104254,0,0.0,0.2489,0.0158,0.40009999999999996,1.6268,0,0,0,0,0,0,0,0,0,0,0,0,0
4755,2021,0,25.19,1.99,0.69,0.2,0.06595237134328132,31.55,6.14,35.02,132.92,0.07060176172994029,2.7192950622604277,4.2513890425294605,0.3333333333333333,0.0,38,MIDI,0.7523322299127295,0,0.0,0.2519,0.0199,0.3502,1.3292,0,0,0,0,0,0,0,0,0,0,0,0,0
4754,2022,0,25.3,2.55,0.76,0.23,0.11064474405209435,37.26,6.11,28.85,100.26,0.10469111936534103,2.7250131759798633,4.7957901988698,0.3333333333333333,0.3333333333333333,34,MIDI,0.9974067424695789,0,0.0,0.253,0.0255,0.28850000000000003,1.0026000000000002,0,0,0,0,0,0,0,0,0,0,0,0,0
4753,2023,0,25.98,2.98,0.95,0.25,0.09716770494391638,41.84,5.92,8.16,16.24,0.12566696999619226,8.66284480935108,3.674739756376721,0.3333333333333333,0.125,34,MIDI,6.157635467980296,0,0.0,0.25980000000000003,0.0298,0.0816,0.1624,0,0,0,0,0,0,0,0,0,0,0,0,0
4787,2013,0,55.74,36.58,0.3896060728996295,0.2898057253632527,0.20430664474476515,17.68952536017549,195.3035474148091,32.41163206390942,47.95445289425666,0.5106874685030712,6.418494669776587,4.694741562180828,0.6666666666666666,0.0,32,MKPI,2.085312081872936,0,,0.5574,0.36579999999999996,0.32411632063909424,0.4795445289425666,0,0,0,0,0,0,0,0,0,0,0,0,0
4786,2014,0,55.54,37.91,0.6421998691474352,0.6043125900550677,0.5203287022735746,17.994915625588327,171.12617360681102,50.2605087523153,101.04749262921915,0.24500530651974733,5.515853442012231,6.757472681693235,0.4,0.25,34,MKPI,0.9896336603515459,0,0.0,0.5554,0.3791,0.502605087523153,1.0104749262921915,0,0,0,0,0,0,0,0,0,0,0,0,0
4785,2015,0,51.94,42.47,0.9307532101304605,0.8896023150275614,0.8182551645910943,22.25097091191667,331.7031234549587,50.446462595828166,101.8019403627503,0.33032207768104527,5.773135042013247,5.655591446766283,0.0,0.0,36,MKPI,0.9822995479621561,0,0.0,0.5194,0.42469999999999997,0.5044646259582817,1.018019403627503,0,0,0,0,0,0,0,0,0,0,0,0,0
4784,2016,0,56.51,46.76,1.1117500255879835,1.055413822892776,0.9905672779771906,21.34663238658643,411.5437983640039,43.81743109744469,77.99114912926626,0.4473663450947847,5.859022606139919,6.572442645742367,0.5,0.2,37,MKPI,1.2821967763836282,0,0.0,0.5650999999999999,0.46759999999999996,0.4381743109744469,0.7799114912926626,0,0,0,0,0,0,0,0,0,0,0,0,0
4783,2017,0,56.21,46.96,1.5895900608317517,1.49825042164683,1.4153518403237686,21.001585827880827,401.3965459619067,33.33953322978122,50.01395106443507,0.5555483876825685,5.783618297257001,7.605947582504171,0.3333333333333333,0.25,37,MKPI,1.9994421130849231,0,0.0,0.5621,0.4696,0.33339533229781215,0.5001395106443507,0,0,0,0,0,0,0,0,0,0,0,0,0
4782,2018,0,55.89,45.94,1.8765575141924327,1.6567883311354403,1.5506901967784896,11.665865218094194,294.81941486496885,25.349959129172326,33.95839953127043,0.6044665749678811,6.737586407511467,4.077930175618111,0.4,0.25,38,MKPI,2.944779535558367,0,0.0,0.5589,0.4594,0.2534995912917233,0.3395839953127043,0,0,0,0,0,0,0,0,0,0,0,0,0
4781,2019,0,47.33,32.82,1.2064261120397093,1.0276253669460882,0.9249063583356989,11.073498300204681,200.08989457907506,24.35153914611274,32.190396038786574,0.4200852310396671,7.665531289921847,2.7910339787333336,0.4,0.0,40,MKPI,3.1065166107154716,0,0.0,0.4733,0.3282,0.24351539146112738,0.32190396038786573,0,0,0,0,0,0,0,0,0,0,0,0,0
4780,2020,0,36.66,18.95,0.936334982104591,0.7083691438356929,0.6079202258337276,5.693474536853635,115.3067769363757,26.441571964567306,35.94635267603944,0.15318720758759663,6.212159814783559,4.734798950872479,0.4,0.09090909090909091,37,MKPI,2.781923409621929,0,0.0,0.3666,0.1895,0.26441571964567306,0.3594635267603944,0,0,0,0,0,0,0,0,0,0,0,0,0
4779,2021,0,38.31,24.63,0.9738237000423899,0.772687947380068,0.6732591602223043,6.18327013038841,81.73774989948842,26.993604349500494,36.97430082526723,0.2039722683562261,6.314540633705995,4.049412085015309,0.4,0.0,38,MKPI,2.704581229881235,0,0.0,0.3831,0.2463,0.26993604349500494,0.36974300825267226,0,0,0,0,0,0,0,0,0,0,0,0,0
4778,2022,0,47.98,35.95,1.172457669108824,0.9354545740523404,0.8283085456470561,7.287988861898714,107.34591790048103,21.16644026790654,26.849529996876036,0.48192767579644097,11.772815091303935,5.751441451212745,0.3333333333333333,0.0,34,MKPI,3.7244599816695145,0,0.0,0.47979999999999995,0.35950000000000004,0.21166440267906542,0.26849529996876037,0,0,0,0,0,0,0,0,0,0,0,0,0
4777,2023,0,49.21,36.29,1.4992138969259234,1.2892311115207067,1.17225466649553,9.445316617661856,125.08290353519973,18.327041711495912,22.439546816410033,0.6508135845236908,19.820519371517857,3.7643602042119113,0.3333333333333333,0.0,34,MKPI,4.45641798464798,0,0.0,0.4921,0.3629,0.18327041711495912,0.22439546816410033,0,0,0,0,0,0,0,0,0,0,0,0,0
4811,2013,0,64.11,32.88,0.98,0.75,0.24064206648194844,10.932819122977714,22.005652789018143,44.58748656116103,80.46465282679162,1.9550146926498997,14.701843963758966,7.6596225138805485,0.3333333333333333,0.0,32,MLBI,1.2427817244829256,0,,0.6411,0.32880000000000004,0.44587486561161027,0.8046465282679162,0,0,0,0,0,0,0,0,0,0,0,0,0
4810,2014,0,60.43,26.6,0.51,0.37,0.09212229851315552,7.822256714417708,13.181636136681414,75.17775254801437,302.86440699389846,0.6862621880764631,7.260918227759375,45.4654864508114,0.4,0.16666666666666666,34,MLBI,0.3301807597418161,0,0.0,0.6043,0.266,0.7517775254801436,3.0286440699389847,0,0,0,0,0,0,0,0,0,0,0,0,0
4809,2015,0,57.91,18.43,0.58,0.48,0.28358076310022734,12.853626097029618,20.526172350791718,63.515771926926824,174.09103955745746,0.5392405271989167,7.433115673207661,22.54122742928713,0.5,0.2,36,MLBI,0.5744121021633382,0,0.0,0.5791,0.1843,0.6351577192692682,1.7409103955745746,0,0,0,0,0,0,0,0,0,0,0,0,0
4808,2016,0,65.81,30.1,0.68,0.58,0.3040359325954695,11.269117342357898,23.623728617242303,63.928514600635246,177.2272860206668,0.9437114187450752,7.404395295660113,30.16822236303373,0.5,0.2,37,MLBI,0.5642472005599567,0,0.0,0.6581,0.301,0.6392851460063524,1.7722728602066682,0,0,0,0,0,0,0,0,0,0,0,0,0
4807,2017,0,67.02,39.0,0.83,0.69,0.17103872820934365,5.922001687639872,19.751404265237152,57.57482436800768,135.70910081180952,1.0871425081979804,8.549358778950651,27.057084904287237,0.3333333333333333,0.375,37,MLBI,0.7368702570557296,0,0.0,0.6701999999999999,0.39,0.5757482436800768,1.3570910081180951,0,0,0,0,0,0,0,0,0,0,0,0,0
4806,2018,0,61.82,34.26,0.78,0.67,0.19500430357732093,5.902488759879995,20.75753845439184,59.59385374844999,147.48710104013924,0.9609933999819973,9.161961886386198,28.874484384207424,0.5,0.0,38,MLBI,0.67802539540583,0,0.0,0.6182,0.34259999999999996,0.5959385374844999,1.4748710104013925,0,0,0,0,0,0,0,0,0,0,0,0,0
4805,2019,0,61.57,32.5,0.73,0.63,0.04896918410290723,4.3123228811678604,22.40740069913604,60.44091199364849,152.78641404459134,0.9392618720312426,8.063217257318952,28.446555070780544,0.5,0.0,40,MLBI,0.654508456300405,0,0.0,0.6157,0.325,0.6044091199364849,1.5278641404459135,0,0,0,0,0,0,0,0,0,0,0,0,0
4804,2020,0,47.37,14.39,0.89,0.76,0.4745154997493352,5.894204701683329,11.605728585043002,50.698435901184034,102.83332147346948,0.29365157436912276,11.57255601941318,14.25827713850786,0.3333333333333333,0.0,37,MLBI,0.9724474379231204,0,0.0,0.47369999999999995,0.1439,0.5069843590118404,1.0283332147346949,0,0,0,0,0,0,0,0,0,0,0,0,0
4803,2021,0,55.05,26.92,0.74,0.61,0.3792696261959945,7.5142421453285095,11.874200764194235,62.383620629174985,165.84164045718674,0.4916702324917986,8.842158961187215,14.952004126798993,0.3333333333333333,0.3333333333333333,38,MLBI,0.6029848699296709,0,0.0,0.5505,0.2692,0.6238362062917499,1.6584164045718675,0,0,0,0,0,0,0,0,0,0,0,0,0
4802,2022,0,61.76,29.69,0.77,0.64,0.3916094333659585,6.969454307877844,11.665313474869206,68.19456619080387,214.41168386480632,0.5461964421589004,8.328610447251622,17.570194032284363,0.0,0.1111111111111111,34,MLBI,0.46639249409119565,0,0.0,0.6175999999999999,0.2969,0.6819456619080387,2.1441168386480634,0,0,0,0,0,0,0,0,0,0,0,0,0
4801,2023,0,60.81,32.1,0.93,0.81,0.4274031046087963,5.051809343077236,15.881192757031684,59.16423522395979,144.88337747178312,0.7000521332726848,10.560504871446042,11.735377716131675,0.4,0.0,34,MLBI,0.6902103039354917,0,0.0,0.6081,0.321,0.5916423522395979,1.4488337747178313,0,0,0,0,0,0,0,0,0,0,0,0,0
4835,2013,0,23.01,-9.12,1.13,0.62,0.027195460846131152,10.86,5.99,59.97,504.1361926005253,0.07980769108937985,1.2549702355900656,0.4724553942554622,0.2857142857142857,0.0,32,MLIA,0.19835909714032263,0,,0.23010000000000003,-0.09119999999999999,0.5997,5.041361926005253,0,0,0,0,0,0,0,0,0,0,0,0,0
4834,2014,0,22.54,2.31,1.11,0.55,0.018781587460433923,10.42,5.76,56.25,523.37721709947,0.08101167101171813,1.2517860779153405,0.5996221125893523,0.6666666666666666,0.3333333333333333,34,MLIA,0.19106678077084616,0,0.0,0.2254,0.0231,0.5625,5.2337721709947,0,0,0,0,0,0,0,0,0,0,0,0,0
4833,2015,0,16.69,-2.73,0.87,0.35,0.008900867460126046,11.4,5.43,54.4,539.0170013991798,0.02892735303369564,1.2621856697819374,0.6110065142067469,0.3333333333333333,0.3333333333333333,36,MLIA,0.18552290510395797,0,0.0,0.16690000000000002,-0.0273,0.544,5.390170013991797,0,0,0,0,0,0,0,0,0,0,0,0,0
4832,2016,0,16.48,0.16,0.86,0.38,0.008960543216387657,12.53,5.34,47.17,378.8035547789274,0.021539676573010806,1.3786096535564438,0.45108805283797915,0.5,0.0,37,MLIA,0.2639890749134093,0,0.0,0.1648,0.0016,0.4717,3.7880355477892738,0,0,0,0,0,0,0,0,0,0,0,0,0
4831,2017,0,18.04,0.76,0.87,0.51,0.03183049166586311,11.58,7.32,30.37,195.65639545260015,0.08231385617171286,1.8848940643047494,0.4449479495006941,0.5,0.0,37,MLIA,0.5111000832284375,0,0.0,0.1804,0.0076,0.3037,1.9565639545260014,0,0,0,0,0,0,0,0,0,0,0,0,0
4830,2018,0,19.19,3.39,0.93,0.47,0.01853812476309372,10.43,8.26,28.95,134.84435220184866,0.1422726745858418,2.251938410573457,0.7112687512684163,0.25,0.0,38,MLIA,0.7415957610913498,0,0.0,0.19190000000000002,0.0339,0.2895,1.3484435220184867,0,0,0,0,0,0,0,0,0,0,0,0,0
4829,2019,0,24.2,3.26,1.25,0.73,0.08617529534239843,7.99,4.99,34.77,127.32640762494611,0.10979722357056598,2.2183984069389853,0.3656186764557721,0.5,0.5,40,MLIA,0.7853830314176534,0,0.0,0.242,0.0326,0.3477,1.2732640762494611,0,0,0,0,0,0,0,0,0,0,0,0,0
4828,2020,0,22.05,1.47,1.05,0.66,0.058574966244935654,7.14,5.46,31.55,114.51285510014249,0.09553488154314632,2.414796419574233,0.2741573082154517,0.4,0.16666666666666666,37,MLIA,0.8732644026083284,0,0.0,0.2205,0.0147,0.3155,1.1451285510014249,0,0,0,0,0,0,0,0,0,0,0,0,0
4827,2021,0,34.51,14.66,1.43,1.04,0.1795368345179892,6.95,6.38,22.84,76.05895309730361,0.3615990334919409,3.3808817933246615,0.8409016185445468,0.3333333333333333,0.0,38,MLIA,1.3147696086753675,0,0.0,0.34509999999999996,0.1466,0.2284,0.7605895309730362,0,0,0,0,0,0,0,0,0,0,0,0,0
4826,2022,0,34.96,16.83,2.01,1.42,0.36616208497712954,6.87,5.79,16.29,51.834388712870286,0.5033031176066922,4.847233690183577,0.7746526999268807,0.3333333333333333,0.0,34,MLIA,1.9292211692499497,0,0.0,0.3496,0.16829999999999998,0.1629,0.5183438871287028,0,0,0,0,0,0,0,0,0,0,0,0,0
4825,2023,0,28.24,11.71,2.17,1.33,0.33999450804475057,6.52,4.21,13.19,41.52804868715555,0.3844253577100673,6.29958950144202,0.5843610990580989,0.375,0.0,34,MLIA,2.408011047023493,0,0.0,0.2824,0.11710000000000001,0.1319,0.41528048687155544,0,0,0,0,0,0,0,0,0,0,0,0,0
4859,2013,0,11.4,3.51,1.29,0.97,0.3707837932277915,6.4,6.82,11.66,32.77,0.10843624522795597,4.123317925722012,4.269196574559434,0.5,0.0,32,MLPT,3.0515715593530666,0,,0.114,0.0351,0.1166,0.32770000000000005,0,0,0,0,0,0,0,0,0,0,0,0,0
4858,2014,0,10.16,3.41,1.28,1.05,0.4476813783801481,4.76,8.03,7.74,21.79,0.08161272113315841,7.442741454494047,3.1053231603866696,0.6,0.0,34,MLPT,4.589261128958238,0,0.0,0.1016,0.0341,0.0774,0.21789999999999998,0,0,0,0,0,0,0,0,0,0,0,0,0
4857,2015,0,10.94,4.54,1.43,1.11,0.6273093762577845,5.23,7.57,6.96,16.63,0.12267713694726833,7.4870217510173305,3.0211649989859533,0.5,0.0,36,MLPT,6.013229104028864,0,0.0,0.1094,0.0454,0.0696,0.1663,0,0,0,0,0,0,0,0,0,0,0,0,0
4856,2016,0,12.79,6.75,1.45,1.24,0.8097113240103297,6.81,7.7,9.09,19.67,0.10842880609709157,5.701790629395542,4.012852451384439,0.8,0.14285714285714285,37,MLPT,5.083884087442806,0,0.0,0.12789999999999999,0.0675,0.0909,0.1967,0,0,0,0,0,0,0,0,0,0,0,0,0
4855,2017,0,11.1,4.67,1.45,1.18,0.8071802798030975,8.21,9.8,6.49,13.82,0.1183961428437247,6.915394909783586,1.324723486848528,0.6,0.0,37,MLPT,7.235890014471781,0,0.0,0.111,0.0467,0.0649,0.1382,0,0,0,0,0,0,0,0,0,0,0,0,0
4854,2018,0,11.11,3.47,1.36,1.14,0.6434150570587523,7.31,9.81,7.82,17.66,0.09556849579451915,6.852911520849791,1.8825073983569447,0.3333333333333333,0.16666666666666666,38,MLPT,5.662514156285391,0,0.0,0.11109999999999999,0.0347,0.0782,0.1766,0,0,0,0,0,0,0,0,0,0,0,0,0
4853,2019,0,14.37,5.1,1.27,0.97,0.45509990499220854,5.94,8.45,8.15,17.54,0.15450664708719958,6.620564483705329,0.8583919049555783,0.6666666666666666,0.0,40,MLPT,5.701254275940707,0,0.0,0.1437,0.051,0.0815,0.1754,0,0,0,0,0,0,0,0,0,0,0,0,0
4852,2020,0,13.83,5.98,1.18,0.89,0.5023350072270485,6.66,6.84,6.85,18.79,0.13877191965771116,5.555927458302987,1.5093143829582676,0.375,0.0,37,MLPT,5.32197977647685,0,0.0,0.1383,0.059800000000000006,0.06849999999999999,0.18789999999999998,0,0,0,0,0,0,0,0,0,0,0,0,0
4851,2021,0,14.6,8.38,1.14,0.89,0.40808841294707227,5.03,5.83,2.35,7.36,0.1381449917596076,9.041029692319329,6.878554899882731,0.3333333333333333,0.0,38,MLPT,13.58695652173913,0,0.0,0.146,0.08380000000000001,0.0235,0.0736,0,0,0,0,0,0,0,0,0,0,0,0,0
4850,2022,0,16.47,15.66,1.17,0.89,0.4251075969365151,4.79,5.8,4.0,13.18,0.16487103457622257,7.173973279813079,4.616865371296046,0.3333333333333333,0.0,34,MLPT,7.587253414264036,0,0.0,0.16469999999999999,0.1566,0.04,0.1318,0,0,0,0,0,0,0,0,0,0,0,0,0
4849,2023,0,16.42,6.81,0.97,0.57,0.27696127476788757,6.39,4.16,11.69,51.12,0.1245508459794174,3.0454542849282404,4.124349035865549,0.4,0.0,34,MLPT,1.9561815336463224,0,0.0,0.1642,0.0681,0.11689999999999999,0.5112,0,0,0,0,0,0,0,0,0,0,0,0,0
4883,2013,0,56.29,27.75,4.24,3.41,1.248895885504494,2.3,2.31,5.56,6.9,1.367877220033488,30.197345549836925,4.779587613548989,0.3333333333333333,0.0,32,MNCN,14.492753623188404,0,,0.5629,0.2775,0.0556,0.069,0,0,0,0,0,0,0,0,0,0,0,0,0
4882,2014,0,57.79,28.24,9.72,7.88,3.3836974209773656,2.12,1.9,23.51,34.06,0.617192147672339,3.8262640723276116,3.8603686289238834,0.3,0.09090909090909091,34,MNCN,2.935995302407516,0,0.0,0.5779,0.2824,0.2351,0.3406,0,0,0,0,0,0,0,0,0,0,0,0,0
4881,2015,0,55.61,19.81,7.43,5.9,1.466923125009016,1.95,1.77,26.24,39.7,0.447051076532895,3.472984797946623,2.768247569120357,0.5,0.2,36,MNCN,2.5188916876574305,0,0.0,0.5561,0.1981,0.26239999999999997,0.397,0,0,0,0,0,0,0,0,0,0,0,0,0
4880,2016,0,57.29,22.03,1.58,1.12,0.24906787490244095,2.09,1.62,26.61,39.94,0.4906472416395579,18.12379835026984,2.6409089104486956,0.3333333333333333,0.3333333333333333,37,MNCN,2.5037556334501754,0,0.0,0.5729,0.22030000000000002,0.2661,0.3994,0,0,0,0,0,0,0,0,0,0,0,0,0
4879,2017,0,62.14,22.23,4.6,2.99,0.5245729424212355,2.32,1.24,25.36,38.96,0.5071627682922746,3.5813245999388976,1.8717108096625648,0.6666666666666666,0.3333333333333333,37,MNCN,2.566735112936345,0,0.0,0.6214,0.2223,0.2536,0.3896,0,0,0,0,0,0,0,0,0,0,0,0,0
4878,2018,0,62.05,21.57,3.41,2.13,0.45807414987749095,2.44,1.1,28.32,43.49,0.48089243804946497,4.003307720441323,0.9255994274736535,0.3333333333333333,0.0,38,MNCN,2.2993791676247413,0,0.0,0.6204999999999999,0.2157,0.2832,0.4349,0,0,0,0,0,0,0,0,0,0,0,0,0
4877,2019,0,63.72,28.16,3.57,2.26,0.41383705533148835,2.62,1.09,25.42,36.19,0.6136404033344078,4.949467134971138,1.8578136592848733,0.3333333333333333,0.0,40,MNCN,2.7631942525559547,0,0.0,0.6372,0.2816,0.25420000000000004,0.3619,0,0,0,0,0,0,0,0,0,0,0,0,0
4876,2020,0,61.66,23.52,3.85,2.52,0.5670074301664851,2.39,1.08,21.13,27.65,0.6321420438039974,7.2818943277978,1.186341330323864,0.5,0.25,37,MNCN,3.6166365280289337,0,0.0,0.6165999999999999,0.2352,0.2113,0.27649999999999997,0,0,0,0,0,0,0,0,0,0,0,0,0
4875,2021,0,57.63,26.26,4.08,2.64,0.6708524079544651,2.85,1.36,13.0,15.28,1.1246912316692115,23.68565146962636,0.7627455589083546,0.3333333333333333,0.0,38,MNCN,6.544502617801047,0,0.0,0.5763,0.2626,0.13,0.1528,0,0,0,0,0,0,0,0,0,0,0,0,0
4874,2022,0,55.88,24.76,4.72,2.93,0.7228147630681369,2.53,1.13,6.11,6.88,1.1610760663621216,44.81729825379987,0.5593946631178065,0.3333333333333333,0.0,34,MNCN,14.534883720930232,0,0.0,0.5588000000000001,0.24760000000000001,0.0611,0.0688,0,0,0,0,0,0,0,0,0,0,0,0,0
4873,2023,0,46.43,14.02,8.03,4.94,1.3611233823076334,2.25,1.11,6.55,7.13,0.813761746936837,34.87957539492968,0.27767207666635474,0.2857142857142857,0.0,34,MNCN,14.025245441795231,0,0.0,0.4643,0.1402,0.0655,0.0713,0,0,0,0,0,0,0,0,0,0,0,0,0
4907,2013,0,14.12,4.06,1.09,1.01,0.24623798702523922,4.78,44.66,49.36,126.03,0.19218022667661538,2.872195269085462,1.2999196266304764,0.5,0.0,32,MPMX,0.7934618741569468,0,,0.1412,0.0406,0.4936,1.2603,0,0,0,0,0,0,0,0,0,0,0,0,0
4906,2014,0,13.96,3.19,1.47,1.31,0.33792436784242846,4.51,26.58,50.12,132.93,0.17270884824404276,2.173419723563162,0.6702727024107066,0.5,0.5,34,MPMX,0.7522756337922214,0,0.0,0.1396,0.0319,0.5012,1.3293000000000001,0,0,0,0,0,0,0,0,0,0,0,0,0
4905,2015,0,13.27,1.85,1.59,1.41,0.36644933761404713,4.28,20.24,48.97,132.8,0.11272444365282168,2.048832687499632,0.408668183692627,0.4,0.0,36,MPMX,0.753012048192771,0,0.0,0.13269999999999998,0.018500000000000003,0.48969999999999997,1.328,0,0,0,0,0,0,0,0,0,0,0,0,0
4904,2016,0,10.18,1.99,1.29,1.13,0.2946784436655344,4.52,20.55,48.83,129.07,0.07872210845573753,2.1642080573285893,0.6480120461544564,0.4,0.0,37,MPMX,0.7747733787867049,0,0.0,0.1018,0.0199,0.48829999999999996,1.2907,0,0,0,0,0,0,0,0,0,0,0,0,0
4903,2017,0,8.16,0.89,1.47,1.22,0.5951045871016335,6.14,21.13,32.15,67.72,0.09878837602587102,2.5656470256888864,0.9360069745743015,0.3333333333333333,0.0,37,MPMX,1.4766686355581806,0,0.0,0.0816,0.0089,0.3215,0.6772,0,0,0,0,0,0,0,0,0,0,0,0,0
4902,2018,0,6.82,0.29,2.13,1.9,1.527872914188982,15.39,25.33,2.9,3.96,0.12004901168485702,26.2084638867649,0.4605730750866358,0.6666666666666666,0.25,38,MPMX,25.252525252525256,0,0.0,0.0682,0.0029,0.028999999999999998,0.039599999999999996,0,0,0,0,0,0,0,0,0,0,0,0,0
4901,2019,0,8.06,3.29,2.01,1.69,1.1965863150607268,20.98,25.64,4.24,5.58,0.27724369019263717,14.39704930666819,0.40844288514451293,0.3333333333333333,0.5,40,MPMX,17.921146953405017,0,0.0,0.0806,0.0329,0.0424,0.0558,0,0,0,0,0,0,0,0,0,0,0,0,0
4900,2020,0,8.69,1.7,1.54,1.4,1.108453378932588,20.0,25.51,7.64,11.13,0.1243393008491461,6.814083699018924,0.3486315139344833,0.2,0.0,37,MPMX,8.98472596585804,0,0.0,0.08689999999999999,0.017,0.0764,0.11130000000000001,0,0,0,0,0,0,0,0,0,0,0,0,0
4899,2021,0,7.25,3.18,1.44,1.37,1.1190774620715054,28.75,55.72,10.06,15.87,0.09163036783310365,5.16234635511744,0.8164436347824865,0.5,0.0,38,MPMX,6.301197227473221,0,0.0,0.0725,0.0318,0.10060000000000001,0.15869999999999998,0,0,0,0,0,0,0,0,0,0,0,0,0
4898,2022,0,7.89,4.46,1.88,1.69,1.4411359708610996,32.31,45.4,0.16,0.23,0.1769242296698519,9.072398231370087,0.8078749887664021,0.3333333333333333,0.0,34,MPMX,434.7826086956522,0,0.0,0.0789,0.0446,0.0016,0.0023,0,0,0,0,0,0,0,0,0,0,0,0,0
4897,2023,0,8.12,3.78,1.88,1.73,1.40236594325466,32.27,39.54,0.18,0.26,0.1920769180974085,10.512394147428644,0.7667176283104815,0.5,0.0,34,MPMX,384.61538461538464,0,0.0,0.0812,0.0378,0.0018,0.0026,0,0,0,0,0,0,0,0,0,0,0,0,0
4931,2013,0,15.86,3.73,1.37,0.62,0.4495873155924581,32.3,5.08,2.85,5.7,0.11970901323408883,14.333589621152647,3.166417219649951,0.3333333333333333,0.0,32,MPPA,17.543859649122805,0,,0.1586,0.0373,0.0285,0.057,0,0,0,0,0,0,0,0,0,0,0,0,0
4930,2014,0,17.32,4.08,1.31,0.45,0.27166535867922337,34.09,4.86,3.24,7.09,0.23810724779546347,10.985978742984434,6.487624014950639,0.5,0.2,34,MPPA,14.104372355430183,0,0.0,0.1732,0.0408,0.032400000000000005,0.0709,0,0,0,0,0,0,0,0,0,0,0,0,0
4929,2015,0,16.44,1.61,1.32,0.43,0.14528855380787142,26.11,4.75,10.77,25.85,0.09132710133757137,4.571699102296184,3.9038272711348276,0.3333333333333333,0.3333333333333333,36,MPPA,3.8684719535783363,0,0.0,0.16440000000000002,0.0161,0.10769999999999999,0.2585,0,0,0,0,0,0,0,0,0,0,0,0,0
4928,2016,0,16.96,0.28,1.23,0.41,0.07459686611395731,16.86,4.28,11.19,30.87,0.04402245130035051,3.5899957574814363,3.2758289409449275,0.3333333333333333,0.25,37,MPPA,3.239390994493035,0,0.0,0.1696,0.0028000000000000004,0.1119,0.30870000000000003,0,0,0,0,0,0,0,0,0,0,0,0,0
4927,2017,0,7.99,-9.9,0.64,0.23,0.09623047762831272,20.41,5.34,27.46,126.9,-0.3953953172526528,4.11704194916829,2.070260321196827,0.4,0.0,37,MPPA,0.7880220646178092,0,0.0,0.0799,-0.099,0.2746,1.2690000000000001,0,0,0,0,0,0,0,0,0,0,0,0,0
4926,2018,0,13.85,-8.4,0.86,0.29,0.12102547656878784,36.86,5.74,23.92,100.07,-0.16642162904291583,2.4890695089053185,0.9958124468367437,0.3333333333333333,0.0,38,MPPA,0.99930048965724,0,0.0,0.13849999999999998,-0.084,0.23920000000000002,1.0007,0,0,0,0,0,0,0,0,0,0,0,0,0
4925,2019,0,18.26,-6.39,0.73,0.27,0.11621454405187921,34.66,5.05,23.56,169.59,-0.0791185023804545,1.790011879631642,1.986279344464942,0.5,0.0,40,MPPA,0.5896574090453447,0,0.0,0.1826,-0.0639,0.23559999999999998,1.6959,0,0,0,0,0,0,0,0,0,0,0,0,0
4924,2020,0,19.37,-6.01,0.56,0.21,0.10850316981041938,32.65,5.09,53.24,1299.99,-0.04814395194204417,1.1182162927999242,4.279453330735003,0.0,0.0,37,MPPA,0.07692366864360495,0,0.0,0.1937,-0.0601,0.5324,12.9999,0,0,0,0,0,0,0,0,0,0,0,0,0
4923,2021,0,17.98,-5.07,0.84,0.41,0.3081236151393418,33.46,5.42,46.3,368.46,-0.027093888639262896,1.35994417340735,6.295868391663316,0.3333333333333333,0.0,38,MPPA,0.27139988058405257,0,0.0,0.17980000000000002,-0.0507,0.46299999999999997,3.6845999999999997,0,0,0,0,0,0,0,0,0,0,0,0,0
4922,2022,0,18.27,-6.12,0.67,0.27,0.13941315566938917,30.77,5.85,49.47,1127.91,-0.07417817905889544,1.1257721696204948,6.536379246342242,0.3333333333333333,0.0,34,MPPA,0.0886595561702618,0,0.0,0.1827,-0.061200000000000004,0.4947,11.279100000000001,0,0,0,0,0,0,0,0,0,0,0,0,0
4921,2023,0,17.48,-3.69,0.75,0.25,0.11524138061246246,29.06,5.71,45.59,640.62,-0.050938960820482375,1.2140407706144996,3.850757766741911,0.5,0.0,34,MPPA,0.15609877930754582,0,0.0,0.1748,-0.0369,0.4559,6.4062,0,0,0,0,0,0,0,0,0,0,0,0,0
4955,2013,0,55.49,6.71,6.02,4.94,1.0506187687199613,2.4,3.23,1.89,2.23,0.5646570356881029,36.273853358454126,0.5434755692004359,0.3,0.0,32,MRAT,44.84304932735426,0,,0.5549000000000001,0.06709999999999999,0.0189,0.0223,0,0,0,0,0,0,0,0,0,0,0,0,0
4954,2014,0,55.47,-1.87,6.05,4.74,1.1155036378381715,1.94,2.43,2.35,2.73,-0.2599168177383191,38.8473501303796,0.5267987530558849,0.8333333333333334,0.4,34,MRAT,36.63003663003663,0,0.0,0.5547,-0.0187,0.0235,0.0273,0,0,0,0,0,0,0,0,0,0,0,0,0
4953,2015,0,56.4,1.62,3.61,2.78,0.3456361466485622,2.24,2.45,3.47,4.57,0.10127924082937302,23.402134066846816,0.3952971613352359,0.5,0.0,36,MRAT,21.881838074398246,0,0.0,0.564,0.016200000000000003,0.0347,0.045700000000000005,0,0,0,0,0,0,0,0,0,0,0,0,0
4952,2016,0,57.17,0.24,3.7,2.94,0.3525147919886599,1.83,2.22,6.21,8.18,0.04585135911613913,22.963945040161487,0.23612163437648975,1.0,0.5,37,MRAT,12.224938875305623,0,0.0,0.5717,0.0024,0.0621,0.0818,0,0,0,0,0,0,0,0,0,0,0,0,0
4951,2017,0,58.26,-1.61,3.97,3.0,0.25968040889891236,1.44,1.69,7.88,10.32,0.011497598643260967,19.384578762242995,0.2435183690145102,0.3333333333333333,0.75,37,MRAT,9.689922480620154,0,0.0,0.5826,-0.0161,0.0788,0.1032,0,0,0,0,0,0,0,0,0,0,0,0,0
4950,2018,0,57.42,-0.37,3.6,2.57,0.2139566027875457,1.46,1.46,10.77,14.6,0.013864618630938587,16.403004714911578,0.24041572833463348,0.75,0.0,38,MRAT,6.849315068493151,0,0.0,0.5742,-0.0037,0.10769999999999999,0.146,0,0,0,0,0,0,0,0,0,0,0,0,0
4949,2019,0,57.58,-0.75,3.11,2.08,0.1301816017567707,1.35,1.08,10.92,15.18,0.0368033753200289,18.535421231916846,0.20819949417731246,0.3333333333333333,0.0,40,MRAT,6.587615283267458,0,0.0,0.5758,-0.0075,0.1092,0.1518,0,0,0,0,0,0,0,0,0,0,0,0,0
4948,2020,0,59.86,0.04,2.89,1.99,0.0706597472399807,1.37,0.96,10.38,15.01,0.046638159799113545,18.39704166795527,0.17763598387652665,0.3333333333333333,0.3333333333333333,37,MRAT,6.662225183211192,0,0.0,0.5986,0.0004,0.1038,0.1501,0,0,0,0,0,0,0,0,0,0,0,0,0
4947,2021,0,63.7,-2.13,2.21,1.46,0.05973243155445613,1.35,0.84,14.48,23.68,0.06254549628880515,16.870406780510553,0.21123852162941176,0.3333333333333333,0.3333333333333333,38,MRAT,4.222972972972973,0,0.0,0.637,-0.0213,0.1448,0.2368,0,0,0,0,0,0,0,0,0,0,0,0,0
4946,2022,0,59.63,0.11,2.13,1.25,0.04031766875648271,1.42,0.78,15.27,25.72,0.06465911562845275,18.65199124767476,0.3441998875578152,0.3333333333333333,0.5714285714285714,34,MRAT,3.888024883359254,0,0.0,0.5963,0.0011,0.1527,0.2572,0,0,0,0,0,0,0,0,0,0,0,0,0
4945,2023,0,47.36,23.78,2.48,1.61,0.7497303119633848,1.42,0.76,20.19,34.1,0.20972583627111277,9.73079064693473,0.7958956999491003,0.4,0.0,34,MRAT,2.9325513196480935,0,0.0,0.4736,0.2378,0.20190000000000002,0.341,0,0,0,0,0,0,0,0,0,0,0,0,0
4979,2013,0,19.69,-16.13,1.12,0.79,0.3930123915651903,8.4,5.29,48.17,163.79,0.10487393072901938,1.6052147666782464,1.618602832781397,0.3333333333333333,0.3333333333333333,32,MSKY,0.6105378838756945,0,,0.19690000000000002,-0.1613,0.4817,1.6379,0,0,0,0,0,0,0,0,0,0,0,0,0
4978,2014,0,11.92,-4.73,0.81,0.5,0.05080365754851653,7.68,6.86,52.06,191.82,0.057170926592215315,1.534179442070872,1.4179822851595703,0.3333333333333333,0.0,34,MSKY,0.5213220727765614,0,0.0,0.1192,-0.0473,0.5206000000000001,1.9182,0,0,0,0,0,0,0,0,0,0,0,0,0
4977,2015,0,6.51,-23.37,0.19,0.13,0.009143933010322309,6.58,8.5,51.56,231.79,0.01332690052225953,34.88439411510562,1.2656952112964337,0.6,0.0,36,MSKY,0.43142499676431256,0,0.0,0.06509999999999999,-0.23370000000000002,0.5156000000000001,2.3179,0,0,0,0,0,0,0,0,0,0,0,0,0
4976,2016,0,2.02,-6.58,0.61,0.43,0.06420434093142262,6.92,10.91,43.04,181.33,-0.021030204212512806,1.4460788603015464,1.2793423885942157,0.4,0.5,37,MSKY,0.551480725748635,0,0.0,0.0202,-0.0658,0.4304,1.8133000000000001,0,0,0,0,0,0,0,0,0,0,0,0,0
4975,2017,0,8.66,-10.9,0.62,0.45,0.035250511794454785,7.81,11.4,50.03,112.37,0.03619983691600737,2.3571883621863474,0.6419994538471666,0.3333333333333333,0.0,37,MSKY,0.8899172376968941,0,0.0,0.0866,-0.109,0.5003,1.1237000000000001,0,0,0,0,0,0,0,0,0,0,0,0,0
4974,2018,0,6.11,-8.83,0.28,0.21,0.027440944897696173,7.59,12.45,42.13,99.52,0.010284661250454059,7.258564747679815,0.6607647462608036,0.3333333333333333,0.3333333333333333,38,MSKY,1.004823151125402,0,0.0,0.0611,-0.0883,0.4213,0.9952,0,0,0,0,0,0,0,0,0,0,0,0,0
4973,2019,0,5.14,-3.07,0.98,0.79,0.0994824086413297,7.03,14.26,17.89,27.44,0.018810470706950792,4.532803301948915,1.0170331683316305,0.3333333333333333,0.0,40,MSKY,3.6443148688046643,0,0.0,0.051399999999999994,-0.030699999999999998,0.1789,0.27440000000000003,0,0,0,0,0,0,0,0,0,0,0,0,0
4972,2020,0,3.97,-9.95,1.17,0.85,0.06363781935623557,4.85,9.14,12.82,22.17,-0.00497129640483404,3.531699965610303,0.5965981194374341,0.3333333333333333,0.0,37,MSKY,4.510599909788001,0,0.0,0.0397,-0.09949999999999999,0.1282,0.2217,0,0,0,0,0,0,0,0,0,0,0,0,0
4971,2021,0,1.33,-12.44,0.81,0.65,0.01821855166528803,3.04,6.33,10.31,16.17,-0.03435412916351552,8.353594831345351,0.48271083029476436,0.0,0.0,38,MSKY,6.184291898577612,0,0.0,0.013300000000000001,-0.1244,0.10310000000000001,0.1617,0,0,0,0,0,0,0,0,0,0,0,0,0
4970,2022,0,-11.41,-22.01,0.91,0.73,0.01291232725162114,2.36,7.67,7.76,11.8,-0.15756695502831702,8.927249564405836,0.1999824465562554,0.3333333333333333,0.3333333333333333,34,MSKY,8.47457627118644,0,0.0,-0.11410000000000001,-0.22010000000000002,0.0776,0.11800000000000001,0,0,0,0,0,0,0,0,0,0,0,0,0
4969,2023,0,-24.48,-37.09,1.04,0.84,0.007834389300854566,1.7,6.22,6.73,10.44,-0.1993125265715999,5.810611221089649,0.10093117640172763,0.16666666666666666,0.25,34,MSKY,9.578544061302683,0,0.0,-0.24480000000000002,-0.3709,0.0673,0.10439999999999999,0,0,0,0,0,0,0,0,0,0,0,0,0
5003,2013,0,7.6,2.32,1.62,1.11,0.08585585242724414,8.17,13.79,59.499064256199055,146.90787549190483,0.21860170272703472,9.687164895059714,0.6880660399305948,0.4,0.0,32,MTDL,0.6806987009046386,0,,0.076,0.0232,0.5949906425619905,1.4690787549190483,0,0,0,0,0,0,0,0,0,0,0,0,0
5002,2014,0,7.65,3.16,1.7,1.16,0.20258759109061716,6.94,10.92,56.711259909677295,131.006954213378,0.23441293901639176,13.691797934739483,1.1670253185411614,0.42857142857142855,0.25,34,MTDL,0.7633182574195617,0,0.0,0.0765,0.0316,0.5671125990967729,1.31006954213378,0,0,0,0,0,0,0,0,0,0,0,0,0
5001,2015,0,7.45,3.28,1.75,1.26,0.19497371612746658,6.72,11.01,55.698501286225586,125.72599777286446,0.2181958215024723,10.728476238923324,0.9693593549053467,0.5,0.0,36,MTDL,0.7953804445494174,0,0.0,0.0745,0.032799999999999996,0.5569850128622559,1.2572599777286446,0,0,0,0,0,0,0,0,0,0,0,0,0
5000,2016,0,7.9,3.21,1.85,1.34,0.2929592431830583,5.91,10.22,52.28872598987466,109.5940678062336,0.21839403726806142,9.62992967441166,0.835188050499135,0.5,0.0,37,MTDL,0.9124581467019157,0,0.0,0.079,0.0321,0.5228872598987466,1.095940678062336,0,0,0,0,0,0,0,0,0,0,0,0,0
4999,2017,0,7.73,3.46,2.0,1.43,0.28184003543723934,6.04,10.06,48.45112308765345,93.99064730360564,0.22458924262917576,11.088101205503806,0.7248862007078108,0.5,0.5,37,MTDL,1.0639356453944095,0,0.0,0.07730000000000001,0.0346,0.48451123087653447,0.9399064730360565,0,0,0,0,0,0,0,0,0,0,0,0,0
4998,2018,0,7.8,3.35,2.05,1.41,0.32988558627608,6.68,9.81,46.41765867618864,86.6286495315224,0.25563440464008486,17.544382726653815,0.81681244212918,0.6,0.6666666666666666,38,MTDL,1.1543525212592867,0,0.0,0.078,0.0335,0.4641765867618864,0.866286495315224,0,0,0,0,0,0,0,0,0,0,0,0,0
4997,2019,0,7.89,3.55,2.06,1.42,0.3139874992613797,7.26,9.6,45.907463756895886,84.86838840496837,0.27304483930201956,21.92085722536199,1.5089627454446564,0.3333333333333333,0.0,40,MTDL,1.178295026916592,0,0.0,0.0789,0.0355,0.4590746375689589,0.8486838840496838,0,0,0,0,0,0,0,0,0,0,0,0,0
4996,2020,0,8.86,3.86,2.29,1.94,0.8145407332706848,7.14,10.87,41.5978482382887,71.22656782923609,0.2927399602037574,21.943712060825312,1.1357801244426489,0.3333333333333333,0.0,37,MTDL,1.4039704993191233,0,0.0,0.0886,0.038599999999999995,0.415978482382887,0.7122656782923609,0,0,0,0,0,0,0,0,0,0,0,0,0
4995,2021,0,8.03,4.12,1.97,1.44,0.4699848473801231,8.93,12.69,48.30991546480652,93.46070121420375,0.2584907446226125,28.754096620818476,2.391121473895346,0.42857142857142855,0.0,38,MTDL,1.0699684327299102,0,0.0,0.0803,0.0412,0.48309915464806524,0.9346070121420376,0,0,0,0,0,0,0,0,0,0,0,0,0
4994,2022,0,8.15,4.13,1.96,1.17,0.3433580320823123,7.92,7.59,48.53877991764085,94.32108263262863,0.2700002616397902,33.22012051005223,1.6121380851749307,0.4,0.0,34,MTDL,1.0602083564868545,0,0.0,0.0815,0.041299999999999996,0.4853877991764085,0.9432108263262863,0,0,0,0,0,0,0,0,0,0,0,0,0
4993,2023,0,8.57,4.26,1.92,1.23,0.2853278146753819,6.49,6.19,50.346412630080906,101.39531763334692,0.2342138510549417,20.42009567164812,1.303683198107395,0.42857142857142855,0.42857142857142855,34,MTDL,0.9862388356196832,0,0.0,0.0857,0.0426,0.5034641263008091,1.0139531763334693,0,0,0,0,0,0,0,0,0,0,0,0,0
5027,2013,0,56.26,28.18,2.27,0.9,0.5910535920284149,6.71,0.44,22.66,36.39,0.26919419792190297,5.1743359155957425,1.63203732852462,0.5,0.0,32,MTLA,2.7480076944215446,0,,0.5626,0.2818,0.2266,0.3639,0,0,0,0,0,0,0,0,0,0,0,0,0
5026,2014,0,59.75,27.69,2.46,0.89,0.4017854567128189,4.55,0.44,25.05,40.1,0.35470313390783825,5.340803648794571,1.6607170235584212,0.6,0.0,34,MTLA,2.4937655860349124,0,0.0,0.5975,0.27690000000000003,0.2505,0.401,0,0,0,0,0,0,0,0,0,0,0,0,0
5025,2015,0,62.57,22.03,2.32,0.59,0.24958893474875166,3.9,0.3,25.64,41.95,0.29756659965236176,5.09349230695877,0.7436470827094441,0.3333333333333333,0.0,36,MTLA,2.3837902264600714,0,0.0,0.6257,0.22030000000000002,0.2564,0.41950000000000004,0,0,0,0,0,0,0,0,0,0,0,0,0
5024,2016,0,65.64,27.68,2.59,0.65,0.37076884738461824,5.4,0.25,25.95,40.77,0.3258322762516161,5.220988990585897,1.082925184230852,0.3333333333333333,0.25,37,MTLA,2.452783909737552,0,0.0,0.6564,0.2768,0.2595,0.4077,0,0,0,0,0,0,0,0,0,0,0,0,0
5023,2017,0,66.98,43.61,2.51,0.86,0.5069060653692584,5.13,0.25,24.68,39.65,0.3001306061334355,4.878131294196656,1.0157994224930393,0.3333333333333333,0.16666666666666666,37,MTLA,2.5220680958385877,0,0.0,0.6698000000000001,0.4361,0.2468,0.39649999999999996,0,0,0,0,0,0,0,0,0,0,0,0,0
5022,2018,0,64.05,36.79,3.08,0.9,0.5989423891363326,5.7,0.27,20.48,30.94,0.30249703183026916,5.029869637553854,0.9973054808494073,0.3333333333333333,0.0,38,MTLA,3.2320620555914674,0,0.0,0.6405,0.3679,0.2048,0.3094,0,0,0,0,0,0,0,0,0,0,0,0,0
5021,2019,0,58.9,34.74,2.67,0.9,0.6703856196407204,6.94,0.27,22.65,35.93,0.20518464345498785,5.0541049137653244,1.1532844443590153,0.3333333333333333,0.0,40,MTLA,2.7831895352073475,0,0.0,0.589,0.34740000000000004,0.22649999999999998,0.3593,0,0,0,0,0,0,0,0,0,0,0,0,0
5020,2020,0,56.09,25.78,2.63,0.73,0.4869076411396268,5.19,0.21,18.4,26.78,0.16949889682066627,7.471102596417268,0.8073964159612964,0.3333333333333333,0.0,37,MTLA,3.73412994772218,0,0.0,0.5609000000000001,0.25780000000000003,0.184,0.26780000000000004,0,0,0,0,0,0,0,0,0,0,0,0,0
5019,2021,0,53.56,31.75,2.43,0.78,0.5892031265948897,6.71,0.24,14.13,20.56,0.1751125850689886,8.19713759285999,0.7991872567447404,0.42857142857142855,0.0,38,MTLA,4.863813229571985,0,0.0,0.5356000000000001,0.3175,0.1413,0.20559999999999998,0,0,0,0,0,0,0,0,0,0,0,0,0
5018,2022,0,54.33,30.18,2.65,0.76,0.6219721480401439,9.86,0.25,13.54,19.18,0.22459713015647406,9.745125015173976,0.6214684763491573,0.4,0.0,34,MTLA,5.213764337851929,0,0.0,0.5433,0.3018,0.1354,0.1918,0,0,0,0,0,0,0,0,0,0,0,0,0
5017,2023,0,54.25,28.91,2.6,0.69,0.5491976461165604,12.86,0.28,12.94,18.15,0.26760344453889784,10.654430059342452,0.6006187122670146,0.4,0.125,34,MTLA,5.5096418732782375,0,0.0,0.5425,0.2891,0.1294,0.1815,0,0,0,0,0,0,0,0,0,0,0,0,0
5051,2013,0,14.09,7.08,1.73,1.28,0.21592068076535884,12.69,9.99,41.95,97.39,0.2688465523711297,2.5389458697747216,1.3774901272253017,0.0,0.0,32,MYOH,1.0267994660642776,0,,0.1409,0.0708,0.41950000000000004,0.9739,0,0,0,0,0,0,0,0,0,0,0,0,0
5050,2014,0,14.88,8.87,1.86,1.42,0.40821542545392253,12.73,11.15,36.14,73.15,0.3643488475126155,3.0933479396144863,1.0067529435373512,0.3333333333333333,0.0,34,MYOH,1.367053998632946,0,0.0,0.14880000000000002,0.08869999999999999,0.3614,0.7315,0,0,0,0,0,0,0,0,0,0,0,0,0
5049,2015,0,18.68,10.93,2.32,1.96,0.9356511715224816,8.18,11.34,29.15,50.35,0.5095927120715295,4.001226306739112,0.9004798932262811,0.6666666666666666,0.3333333333333333,36,MYOH,1.9860973187686195,0,0.0,0.1868,0.1093,0.2915,0.5035000000000001,0,0,0,0,0,0,0,0,0,0,0,0,0
5048,2016,0,18.91,11.18,4.3,3.63,1.1093714620000266,5.62,11.69,13.58,18.61,0.7121304059363978,6.316259099003579,0.9600795655049281,0.3333333333333333,0.0,37,MYOH,5.373455131649651,0,0.0,0.1891,0.1118,0.1358,0.1861,0,0,0,0,0,0,0,0,0,0,0,0,0
5047,2017,0,14.57,6.54,2.85,2.3,0.6916350379448682,5.67,10.88,7.35,9.75,0.5288245601787088,31.96049433496455,1.1106426538816818,0.4,0.5,37,MYOH,10.256410256410255,0,0.0,0.1457,0.0654,0.0735,0.0975,0,0,0,0,0,0,0,0,0,0,0,0,0
5046,2018,0,20.82,12.83,3.48,2.93,1.4385312515191724,6.58,11.72,6.61,8.77,1.1015828344082412,15.615208118540634,1.3896741597593363,0.3333333333333333,0.0,38,MYOH,11.402508551881414,0,0.0,0.2082,0.1283,0.0661,0.0877,0,0,0,0,0,0,0,0,0,0,0,0,0
5045,2019,0,16.41,10.26,3.28,2.67,0.6995522833594808,4.95,11.42,3.12,4.09,0.8762607978400087,39.13421831667948,1.6753113437517917,0.5,0.0,40,MYOH,24.449877750611247,0,0.0,0.1641,0.1026,0.031200000000000002,0.0409,0,0,0,0,0,0,0,0,0,0,0,0,0
5044,2020,0,20.71,12.99,6.31,5.18,2.5883159368682613,3.15,6.56,0.23,0.27,1.3288620228878338,35.75597588450201,1.5830437862703568,0.25,0.0,37,MYOH,370.3703703703703,0,0.0,0.2071,0.12990000000000002,0.0023,0.0027,0,0,0,0,0,0,0,0,0,0,0,0,0
5043,2021,0,25.19,16.78,6.72,5.78,4.416781946001797,4.37,6.08,0.43,0.51,1.3962711717679013,42.995867033032674,1.9269580751319153,0.3333333333333333,0.0,38,MYOH,196.078431372549,0,0.0,0.2519,0.1678,0.0043,0.0051,0,0,0,0,0,0,0,0,0,0,0,0,0
5042,2022,0,19.02,9.96,7.88,6.94,5.554505296652579,5.59,6.46,0.3,0.34,0.904361264779358,50.05848542866803,1.51625621321964,0.3333333333333333,0.0,34,MYOH,294.11764705882354,0,0.0,0.1902,0.09960000000000001,0.003,0.0034000000000000002,0,0,0,0,0,0,0,0,0,0,0,0,0
5041,2023,0,19.14,13.78,2.97,2.55,1.7150264849666572,4.46,5.81,16.11,22.81,0.25379489134687866,8.808000109831578,1.4742321567976044,0.5714285714285714,0.25,34,MYOH,4.384042086804033,0,0.0,0.19140000000000001,0.1378,0.1611,0.2281,0,0,0,0,0,0,0,0,0,0,0,0,0
5075,2013,0,24.31,8.43,2.4,1.86,0.22433575689966015,4.94,6.16,39.89,99.46,0.22433575689966015,2.2403203533948823,5.9716600329483445,0.5,0.5,32,MYOR,1.0054293183189222,0,,0.24309999999999998,0.0843,0.39890000000000003,0.9945999999999999,0,0,0,0,0,0,0,0,0,0,0,0,0
5074,2014,0,17.89,2.89,2.09,1.46,0.14320360983572827,4.81,6.8,44.7,112.89,0.14320360983572827,2.3123691250960317,4.584671723342142,0.5,0.0,34,MYOR,0.8858180529719195,0,0.0,0.1789,0.028900000000000002,0.447,1.1289,0,0,0,0,0,0,0,0,0,0,0,0,0
5073,2015,0,28.33,8.44,2.37,1.81,0.3029510980011447,4.59,5.69,33.57,73.31,0.3029510980011447,2.7333583248305153,5.251289652215322,0.3333333333333333,0.0,36,MYOR,1.3640703860319192,0,0.0,0.2833,0.08439999999999999,0.3357,0.7331,0,0,0,0,0,0,0,0,0,0,0,0,0
5072,2016,0,26.71,7.57,2.25,1.7,0.34778196718517596,4.72,6.92,31.54,65.05,0.34778196718517596,3.2592849545735474,5.870480172483823,0.5,0.1111111111111111,37,MYOR,1.5372790161414298,0,0.0,0.2671,0.0757,0.3154,0.6505,0,0,0,0,0,0,0,0,0,0,0,0,0
5071,2017,0,23.9,7.83,2.39,1.98,0.3254061060036843,3.97,8.02,29.86,60.56,0.3254061060036843,3.381685172223285,6.141208368002791,0.3333333333333333,0.25,37,MYOR,1.6512549537648613,0,0.0,0.239,0.0783,0.2986,0.6056,0,0,0,0,0,0,0,0,0,0,0,0,0
5070,2018,0,26.59,7.32,2.65,1.95,0.2904016995164323,3.95,6.82,34.15,70.32,0.2904016995164323,2.9937547701116793,6.8574174129335015,0.3333333333333333,0.4,38,MYOR,1.4220705346985212,0,0.0,0.2659,0.0732,0.34149999999999997,0.7031999999999999,0,0,0,0,0,0,0,0,0,0,0,0,0
5069,2019,0,31.64,8.2,3.43,2.68,0.34715167172264855,4.01,5.57,30.51,58.67,0.34715167172264855,2.8293860051300133,4.629859729649453,0.5,0.14285714285714285,40,MYOR,1.7044486108743822,0,0.0,0.3164,0.08199999999999999,0.30510000000000004,0.5867,0,0,0,0,0,0,0,0,0,0,0,0,0
5068,2020,0,29.82,8.57,3.61,2.82,0.33281417699085325,4.07,6.14,24.58,43.13,0.33281417699085325,3.2785849493353503,5.375704033066485,0.4,0.2,37,MYOR,2.3185717597959656,0,0.0,0.2982,0.0857,0.2458,0.4313,0,0,0,0,0,0,0,0,0,0,0,0,0
5067,2021,0,24.81,4.34,2.33,1.78,0.20710378902104182,4.77,7.19,25.78,45.19,0.20710378902104182,4.803350512795333,4.015107515855838,0.5,0.25,38,MYOR,2.2128789555211332,0,0.0,0.2481,0.0434,0.25780000000000003,0.45189999999999997,0,0,0,0,0,0,0,0,0,0,0,0,0
5066,2022,0,22.3,6.42,2.62,1.93,0.25770515784457093,4.84,6.9,24.82,43.08,0.25770515784457093,4.373255232724286,4.355129067999106,0.42857142857142855,0.0,34,MYOR,2.3212627669452184,0,0.0,0.223,0.0642,0.2482,0.43079999999999996,0,0,0,0,0,0,0,0,0,0,0,0,0
5065,2023,0,26.7,10.31,3.67,2.79,0.5006191504212061,4.92,6.21,17.88,27.92,0.5006191504212061,4.340263200037376,3.643033464531579,0.5,0.0,34,MYOR,3.5816618911174785,0,0.0,0.267,0.10310000000000001,0.1788,0.2792,0,0,0,0,0,0,0,0,0,0,0,0,0
5099,2013,0,5.62,-2.62,0.48,0.23,0.011887492012232005,13.56,7.94,104.94197946303474,-2123.4806872020517,-0.006268900482261301,0.9081430947611091,-4.3196582075024,0.5,0.0,32,MYTX,-0.04709249328363912,1,,0.0562,-0.0262,1.0494197946303474,-21.234806872020517,0,0,0,0,0,0,0,0,0,0,0,1,1
5098,2014,1,-0.86,-7.43,0.42,0.2,0.015200728220593564,13.26,7.59,113.16707359609349,-859.4701986754966,-0.0618315178149366,0.7144490198328213,-0.6984646248232756,0.0,0.25,34,MYTX,-0.11635074741870859,1,1.0,-0.0086,-0.07429999999999999,1.1316707359609348,-8.594701986754966,0,0,0,0,0,0,0,0,0,0,0,0,0
5097,2015,1,-4.81,-13.95,0.35,0.19,0.0037049940465446875,11.75,7.58,129.20940212700958,-442.35551814849117,-0.0889015114725752,0.47551693248247645,-0.1317072918478816,0.4444444444444444,0.1111111111111111,36,MYTX,-0.226062512837088,1,1.0,-0.0481,-0.13949999999999999,1.2920940212700958,-4.423555181484912,0,0,0,0,0,0,0,0,0,0,0,0,0
5096,2016,1,-9.4,-27.49,0.42,0.18,0.007369032984025574,9.78,6.63,157.10566461512437,-275.1139762998488,-0.08628577491521694,0.4526142427421927,-0.09672353809246324,0.5,0.0,37,MYTX,-0.3634857136120531,1,1.0,-0.094,-0.2749,1.5710566461512436,-2.7511397629984877,0,0,0,0,0,0,0,0,0,0,0,0,0
5095,2017,0,-5.42,-17.46,0.47,0.17,0.010678999650746635,9.25,4.93,89.90712505749931,890.7979695547801,-0.06280351074766911,1.2380978689010977,0.58400123236108,0.4,0.4,37,MYTX,0.11225889979293496,0,0.0,-0.0542,-0.1746,0.8990712505749932,8.907979695547802,0,0,0,0,0,0,0,0,0,0,0,0,0
5094,2018,0,0.37,-7.31,0.43,0.22,0.008720543167988355,11.28,5.29,93.62691023783411,1469.0976234738482,-0.02540346461145245,1.1470986576499174,3.4383923972516706,0.4,0.0,38,MYTX,0.06806899582584487,0,0.0,0.0037,-0.0731,0.9362691023783412,14.690976234738482,0,0,0,0,0,0,0,0,0,0,0,0,0
5093,2019,0,-0.76,-13.05,0.44,0.13,0.0025556022739148714,10.18,4.11,91.54215696726682,1082.3345457344649,-0.03494078052299005,1.1803555882072212,1.3915279113343468,0.0,0.0,40,MYTX,0.09239287463761094,0,0.0,-0.0076,-0.1305,0.9154215696726682,10.823345457344649,0,0,0,0,0,0,0,0,0,0,0,0,0
5092,2020,0,-1.87,-8.27,0.38,0.08,0.016613856777791203,9.49,2.66,99.13261889935224,114.289576779249,-0.03663117428177974,1.0163299212098507,11.49653046388081,0.5,0.0,37,MYTX,0.8749704287832879,0,0.0,-0.0187,-0.0827,0.9913261889935224,1.14289576779249,0,0,0,0,0,0,0,0,0,0,0,0,0
5091,2021,0,3.45,-8.2,0.35,0.08,0.011129620483457364,17.31,3.18,103.43012720651419,-3015.343775300492,-0.011747848783623647,0.9382869606366547,-5.005794994161425,0.6,0.0,38,MYTX,-0.033163714472335605,1,0.0,0.0345,-0.08199999999999999,1.0343012720651419,-30.15343775300492,0,0,0,0,0,0,0,0,0,0,0,1,1
5090,2022,0,3.33,-1.32,0.37,0.06,0.014384269747171089,19.78,2.86,103.61099663022134,-2869.318563276267,-0.006344542976473203,0.9336700731850213,-2.9257107058436835,0.4,0.0,34,MYTX,-0.03485148051522632,1,1.0,0.0333,-0.0132,1.0361099663022133,-28.69318563276267,0,0,0,0,0,0,0,0,0,0,0,1,1
5089,2023,0,-7.25,-29.17,0.33,0.09,0.03831264948862052,16.36,2.27,113.23714630548479,-855.4498355779692,-0.036694285970762526,0.7582167846727469,-0.9418290799863033,0.5,0.0,34,MYTX,-0.11689756177512946,1,1.0,-0.0725,-0.2917,1.1323714630548478,-8.554498355779693,0,0,0,0,0,0,0,0,0,0,0,0,0
5123,2013,0,37.24,14.31,2.31,2.0,1.0733694249360128,4.24,9.72,20.66,27.66,0.11842571120602803,7.168691822349945,1.2654747180411692,0.3333333333333333,0.0,32,NELY,3.6153289949385394,0,,0.3724,0.1431,0.2066,0.2766,0,0,0,0,0,0,0,0,0,0,0,0,0
5122,2014,0,27.63,10.68,1.82,1.56,0.7905576342038858,5.09,10.05,18.68,24.5,0.06994761627533858,7.454457094199611,1.1347377056262584,0.3333333333333333,0.0,34,NELY,4.081632653061225,0,0.0,0.2763,0.10679999999999999,0.1868,0.245,0,0,0,0,0,0,0,0,0,0,0,0,0
5121,2015,0,32.96,14.77,3.16,2.77,1.483101832370023,5.28,10.29,10.34,12.09,0.08635017029942917,12.331236667513245,0.8979847538050155,0.3333333333333333,0.0,36,NELY,8.271298593879239,0,0.0,0.3296,0.1477,0.10339999999999999,0.1209,0,0,0,0,0,0,0,0,0,0,0,0,0
5120,2016,0,27.1,8.67,4.53,4.17,2.842332775868748,5.11,11.87,5.44,6.05,0.04209339179012351,20.72670622962666,0.48536734282454996,0.0,0.25,37,NELY,16.528925619834713,0,0.0,0.271,0.0867,0.054400000000000004,0.0605,0,0,0,0,0,0,0,0,0,0,0,0,0
5119,2017,0,30.46,13.72,6.04,5.55,3.905344858002734,6.35,14.19,2.0,2.16,0.06399724445732889,31.06307208340576,0.6959099282294782,0.4,0.5,37,NELY,46.29629629629629,0,0.0,0.3046,0.13720000000000002,0.02,0.0216,0,0,0,0,0,0,0,0,0,0,0,0,0
5118,2018,0,34.48,22.35,6.04,5.32,3.008995368369554,7.38,11.9,4.48,5.02,0.1121424879789053,16.432693783726588,0.7382171792485417,0.3333333333333333,0.0,38,NELY,19.920318725099605,0,0.0,0.3448,0.2235,0.044800000000000006,0.050199999999999995,0,0,0,0,0,0,0,0,0,0,0,0,0
5117,2019,0,33.33,20.92,5.78,5.08,2.7731476207015584,7.15,10.03,8.0,9.13,0.11032973108500486,11.93386233937556,0.7171590270393834,0.4,0.16666666666666666,40,NELY,10.952902519167578,0,0.0,0.3333,0.20920000000000002,0.08,0.0913,0,0,0,0,0,0,0,0,0,0,0,0,0
5116,2020,0,32.65,19.05,6.72,6.0,4.244457019876141,7.73,9.72,9.09,10.35,0.09138709497897317,11.49257865182442,0.6657539168831107,0.5,0.0,37,NELY,9.66183574879227,0,0.0,0.3265,0.1905,0.0909,0.1035,0,0,0,0,0,0,0,0,0,0,0,0,0
5115,2021,0,34.75,25.79,3.85,3.14,2.001504820164588,11.54,7.6,7.26,8.16,0.0931996959998403,15.07700851367917,1.4713692298985708,0.3333333333333333,0.25,38,NELY,12.254901960784313,0,0.0,0.3475,0.2579,0.0726,0.0816,0,0,0,0,0,0,0,0,0,0,0,0,0
5114,2022,0,49.23,40.82,4.07,2.89,1.3137857090327676,23.48,5.19,5.33,5.97,0.19960735745662694,18.23413594962207,1.247875415857345,0.375,0.0,34,NELY,16.750418760469014,0,0.0,0.49229999999999996,0.4082,0.0533,0.059699999999999996,0,0,0,0,0,0,0,0,0,0,0,0,0
5113,2023,0,53.8,43.84,2.67,2.18,1.0165269360340523,17.55,6.74,5.32,6.04,0.28835015556318777,20.007765376437625,1.5639689078956778,0.3333333333333333,0.4,34,NELY,16.556291390728475,0,0.0,0.5379999999999999,0.4384,0.053200000000000004,0.0604,0,0,0,0,0,0,0,0,0,0,0,0,0
5147,2013,0,7.7,0.16,1.19,0.62,0.1094300651907313,4.95,3.96,32.49,94.15,0.03254147912312136,11.68325454093058,0.7900233515780526,0.3333333333333333,0.0,32,NIKL,1.0621348911311737,0,,0.077,0.0016,0.3249,0.9415,0,0,0,0,0,0,0,0,0,0,0,0,0
5146,2014,0,4.11,-4.21,1.12,0.59,0.06255586767247938,4.0,3.59,44.97,160.7,-0.043958293864770466,7.137829472089173,0.7962486553895967,0.3333333333333333,0.0,34,NIKL,0.6222775357809583,0,0.0,0.041100000000000005,-0.0421,0.4497,1.607,0,0,0,0,0,0,0,0,0,0,0,0,0
5145,2015,0,3.75,-4.38,1.09,0.67,0.1198433077225655,3.37,3.59,42.87,130.12,-0.04407677837907755,9.020553472472207,0.24435541644232758,0.3333333333333333,0.0,36,NIKL,0.768521364893944,0,0.0,0.0375,-0.0438,0.42869999999999997,1.3012000000000001,0,0,0,0,0,0,0,0,0,0,0,0,0
5144,2016,0,8.36,1.91,1.17,0.8,0.2815575177753893,3.43,4.13,39.97,119.55,0.020132465084082618,9.56369796026879,10.535426721202812,1.0,0.5,37,NIKL,0.8364700961940611,0,0.0,0.0836,0.0191,0.3997,1.1955,0,0,0,0,0,0,0,0,0,0,0,0,0
5143,2017,0,6.73,0.9,1.18,0.81,0.18124394561020016,3.45,4.9,42.78,129.54,0.02574728631943838,10.34275285371121,22.109620495631553,0.3333333333333333,0.0,37,NIKL,0.7719623282383821,0,0.0,0.0673,0.009000000000000001,0.4278,1.2953999999999999,0,0,0,0,0,0,0,0,0,0,0,0,0
5142,2018,0,5.13,-0.94,1.1,0.71,0.1082657290884079,3.06,4.4,46.4,159.27,0.016351352445383733,20.88812566230565,14.496359754225026,0.3333333333333333,0.0,38,NIKL,0.6278646323852577,0,0.0,0.0513,-0.009399999999999999,0.46399999999999997,1.5927,0,0,0,0,0,0,0,0,0,0,0,0,0
5141,2019,0,6.46,1.64,1.14,0.85,0.2744856911110784,2.88,4.34,49.06,163.06,0.03176608207557954,18.483763246186186,2.681046699844218,0.5,0.3333333333333333,40,NIKL,0.6132711885195633,0,0.0,0.0646,0.016399999999999998,0.49060000000000004,1.6306,0,0,0,0,0,0,0,0,0,0,0,0,0
5140,2020,0,6.76,1.88,1.23,0.89,0.18467428020680987,2.57,4.71,41.66,113.59,0.032784472867272096,16.709216491712453,5.367434917073134,0.3333333333333333,0.0,37,NIKL,0.8803591865481115,0,0.0,0.0676,0.018799999999999997,0.41659999999999997,1.1359000000000001,0,0,0,0,0,0,0,0,0,0,0,0,0
5139,2021,0,9.17,2.78,1.22,0.87,0.21274073873114757,2.98,5.25,38.4,132.1,0.08715232951314823,23.825172111407507,3.1631067798345964,0.8333333333333334,0.125,38,NIKL,0.757002271006813,0,0.0,0.0917,0.0278,0.384,1.321,0,0,0,0,0,0,0,0,0,0,0,0,0
5138,2022,0,7.67,2.79,1.24,0.88,0.18384265348904802,2.86,5.03,48.89,160.27,0.09152898662290058,32.80971742776283,1.7591439574416814,0.5,0.0,34,NIKL,0.6239470892868285,0,0.0,0.0767,0.0279,0.4889,1.6027,0,0,0,0,0,0,0,0,0,0,0,0,0
5137,2023,0,0.93,-2.14,1.33,1.04,0.12331187785941775,2.08,4.79,42.94,104.6,-0.06510792989747081,29.053551969365348,0.8935973370030985,0.4,0.5,34,NIKL,0.9560229445506692,0,0.0,0.009300000000000001,-0.021400000000000002,0.4294,1.046,0,0,0,0,0,0,0,0,0,0,0,0,0
5171,2013,0,8.34,6.25,1.64,1.64,0.44196017925925135,3.3595915571884105,50.495951028086616,0.5167096499602415,1.0691495286792583,0.14614959099738592,17.903209961186278,2.115337907679596,0.3333333333333333,0.0,32,NRCA,93.53228647402761,0,,0.0834,0.0625,0.0051670964996024145,0.010691495286792583,0,0,0,0,0,0,0,0,0,0,0,0,0
5170,2014,0,9.11,8.41,1.68,1.68,0.3620583172902685,4.0842066292334644,14.265608323005676,0.466889834953827,0.8757849044453868,0.17240875584026819,14.764642064771863,2.925264160923484,0.0,0.0,34,NRCA,114.18328803386667,0,0.0,0.0911,0.08410000000000001,0.00466889834953827,0.008757849044453868,0,0,0,0,0,0,0,0,0,0,0,0,0
5169,2015,0,8.75,5.51,1.85,1.85,0.45833088573074326,3.278070825158502,116.8908711302232,0.4553466765944912,0.8360302912454158,0.16127973308496749,12.432385925596154,1.435775403303529,1.0,0.0,36,NRCA,119.6128908810615,0,0.0,0.0875,0.055099999999999996,0.004553466765944912,0.008360302912454159,0,0,0,0,0,0,0,0,0,0,0,0,0
5168,2016,0,10.22,4.08,1.86,1.86,0.5493815771776107,2.2291669582792433,74.87160921055182,0.4650677422871979,0.8693955834328467,0.11602744876877247,10.757408365495388,0.7215505448663695,0.5,0.0,37,NRCA,115.02243846828115,0,0.0,0.10220000000000001,0.0408,0.0046506774228719785,0.008693955834328467,0,0,0,0,0,0,0,0,0,0,0,0,0
5167,2017,0,9.93,7.09,1.95,1.95,0.8373597133221515,1.995142173997912,53.703717541330214,0.486434197352833,0.947170148100819,0.08355317275159382,10.594521069074112,0.7886044079394436,0.4,0.0,37,NRCA,105.57765170335136,0,0.0,0.0993,0.0709,0.00486434197352833,0.00947170148100819,0,0,0,0,0,0,0,0,0,0,0,0,0
5166,2018,0,10.22,4.8,2.07,2.07,0.7689964981430029,2.0514733085024623,50.768511917530574,0.46412799123038156,0.8661172511996591,0.11942513961509948,14.605786056690054,0.7974890540074362,0.2,0.0,38,NRCA,115.45780881455714,0,0.0,0.10220000000000001,0.048,0.004641279912303816,0.008661172511996591,0,0,0,0,0,0,0,0,0,0,0,0,0
5165,2019,0,10.38,3.86,1.94,1.94,0.6053222852093647,1.7837204570863023,55.783119661558786,0.5041585738284379,1.0167738055227955,0.10944769352197026,12.833060259845837,0.7849581562773029,0.6666666666666666,0.5,40,NRCA,98.35029133995334,0,0.0,0.1038,0.038599999999999995,0.005041585738284378,0.010167738055227955,0,0,0,0,0,0,0,0,0,0,0,0,0
5164,2020,0,10.89,2.64,2.06,2.06,0.6000800501880523,1.510312045240809,92.85126710843107,0.48090183872395026,0.9264179197664562,0.09943595139199929,12.045014883399746,0.8182641096377841,0.3333333333333333,0.0,37,NRCA,107.94264431457603,0,0.0,0.10890000000000001,0.0264,0.004809018387239503,0.009264179197664561,0,0,0,0,0,0,0,0,0,0,0,0,0
5163,2021,0,11.29,3.09,2.17,2.17,0.5566721147803588,1.1928587415476344,44.38826079220878,0.45538088293944207,0.8361456083167659,0.11319425755926801,14.679519094221433,0.6202739442267708,0.5,0.3333333333333333,38,NRCA,119.59639446209464,0,0.0,0.11289999999999999,0.030899999999999997,0.004553808829394421,0.008361456083167658,0,0,0,0,0,0,0,0,0,0,0,0,0
5162,2022,0,10.73,3.03,1.93,1.93,0.5568336221797248,1.5869001221194659,49.70947382319296,0.509660685109976,1.039404081291176,0.11771651108918611,14.603171071031914,0.6262884281545404,0.3333333333333333,0.2,34,NRCA,96.20897377637509,0,0.0,0.1073,0.030299999999999997,0.00509660685109976,0.01039404081291176,0,0,0,0,0,0,0,0,0,0,0,0,0
5161,2023,0,11.04,3.44,2.03,2.03,0.6091288676565152,1.9774805462353133,148.96331983297242,0.48710981382340096,0.9497351030531876,0.1522173188045032,13.590853777220458,0.6916413667056602,0.5,0.0,34,NRCA,105.29251754359946,0,0.0,0.1104,0.0344,0.004871098138234009,0.009497351030531877,0,0,0,0,0,0,0,0,0,0,0,0,0
5195,2013,0,16.45,-0.93,0.83,0.65,0.04540046246469564,3.61,7.26,0.8071895642052916,4.186441262259963,0.04309538797748058,1.7150831203491637,0.5216321525893941,0.0,0.4,32,OKAS,23.88663634229925,0,,0.16449999999999998,-0.009300000000000001,0.008071895642052917,0.041864412622599635,0,0,0,0,0,0,0,0,0,0,0,0,0
5194,2014,0,18.16,-3.94,0.67,0.52,0.1380348063845336,4.18,7.0,0.8507094049078505,5.698345594930154,0.018133085110507974,1.567921865524539,0.43589863019900404,0.3333333333333333,0.3333333333333333,34,OKAS,17.548953171420578,0,0.0,0.1816,-0.0394,0.008507094049078505,0.056983455949301536,0,0,0,0,0,0,0,0,0,0,0,0,0
5193,2015,0,12.5,-10.95,0.37,0.27,0.027647777914918768,5.25,7.99,0.8928355137316987,8.331449576460978,-0.060863106947107365,2.466143724748669,0.5935278475391198,0.0,0.6666666666666666,36,OKAS,12.002713223222539,0,0.0,0.125,-0.10949999999999999,0.008928355137316987,0.08331449576460978,0,0,0,0,0,0,0,0,0,0,0,0,0
5192,2016,0,9.47,-8.41,0.37,0.25,0.035962982002021235,5.25,6.34,0.9341871972612951,14.194611965855294,-0.010246441231153317,1.294570347738137,0.5934034402444528,0.2857142857142857,0.0,37,OKAS,7.044926641217593,0,0.0,0.0947,-0.08410000000000001,0.00934187197261295,0.14194611965855294,0,0,0,0,0,0,0,0,0,0,0,0,0
5191,2017,0,9.33,9.54,0.41,0.27,0.04251400479399511,5.92,6.18,0.8930421759749188,8.349479657820194,0.004606390123532884,1.4679080487994027,2.516626204091414,0.3333333333333333,0.0,37,OKAS,11.976794255237108,0,0.0,0.0933,0.09539999999999998,0.008930421759749188,0.08349479657820194,0,0,0,0,0,0,0,0,0,0,0,0,0
5190,2018,0,14.45,-5.02,0.61,0.41,0.05872097830151849,5.68,6.7,0.9259991589717778,12.51335993085029,0.014365725491156986,1.1759339088512442,1.4570454542026687,1.0,0.25,38,OKAS,7.991458773071905,0,0.0,0.1445,-0.050199999999999995,0.009259991589717777,0.1251335993085029,0,0,0,0,0,0,0,0,0,0,0,0,0
5189,2019,0,16.48,0.76,0.65,0.46,0.050555122105883143,5.68,7.29,0.9362080156404532,14.675950670600914,0.0741257677495105,1.1508465425089907,2.033790762772979,0.4,0.0,40,OKAS,6.813868637506497,0,0.0,0.1648,0.0076,0.009362080156404532,0.14675950670600912,0,0,0,0,0,0,0,0,0,0,0,0,0
5188,2020,0,16.23,-7.82,0.52,0.36,0.03659466130216544,3.87,5.21,0.9801984553284468,49.5011107258011,0.01782853448293798,1.0496905308655582,3.823472708352922,0.3333333333333333,0.0,37,OKAS,2.020156690097819,0,0.0,0.1623,-0.0782,0.009801984553284468,0.495011107258011,0,0,0,0,0,0,0,0,0,0,0,0,0
5187,2021,0,22.78,-5.49,0.68,0.46,0.0476327593020984,4.0,4.72,1.0043428629715492,-231.26284885136332,0.04231827516748883,0.9909769018001938,-14.726344482094268,0.5,0.25,38,OKAS,-0.4324084066968826,1,0.0,0.2278,-0.054900000000000004,0.010043428629715492,-2.3126284885136332,0,0,0,0,0,0,0,0,0,0,0,1,1
5186,2022,0,29.8,10.32,0.65,0.44,0.06543075415281874,4.91,4.98,0.927938347115923,12.877006146509947,0.2093565059966967,1.2642349098912142,0.9273203958327917,0.5,0.0,34,OKAS,7.7657802490917485,0,0.0,0.298,0.1032,0.00927938347115923,0.12877006146509948,0,0,0,0,0,0,0,0,0,0,0,0,0
5185,2023,0,27.55,4.53,1.05,0.7,0.11654762677919617,5.23,5.22,0.7732561012071958,3.410261997398895,0.15102532049750092,1.6269251906294817,0.34354533194555226,0.3333333333333333,0.0,34,OKAS,29.323260229352726,0,0.0,0.2755,0.0453,0.007732561012071958,0.034102619973988946,0,0,0,0,0,0,0,0,0,0,0,0,0
5219,2013,0,53.61,-9.45,0.6353286273935213,0.49484197274760955,0.3498633232932329,8.50773617784575,10.937617661302575,34.53789941660919,52.76014534946382,0.0650791830924472,8.416076783733917,1.102331292203222,0.5,0.125,32,OMRE,1.8953700627175445,0,,0.5361,-0.09449999999999999,0.3453789941660919,0.5276014534946382,0,0,0,0,0,0,0,0,0,0,0,0,0
5218,2014,0,51.41,43.56,1.8198326265425468,1.5273994402712634,1.0418065242984376,13.177176623927352,10.456419470595081,22.559174950751853,29.13085563900623,-0.011281577798345151,6.275403137237967,0.9406747513679626,0.3333333333333333,0.0,34,OMRE,3.4327862263715985,0,0.0,0.5141,0.43560000000000004,0.22559174950751854,0.2913085563900623,0,0,0,0,0,0,0,0,0,0,0,0,0
5217,2015,0,52.75,90.79,0.655670340190015,0.5617657453910047,0.3843999640668541,16.07573827414648,11.862006533162761,7.5749026877221795,8.195720543422013,0.00023516754061976032,32.83195301582992,0.15231349838483307,0.3333333333333333,0.25,36,OMRE,12.201489725056724,0,0.0,0.5275,0.9079,0.07574902687722179,0.08195720543422012,0,0,0,0,0,0,0,0,0,0,0,0,0
5216,2016,0,52.26,131.44,4.054211515968298,3.323124778437195,2.8854067865429487,6.2842364015885535,12.25830168693336,3.445768535034526,3.5687390213289794,-0.164809115611192,44.698979531625405,0.09152938148931815,0.3333333333333333,0.0,37,OMRE,28.021101964121918,0,0.0,0.5226,1.3144,0.03445768535034526,0.035687390213289795,0,0,0,0,0,0,0,0,0,0,0,0,0
5215,2017,0,42.4,-36.27,1.7557562538128844,0.991862492370052,0.8480606105513638,1.9722843693733796,11.737208442502665,5.394807918914254,5.702443809099172,-0.2851767541229477,38.24984538267176,0.38255755556975063,0.6666666666666666,0.0,37,OMRE,17.536341145603892,0,0.0,0.424,-0.3627,0.053948079189142545,0.057024438090991725,0,0,0,0,0,0,0,0,0,0,0,0,0
5214,2018,0,35.59,85.6,1.0334595395589696,0.5094180799291278,0.43440457514825076,1.282476368817632,12.050468620203366,9.524353904455099,10.526980812490807,-0.22570687409365092,23.34815182860834,0.8118043253290113,0.42857142857142855,0.0,38,OMRE,9.499399854642542,0,0.0,0.35590000000000005,0.856,0.09524353904455099,0.10526980812490808,0,0,0,0,0,0,0,0,0,0,0,0,0
5213,2019,0,34.8,-38.1,1.667665644782916,0.6926087827161796,0.5918827169419447,1.1080204072857587,14.339634838796021,10.560072118698429,11.806888007205389,-0.1731051348669607,13.610358315858756,0.4515505858082364,0.6,0.5,40,OMRE,8.469632297602297,0,0.0,0.348,-0.381,0.10560072118698428,0.11806888007205389,0,0,0,0,0,0,0,0,0,0,0,0,0
5212,2020,0,15.05,-307.3,0.8711372901140625,0.10624974593912424,0.05319296879317945,0.3405063492607522,6.692645427012024,13.984716427223514,16.25840879242259,-0.19469877699713,12.898808231048996,0.15900910270121626,0.3333333333333333,0.0,37,OMRE,6.150663406040455,0,0.0,0.1505,-3.073,0.13984716427223515,0.16258408792422588,0,0,0,0,0,0,0,0,0,0,0,0,0
5211,2021,0,37.72,-200.27,0.48822644585245056,0.08467470922697026,0.06033950353150303,0.36912731888787365,9.00518654754172,17.484076032379527,21.18872963143494,-0.13384359827862619,24.147045189814644,0.43489755197857527,0.2857142857142857,0.0,38,OMRE,4.719490112877891,0,0.0,0.3772,-2.0027,0.17484076032379525,0.21188729631434938,0,0,0,0,0,0,0,0,0,0,0,0,0
5210,2022,0,39.64,-267.07,0.45256550211312535,0.07467869172905016,0.05532435283072828,0.3290338457281926,9.992825235982359,20.744233603542632,26.173784630098375,-0.11729296031963461,27.912565225491537,0.7544530070570686,0.4,0.0,34,OMRE,3.820616751197901,0,0.0,0.39640000000000003,-2.6707,0.20744233603542633,0.26173784630098373,0,0,0,0,0,0,0,0,0,0,0,0,0
5209,2023,0,30.71,-230.39,0.2810779958488599,0.2104897363109975,0.1617168807584479,3.427073254953922,8.32659739125932,10.246970911537064,11.41685246236913,-0.3009551458243342,31.973965431569795,0.4070580879381089,0.4,0.0,34,OMRE,8.7589815432588,0,0.0,0.3071,-2.3039,0.10246970911537064,0.1141685246236913,0,0,0,0,0,0,0,0,0,0,0,0,0
5243,2013,0,19.14,2.81,1.21,1.2,0.4081847734981081,7.19,320.49,45.82,160.03,0.11190492218478235,1.7221460053689952,1.2234983930207257,0.3333333333333333,0.0,32,PANR,0.6248828344685371,0,,0.19140000000000001,0.0281,0.4582,1.6003,0,0,0,0,0,0,0,0,0,0,0,0,0
5242,2014,0,19.87,3.07,1.02,1.01,0.193169067375207,6.93,475.5,41.55,158.76,0.09807775886431774,1.8633233752191138,1.27307576688847,0.3333333333333333,0.0,34,PANR,0.6298815822625347,0,0.0,0.19870000000000002,0.030699999999999998,0.4155,1.5876,0,0,0,0,0,0,0,0,0,0,0,0,0
5241,2015,0,20.78,2.63,0.97,0.96,0.15855153134550037,5.65,479.65,47.82,202.06,0.08130531578660365,1.595789749405305,1.2540549507855252,0.6,0.0,36,PANR,0.4949025042066713,0,0.0,0.2078,0.0263,0.4782,2.0206,0,0,0,0,0,0,0,0,0,0,0,0,0
5240,2016,0,20.69,0.14,1.22,1.21,0.4058697303077572,5.58,448.93,42.93,129.72,0.06728230150254116,1.9274633255917888,0.9541653067838066,0.5714285714285714,0.0,37,PANR,0.7708911501695961,0,0.0,0.2069,0.0014000000000000002,0.4293,1.2972,0,0,0,0,0,0,0,0,0,0,0,0,0
5239,2017,0,25.01,1.8,1.54,1.53,0.5559052290435786,4.71,258.0,30.01,65.84,0.04907670072202057,2.910501472415892,0.5243872179144364,0.3333333333333333,0.3333333333333333,37,PANR,1.5188335358444716,0,0.0,0.2501,0.018000000000000002,0.30010000000000003,0.6584,0,0,0,0,0,0,0,0,0,0,0,0,0
5238,2018,0,18.14,-1.23,1.23,1.22,0.16025055471998692,5.71,314.6,35.54,77.45,0.03836982248202324,2.592907551629006,0.5121322759565307,0.3333333333333333,0.0,38,PANR,1.2911555842479017,0,0.0,0.1814,-0.0123,0.3554,0.7745000000000001,0,0,0,0,0,0,0,0,0,0,0,0,0
5237,2019,0,18.27,-1.15,1.46,1.45,0.49093017541881984,7.15,350.54,33.67,75.08,0.049971658058684205,2.4330901741514257,0.39932548613716584,0.5,0.0,40,PANR,1.3319126265316994,0,0.0,0.1827,-0.0115,0.3367,0.7508,0,0,0,0,0,0,0,0,0,0,0,0,0
5236,2020,0,8.1,-27.19,0.92,0.91,0.43324764643021124,4.73,143.61,42.86,108.02,-0.11694918093167907,2.234576780288988,0.24865583415177198,0.4,0.0,37,PANR,0.925754489909276,0,0.0,0.081,-0.27190000000000003,0.4286,1.0802,0,0,0,0,0,0,0,0,0,0,0,0,0
5235,2021,0,10.1,-132.72,0.71,0.7,0.08812654564542854,1.39,20.2,48.02,130.14,-0.10728310050172378,1.9530759226967924,0.451291275895828,0.6666666666666666,0.25,38,PANR,0.7684032580298141,0,0.0,0.10099999999999999,-1.3272,0.4802,1.3014,0,0,0,0,0,0,0,0,0,0,0,0,0
5234,2022,0,9.69,1.92,1.04,1.03,0.30801464440509974,13.12,517.95,41.17,111.47,0.023114340850119854,2.107791038312452,1.2040370665617288,0.4,0.0,34,PANR,0.8971023593792051,0,0.0,0.0969,0.0192,0.4117,1.1147,0,0,0,0,0,0,0,0,0,0,0,0,0
5233,2023,0,10.83,4.32,1.22,1.22,0.4196003062980166,14.72,2435.28,32.89,76.21,0.15506379618816116,2.577342750285156,1.1995597730991119,0.0,0.0,34,PANR,1.3121637580370031,0,0.0,0.10830000000000001,0.0432,0.3289,0.7620999999999999,0,0,0,0,0,0,1,0,0,0,0,0,1
5267,2013,0,12.31,3.08,3.35,2.25,0.7548311382434987,6.38,5.43,33.79,79.76,0.11962213661192272,2.1798269501999927,3.2802409015862977,0.4,0.0,32,PBRX,1.2537612838515546,0,,0.1231,0.0308,0.3379,0.7976000000000001,0,0,0,0,0,0,0,0,0,0,0,0,0
5266,2014,0,11.69,2.76,3.82,2.91,1.718784575218148,5.92,4.86,26.1,47.59,0.07763935220772587,3.2018980553773804,4.000833507100894,0.3333333333333333,0.0,34,PBRX,2.101281781886951,0,0.0,0.11689999999999999,0.0276,0.261,0.47590000000000005,0,0,0,0,0,0,0,0,0,0,0,0,0
5265,2015,0,12.81,2.06,3.6,2.57,0.8529630113598372,6.0,4.68,31.84,65.32,0.07331445867332768,2.534349098469958,3.718016894487498,0.3333333333333333,0.2,36,PBRX,1.5309246785058177,0,0.0,0.1281,0.0206,0.3184,0.6531999999999999,0,0,0,0,0,0,0,0,0,0,0,0,0
5264,2016,0,13.53,2.76,3.76,2.77,0.7623952673305607,5.71,4.38,39.6,90.38,0.07443353974141383,2.203850686826103,2.96371557891672,0.4,0.0,37,PBRX,1.1064394777605666,0,0.0,0.1353,0.0276,0.396,0.9037999999999999,0,0,0,0,0,0,0,0,0,0,0,0,0
5263,2017,0,13.95,1.42,4.58,3.33,0.8302047860547869,5.49,4.28,41.85,102.2,0.0816593389338494,1.9673532352409024,3.3184809061437712,0.6,0.0,37,PBRX,0.9784735812133072,0,0.0,0.13949999999999999,0.014199999999999999,0.41850000000000004,1.022,0,0,0,0,0,0,0,0,0,0,0,0,0
5262,2018,0,13.29,2.66,6.46,4.62,1.0365850791664921,5.35,4.28,44.39,102.57,0.10996620570855313,1.9689393645709576,3.0163458215867145,0.5,0.5,38,PBRX,0.9749439407234085,0,0.0,0.1329,0.026600000000000002,0.4439,1.0256999999999998,0,0,0,0,0,0,0,0,0,0,0,0,0
5261,2019,0,13.29,2.56,6.51,4.59,1.0982533688916971,5.38,4.06,47.26,117.81,0.12006966033725301,1.843810293708456,2.7482004510659874,0.6666666666666666,0.25,40,PBRX,0.848824378236143,0,0.0,0.1329,0.0256,0.47259999999999996,1.1781,0,0,0,0,0,0,0,0,0,0,0,0,0
5260,2020,0,13.32,2.83,2.46,1.58,0.19547403151925716,4.98,3.28,45.18,111.77,0.1372939317793721,2.564355549558854,1.2354311876479338,0.3333333333333333,0.3333333333333333,37,PBRX,0.8946944618412813,0,0.0,0.1332,0.028300000000000002,0.4518,1.1177,0,0,0,0,0,0,0,0,0,0,0,0,0
5259,2021,0,11.24,2.23,1.49,0.92,0.09075900895444246,4.65,2.85,45.25,108.24,0.09979398442820678,39.724735503014685,0.733151490430669,0.3333333333333333,0.14285714285714285,38,PBRX,0.9238728750923872,0,0.0,0.1124,0.0223,0.4525,1.0824,0,0,0,0,0,0,0,0,0,0,0,0,0
5258,2022,0,11.79,0.34,16.28,10.23,2.1344338790797064,4.7,2.66,47.71,101.39,0.10229895511561117,1.9881979775686751,0.4019690677901768,0.5714285714285714,0.0,34,PBRX,0.9862905611993293,0,0.0,0.11789999999999999,0.0034000000000000002,0.4771,1.0139,0,0,0,0,0,0,0,0,0,0,0,0,0
5257,2023,0,11.22,-0.75,3.37,2.13,0.14454651233638166,3.62,2.23,46.88,97.91,0.08784090839534707,2.874497474212404,0.2091072375330495,0.3333333333333333,0.1111111111111111,34,PBRX,1.021346134204882,0,0.0,0.11220000000000001,-0.0075,0.46880000000000005,0.9791,0,0,0,0,0,0,0,0,0,0,0,0,0
5291,2013,0,22.31,5.98,1.517279639275242,0.544376523689569,1.517279639275242,0.3903487040178949,2.0360412070281617,31.53,58.49,0.17897996696651003,3.2119162168533117,0.6105876965503144,0.5,0.0,32,PDES,1.7096939647803044,0,,0.2231,0.059800000000000006,0.3153,0.5849,0,0,0,0,0,0,0,0,0,0,0,0,0
5290,2014,0,21.36,3.9,0.8249307744761992,0.4098774800670721,0.8249307744761992,0.6611682290772761,1.1312377443164474,30.54,59.46,0.14501653325000458,3.239610398211174,0.7646804997518256,0.6666666666666666,0.0,34,PDES,1.6818028927009754,0,0.0,0.21359999999999998,0.039,0.3054,0.5946,0,0,0,0,0,0,0,0,0,0,0,0,0
5289,2015,0,21.97,2.03,1.001037053024419,0.558967194575677,1.001037053024419,0.3796544363120256,0.5021286471264259,33.15,73.2,0.06746033231216493,2.3834996486746682,0.6414383628561398,0.5,0.5,36,PDES,1.366120218579235,0,0.0,0.21969999999999998,0.0203,0.33149999999999996,0.732,0,0,0,0,0,0,0,0,0,0,0,0,0
5288,2016,0,22.61,5.05,1.1275221383277452,0.47691008536692725,1.1275221383277452,0.8088355317062345,3.18122793972649,37.33,84.91,0.15800372354163392,2.121190672341378,0.8891279903729952,0.3333333333333333,0.0,37,PDES,1.1777175833235192,0,0.0,0.2261,0.050499999999999996,0.37329999999999997,0.8491,0,0,0,0,0,0,0,0,0,0,0,0,0
5287,2017,0,28.2,6.0,1.1165037549094685,0.40635317064221216,1.1165037549094685,0.8775172118416719,2.3651581414025857,31.59,70.5,0.17494936264212904,2.128615963588987,4.558541873968093,0.42857142857142855,0.0,37,PDES,1.4184397163120568,0,0.0,0.282,0.06,0.3159,0.705,0,0,0,0,0,0,0,0,0,0,0,0,0
5286,2018,0,22.34,0.56,0.9082517464989359,0.3226306211628977,0.9082517464989359,0.291356399753946,0.8686650526916618,33.82,72.83,0.07100967100258569,2.484552650840125,5.223904544792962,0.3333333333333333,0.3333333333333333,38,PDES,1.373060551970342,0,0.0,0.2234,0.005600000000000001,0.3382,0.7283,0,0,0,0,0,0,0,0,0,0,0,0,0
5285,2019,0,19.59,-3.27,1.766734156890683,0.508107102174083,1.766734156890683,-0.012640384930616954,-0.0580953934497345,28.79,65.74,-0.0041649038603499625,2.0552867460951902,3.1483259379539175,0.3333333333333333,0.3333333333333333,40,PDES,1.52114390021296,0,0.0,0.1959,-0.0327,0.2879,0.6574,0,0,0,0,0,0,0,0,0,0,0,0,0
5284,2020,0,-30.36,-119.17,0.405783748852078,0.18377631500412359,0.405783748852078,-4.091308125977318,-7.339080910392746,47.86,171.02,-0.41150884965884077,1.7104065182293404,3.2508170479707714,0.3333333333333333,0.5,37,PDES,0.584726932522512,0,0.0,-0.3036,-1.1917,0.47859999999999997,1.7102000000000002,0,0,0,0,0,1,1,0,0,0,0,0,2
5283,2021,0,-169.46,-678.73,0.3081545217686773,0.15327691777841043,0.3081545217686773,-3.337045398115634,-4.584763687712468,58.11,504.11,-0.2262091461087141,1.231702826372187,6.522484090394745,0.5,0.0,38,PDES,0.19836940350320367,0,0.0,-1.6946,-6.7873,0.5811,5.0411,1,0,0,0,0,1,1,0,0,0,0,0,3
5282,2022,0,17.61,0.76,0.5899249765778215,0.34974264769510877,0.5899249765778215,-0.19890290829878815,-0.2217569346040724,58.53,441.0,-0.02222027253350636,1.2860860898870856,6.193974474283826,0.3333333333333333,0.0,34,PDES,0.22675736961451246,0,0.0,0.1761,0.0076,0.5853,4.41,0,0,0,0,0,1,0,0,0,0,0,0,1
5281,2023,0,19.86,9.59,1.0172598534764774,0.5669303798586877,1.0172598534764774,0.7177894475300888,1.3363711117488983,56.58,208.66,0.13507405991126994,1.6391431543380557,2.1814428985000704,0.42857142857142855,0.0,34,PDES,0.47924853829195824,0,0.0,0.1986,0.0959,0.5658,2.0866,0,0,0,0,0,0,0,0,0,0,0,0,0
5315,2013,0,46.98,27.91,2.01,1.95,1.5850386934965512,10.36,57.0,23.76,38.41,0.48665317761483134,4.511267538965507,3.328860255915022,0.3333333333333333,0.0,32,PGAS,2.603488674824265,0,,0.4698,0.2791,0.2376,0.38409999999999994,0,0,0,0,0,0,0,0,0,0,0,0,0
5314,2014,0,39.29,21.85,2.59,2.42,1.8284909986255364,9.38,23.6,32.57,64.44,0.30423484598055706,2.3405792520306177,4.0645000948068795,0.3333333333333333,0.0,34,PGAS,1.5518311607697084,0,0.0,0.39289999999999997,0.21850000000000003,0.3257,0.6444,0,0,0,0,0,0,0,0,0,0,0,0,0
5313,2015,0,31.19,13.12,2.58,2.4,1.798494327269045,8.02,18.16,41.71,89.61,0.18542460584672443,2.0776876827538273,1.5975070056513903,0.3333333333333333,0.0,36,PGAS,1.1159468809284678,0,0.0,0.3119,0.13119999999999998,0.4171,0.8961,0,0,0,0,0,0,0,0,0,0,0,0,0
5312,2016,0,30.09,10.51,2.61,2.45,1.6837421585029457,6.23,16.75,42.47,91.56,0.1297412341420169,2.112900010659212,1.5327455225784143,0.5,0.0,37,PGAS,1.09217999126256,0,0.0,0.3009,0.1051,0.42469999999999997,0.9156,0,0,0,0,0,0,0,0,0,0,0,0,0
5311,2017,0,33.09,7.09,2.66,2.54,1.438441536198543,5.19,21.39,34.31,65.13,0.12935723946667774,2.4221936964432134,0.7255359565218097,0.3333333333333333,0.0,37,PGAS,1.5353907569476433,0,0.0,0.3309,0.0709,0.3431,0.6513,0,0,0,0,0,0,0,0,0,0,0,0,0
5310,2018,0,33.83,9.42,1.54,1.48,0.8593626125091502,4.46,26.56,44.13,109.43,0.1403171948309192,2.022035029681267,1.1027492805044115,0.3333333333333333,0.25,38,PGAS,0.9138261902586128,0,0.0,0.3383,0.0942,0.4413,1.0943,0,0,0,0,0,0,0,0,0,0,0,0,0
5309,2019,0,31.89,2.94,1.96,1.89,1.092023147206575,4.42,29.9,37.73,86.03,0.13439502125667366,2.0723628030799155,1.1717891835084726,0.42857142857142855,0.0,40,PGAS,1.162385214460072,0,0.0,0.3189,0.0294,0.37729999999999997,0.8603000000000001,0,0,0,0,0,0,0,0,0,0,0,0,0
5308,2020,0,29.61,-7.48,1.7,1.63,1.052119139493954,4.05,25.13,41.06,104.66,0.0685597578284473,1.8704263535500536,0.966871029958654,0.3125,0.0,37,PGAS,0.9554748710108925,0,0.0,0.2961,-0.0748,0.4106,1.0466,0,0,0,0,0,0,0,0,0,0,0,0,0
5307,2021,0,19.33,12.01,2.54,2.46,1.8245751403982722,5.47,34.3,39.28,89.82,0.09974194031270782,1.9770417182716535,0.7120689850878649,0.4,0.2,38,PGAS,1.1133377866844802,0,0.0,0.19329999999999997,0.1201,0.39280000000000004,0.8981999999999999,0,0,0,0,0,0,0,0,0,0,0,0,0
5306,2022,0,21.87,11.25,2.23,2.16,1.4864156167590004,6.21,42.45,29.88,62.46,0.15048617023200866,2.246783550202845,0.7964183422668848,0.3333333333333333,0.2,34,PGAS,1.601024655779699,0,0.0,0.2187,0.1125,0.2988,0.6246,0,0,0,0,0,0,0,0,0,0,0,0,0
5305,2023,0,20.12,10.33,1.29,1.24,0.8669958048963786,6.35,38.97,23.42,43.65,0.17538070873329162,3.217717705176785,0.502580506669524,0.42857142857142855,0.18181818181818182,34,PGAS,2.290950744558992,0,0.0,0.20120000000000002,0.1033,0.23420000000000002,0.4365,0,0,0,0,0,0,0,0,0,0,0,0,0
5339,2013,0,51.82,183.72,4.95,4.8,4.510061619847184,12.04,12.74,7.92,9.1,-0.10314457889450851,13.560329119254446,1.2785760982874146,0.5,0.0,32,PGLI,10.989010989010989,0,,0.5182,1.8372,0.07919999999999999,0.091,0,0,0,0,0,0,0,0,0,0,0,0,0
5338,2014,0,51.24,7.96,2.38,2.34,1.8722079898638444,22.27,18.38,6.23,7.58,-0.05445745408671281,8.959711139356356,0.8922277298062831,0.3333333333333333,0.0,34,PGLI,13.192612137203165,0,0.0,0.5124,0.0796,0.0623,0.0758,0,0,0,0,0,0,0,0,0,0,0,0,0
5337,2015,0,52.59,2.43,3.74,3.63,2.6455086194332407,41.12,29.84,0.6,0.69,0.023849581942136676,13.394797623263841,0.5884599215639338,0.5,0.3333333333333333,36,PGLI,144.92753623188406,0,0.0,0.5259,0.024300000000000002,0.006,0.0069,0,0,0,0,0,0,0,0,0,0,0,0,0
5336,2016,0,52.67,2.55,2.86,2.67,1.7943615271631757,76.23,19.23,4.17,4.93,0.03471257717835105,10.574556371309916,0.48058085099787157,0.0,0.0,37,PGLI,20.28397565922921,0,0.0,0.5267000000000001,0.0255,0.0417,0.0493,0,0,0,0,0,0,0,0,0,0,0,0,0
5335,2017,0,51.61,6.55,0.86,0.81,0.5714571310444805,42.78,14.02,3.78,5.24,-0.14286349732577427,7.5685759834809465,1.2973175678687385,0.0,0.0,37,PGLI,19.083969465648853,0,0.0,0.5161,0.0655,0.0378,0.0524,0,0,0,0,0,0,0,0,0,0,0,0,0
5334,2018,0,42.81,19.36,2.44,2.28,1.5743429010540027,42.55,16.82,2.6,3.5,-0.29906506286800527,4.771164935915975,2.1611014057519884,0.4,0.0,38,PGLI,28.57142857142857,0,0.0,0.42810000000000004,0.1936,0.026000000000000002,0.035,0,0,0,0,0,0,0,0,0,0,0,0,0
5333,2019,0,35.45,27.24,2.27,2.16,1.4628164444649576,50.63,18.53,2.44,3.46,-0.1936314058243884,4.014077567026551,2.496433186640312,0.3333333333333333,0.0,40,PGLI,28.901734104046245,0,0.0,0.35450000000000004,0.2724,0.024399999999999998,0.0346,0,0,0,0,0,0,0,0,0,0,0,0,0
5332,2020,0,38.85,-38.85,1.93,1.84,1.5334995956125104,19.71,15.97,2.62,3.9,-0.1633404941271997,3.461062260030317,1.9960277727452787,0.3333333333333333,0.0,37,PGLI,25.641025641025642,0,0.0,0.3885,-0.3885,0.0262,0.039,0,0,0,0,0,0,0,0,0,0,0,0,0
5331,2021,0,45.94,64.89,1.84,1.7,1.4765621564078826,19.85,13.38,1.56,2.32,-0.022593124612445323,3.4613309129275907,3.214604089823772,0.3333333333333333,0.0,38,PGLI,43.10344827586207,0,0.0,0.4594,0.6489,0.015600000000000001,0.0232,0,0,0,0,0,0,0,0,0,0,0,0,0
5330,2022,0,43.17,31.44,2.88,2.61,2.266092770560616,39.12,13.95,0.13,0.21,-0.5290443738063717,2.7760015934344966,2.232918507231032,0.3333333333333333,0.16666666666666666,34,PGLI,476.1904761904762,0,0.0,0.43170000000000003,0.3144,0.0013,0.0021,0,0,0,0,0,0,0,0,0,0,0,0,0
5329,2023,0,42.81,-264.66,2.34,2.11,1.8974440142321154,40.8,12.13,2.33,6.3,-0.09257030624627807,1.6835018341388497,4.334912543467332,0.6666666666666666,0.2,34,PGLI,15.873015873015873,0,0.0,0.42810000000000004,-2.6466000000000003,0.0233,0.063,0,0,0,0,0,0,0,0,0,0,0,0,0
5363,2013,0,12.61,2.26,1.31,0.57,0.040880423126689575,4.77,2.36,57.64,166.55,0.1445853760248361,4.771296758193409,0.40969215590184294,0.3333333333333333,0.0,32,PICO,0.6004202942059441,0,,0.1261,0.0226,0.5764,1.6655000000000002,0,0,0,0,0,0,0,0,0,0,0,0,0
5362,2014,0,11.81,2.34,1.66,0.77,0.014477932224206904,4.31,2.43,53.39,145.14,0.13908452694322798,2.920500596197159,0.3944917753513328,0.375,0.0,34,PICO,0.6889899407468651,0,0.0,0.11810000000000001,0.023399999999999997,0.5339,1.4513999999999998,0,0,0,0,0,0,0,0,0,0,0,0,0
5361,2015,0,11.7,2.14,1.34,0.47,0.01105959908924611,5.49,2.53,46.47,113.93,0.15248816368421028,4.2279465838261245,0.29443405312079474,0.5,0.0,36,PICO,0.8777319406653208,0,0.0,0.11699999999999999,0.021400000000000002,0.4647,1.1393,0,0,0,0,0,0,0,0,0,0,0,0,0
5360,2016,0,11.79,1.95,1.34,0.5,0.05260006262459533,8.04,2.54,47.36,113.76,0.14866163700467283,4.4651712649086255,0.4746384686908142,0.0,0.0,37,PICO,0.8790436005625879,0,0.0,0.11789999999999999,0.0195,0.4736,1.1376,0,0,0,0,0,0,0,0,0,0,0,0,0
5359,2017,0,12.69,2.7,1.51,0.72,0.03841610899088811,5.8,2.61,47.38,121.04,0.1397323465480934,3.4356313968472647,0.4579693846493412,0.25,0.25,37,PICO,0.8261731658955717,0,0.0,0.12689999999999999,0.027000000000000003,0.4738,1.2104000000000001,0,0,0,0,0,0,0,0,0,0,0,0,0
5358,2018,0,11.89,2.03,1.24,0.62,0.06663587597287698,4.67,2.7,44.03,125.35,0.10637147263917807,3.1068173298789197,0.47433966952655554,0.3333333333333333,0.3333333333333333,38,PICO,0.7977662544874353,0,0.0,0.1189,0.0203,0.4403,1.2534999999999998,0,0,0,0,0,0,0,0,0,0,0,0,0
5357,2019,0,12.21,0.97,0.7,0.33,0.0258884641295218,4.86,2.61,47.93,179.3,0.06948355162748349,3.6726947269859167,3.203286130795638,0.3333333333333333,0.0,40,PICO,0.5577244841048522,0,0.0,0.12210000000000001,0.0097,0.4793,1.7930000000000001,0,0,0,0,0,0,0,0,0,0,0,0,0
5356,2020,0,3.95,-20.88,0.6,0.28,0.014531120308858735,2.13,1.17,48.26,223.01,-0.02111493632536685,3.3009361776095973,0.34365877516739346,0.4,0.5,37,PICO,0.4484103851845209,0,0.0,0.0395,-0.20879999999999999,0.4826,2.2300999999999997,0,0,0,0,0,0,0,0,0,0,0,0,0
5355,2021,0,3.65,-10.61,0.53,0.25,0.01071902853387908,3.26,1.88,49.08,278.15,-0.033078245296236736,2.9078451423296965,0.28496776542405217,0.5,0.0,38,PICO,0.35951824555096173,0,0.0,0.0365,-0.1061,0.49079999999999996,2.7815,0,0,0,0,0,0,0,0,0,0,0,0,0
5354,2022,0,11.07,1.62,2.37,1.24,0.060848810557094,3.61,2.43,66.77,340.83,0.019090923488435975,1.3019616797209472,0.7048386040992454,0.3333333333333333,0.0,34,PICO,0.2934014024587038,0,0.0,0.1107,0.016200000000000003,0.6677,3.4082999999999997,0,0,0,0,0,0,0,0,0,0,0,0,0
5353,2023,0,9.6,1.03,2.09,1.18,0.029955780483795606,3.1,2.93,50.88,182.72,0.02359322181584594,1.5768469377481464,0.3327859793346858,0.6,0.0,34,PICO,0.5472854640980735,0,0.0,0.096,0.0103,0.5088,1.8272,0,0,0,0,0,0,0,0,0,0,0,0,0
5387,2013,0,39.73,15.31,1.5,1.49,0.9397655445915696,5.434986164345615,226.20524644841186,20.46,36.54,0.24048072793110406,3.0619254086871264,1.1859639799444128,0.5,0.4,32,PJAA,2.736726874657909,0,,0.3973,0.1531,0.2046,0.3654,0,0,0,0,0,0,0,0,0,0,0,0,0
5386,2014,0,46.46,21.29,1.24,1.23,0.5776482705297447,7.312293954115954,144.49956857326268,18.49,33.75,0.20239033082607066,3.1066242383231817,1.7808191492022152,0.3333333333333333,0.4,34,PJAA,2.962962962962963,0,0.0,0.4646,0.21289999999999998,0.18489999999999998,0.3375,0,0,0,0,0,0,0,0,0,0,0,0,0
5385,2015,0,48.73,25.58,1.18,1.17,0.596373659910055,7.757039010078143,158.81623177364767,13.69,23.96,0.3067287874710527,3.1760264286578943,1.8115356924051897,0.3333333333333333,0.0,36,PJAA,4.173622704507513,0,0.0,0.48729999999999996,0.25579999999999997,0.1369,0.2396,0,0,0,0,0,0,0,0,0,0,0,0,0
5384,2016,0,46.18,11.99,0.89,0.88,0.732885261063457,10.276632628612912,132.42636560985716,24.82,51.17,0.11502063957002692,3.005143647816112,1.7679437182862445,0.4,0.16666666666666666,37,PJAA,1.9542700801250732,0,0.0,0.4618,0.1199,0.2482,0.5117,0,0,0,0,0,0,0,0,0,0,0,0,0
5383,2017,0,49.25,18.08,1.04,1.03,0.7948508959833922,10.31658951963586,176.58664705949383,21.22,39.96,0.20631329839936155,2.8115829771305285,1.0613861052130091,0.6666666666666666,0.3333333333333333,37,PJAA,2.5025025025025025,0,0.0,0.4925,0.1808,0.2122,0.3996,0,0,0,0,0,0,0,0,0,0,0,0,0
5382,2018,0,53.93,17.32,0.8,0.8,0.6617915681576383,10.470794036415494,142.7547182989597,29.73,60.99,0.18367061872810247,3.114857399100557,0.948424413613203,0.5,0.3333333333333333,38,PJAA,1.6396130513198885,0,0.0,0.5393,0.1732,0.2973,0.6099,0,0,0,0,0,0,0,0,0,0,0,0,0
5381,2019,0,52.22,17.15,1.03,1.01,0.7561658773842834,10.677779169374345,120.08732825817951,23.61,44.96,0.2138961409818764,2.6376459250588797,0.7327907795285524,0.5,0.14285714285714285,40,PJAA,2.224199288256228,0,0.0,0.5222,0.17149999999999999,0.2361,0.4496,0,0,0,0,0,0,0,0,0,0,0,0,0
5380,2020,0,14.6,-95.1,0.3,0.29,0.21277794502353406,5.407183950728526,50.080487539608484,27.29,62.62,-0.1271174298947569,3.480005158003727,0.5449017336782366,0.3333333333333333,0.0,37,PJAA,1.5969338869370808,0,0.0,0.146,-0.951,0.2729,0.6262,0,0,0,0,0,0,0,0,0,0,0,0,0
5379,2021,0,27.73,-70.99,0.85,0.85,0.755101492713688,7.884928510672769,57.28987639788111,39.15,116.03,-0.0455112074823898,1.8228388903281283,0.7716943561945553,0.5,0.5,38,PJAA,0.8618460742911315,0,0.0,0.2773,-0.7099,0.39149999999999996,1.1603,0,0,0,0,0,0,0,0,0,0,0,0,0
5378,2022,0,57.39,15.92,0.6,0.6,0.5408813165131683,23.421742426094823,158.27478519497686,31.29,78.02,0.12001946947816224,2.117958190329401,0.7380220350317022,0.5,0.2,34,PJAA,1.281722635221738,0,0.0,0.5739,0.1592,0.3129,0.7802,0,0,0,0,0,0,0,0,0,0,0,0,0
5377,2023,0,55.29,18.94,0.74,0.74,0.5894937425229059,14.423919197409244,210.30774310714875,25.99,58.33,0.20429794041962626,2.211314137589265,0.9111398816717019,0.5,0.0,34,PJAA,1.7143836790673754,0,0.0,0.5529,0.1894,0.25989999999999996,0.5832999999999999,0,0,0,0,0,0,0,0,0,0,0,0,0
5411,2013,0,18.65,0.16,1.4555405539327135,0.3817639062285082,0.010509736769462596,0.0843349213624677,0.499356434566199,0.515533228070273,1.0641250503451503,0.08568048676707479,18.451428368178725,0.29459052832875865,0.5,0.16666666666666666,32,PKPK,93.97391779054998,0,,0.1865,0.0016,0.0051553322807027305,0.010641250503451502,0,0,0,0,0,0,0,0,0,0,0,0,0
5410,2014,0,-6.85,-37.21,1.2004564219563802,0.381059951631224,0.015940509859621962,-0.15577556078356924,-0.7329564446966267,0.5161357945696787,1.0666955496545913,-0.12716117463295626,249.89463569362815,0.35983336117044196,0.3333333333333333,0.0,34,PKPK,93.74746152487575,0,0.0,-0.06849999999999999,-0.3721,0.0051613579456967875,0.010666955496545914,0,0,0,0,0,1,0,0,0,0,1,0,2
5409,2015,0,-185.17,-311.7,0.8064086977172218,0.47535829636867194,0.028302121482489517,-1.6490835433350284,-3.491592131639739,0.5104591736188354,1.042730546892903,-0.5407911698461899,102.887275522155,0.35921707058909996,0.3333333333333333,0.16666666666666666,36,PKPK,95.90205283424082,0,0.0,-1.8517,-3.117,0.0051045917361883545,0.010427305468929029,1,0,0,0,0,1,1,0,0,0,0,0,3
5408,2016,0,-34.47,-162.7,0.7068596121783295,0.45945970637418126,0.021496585063821298,-0.6869719207760417,-0.9105273779930839,0.5574875994407885,1.2598236766614463,-0.16801025263083208,70.3052829993803,0.42988916167744473,0.3333333333333333,0.0,37,PKPK,79.37618720184848,0,0.0,-0.3447,-1.6269999999999998,0.005574875994407885,0.012598236766614463,0,0,0,0,0,1,0,0,0,0,0,0,1
5407,2017,0,-8.1,-93.65,13.691347472956267,7.237943759992722,0.26613615634478105,-0.9345646017218853,-4.111451970698228,0.568130387547032,1.3155136901624522,-0.2369941050687859,1.7912517114844295,0.6776456956788254,0.3333333333333333,0.0,37,PKPK,76.01593259561673,0,0.0,-0.081,-0.9365000000000001,0.005681303875470321,0.013155136901624523,0,0,0,0,0,1,1,0,0,0,0,0,2
5406,2018,0,18.22,-56.11,111.3125916677778,60.705544915695945,4.253145492672639,-0.0407970049082872,-0.18593126507434632,0.5654328477430345,1.301140329650793,-0.009421390693593929,1.7720798145066494,1.1335266913959008,0.42857142857142855,0.16666666666666666,38,PKPK,76.85566093154497,0,0.0,0.1822,-0.5611,0.0056543284774303445,0.01301140329650793,0,0,1,1,0,1,0,0,0,0,0,0,3
5405,2019,0,36.82,-313.03,146.13020565405765,88.86387278941893,12.504406872663672,0.560994369283721,2.167953288194222,0.8000402592630671,4.001006684218501,0.04902188715148997,1.2503190652736629,2.763775308696603,0.3333333333333333,0.25,40,PKPK,24.993709806693953,0,0.0,0.3682,-3.1302999999999996,0.00800040259263067,0.040010066842185006,0,0,1,1,0,0,0,0,0,0,0,0,2
5404,2020,0,26.77,0.15,3.8570122224614787,0.47684220807371286,0.1981165106326105,0.3725669476973385,4.518204229176358,0.41168047401262564,0.6997566047492711,0.07800827059765772,2.523435709633624,0.8021489074075803,0.3333333333333333,0.0,37,PKPK,142.90683263480003,0,0.0,0.2677,0.0015,0.004116804740126256,0.006997566047492711,0,0,0,0,0,0,0,0,0,0,0,0,0
5403,2021,0,4.62,-28.52,14.198385318109068,10.3108659552283,9.20520148123356,-2.1023750458756103,-7.3919565031784344,0.38059210504928187,0.6144450339619305,-0.15494823120872944,2.658935802736431,2.939117750329295,0.3333333333333333,0.0,38,PKPK,162.7484876152417,0,0.0,0.0462,-0.2852,0.0038059210504928186,0.006144450339619305,0,0,0,0,0,1,1,0,0,0,0,0,2
5402,2022,0,4.8,-110.71,0.4722399085287089,0.46146528392731345,0.04673855135216342,-15.694047986296324,-1.4752663882324468,0.4338192892295764,0.7662205387379977,-0.12799253220095563,6.368949030733951,1.259115625002669,0.25,0.0,34,PKPK,130.51072758334675,0,0.0,0.048,-1.1071,0.0043381928922957644,0.007662205387379977,0,0,0,0,0,1,1,0,0,0,0,0,2
5401,2023,0,10.85,-10.57,3.842600674871022,3.6778604388390606,3.662021953698603,-0.7996800563994706,-8.317681904110128,0.1253054339785656,0.14325621633677213,-0.1277700931397432,232.6748598514119,1.0665547811199243,0.2857142857142857,0.0,34,PKPK,698.0499873381845,0,0.0,0.1085,-0.1057,0.0012530543397856562,0.0014325621633677213,0,0,0,0,0,1,1,0,0,0,1,0,3
5435,2013,0,58.76,2.39,1.1,1.03,0.7446309882190156,7.7,10.07,26.29,50.23,0.21190775027680497,2.8748048318954664,3.1559178286229663,0.3333333333333333,0.0,32,PLIN,1.990842126219391,0,,0.5876,0.0239,0.26289999999999997,0.5023,0,0,0,0,0,0,0,0,0,0,0,0,0
5434,2014,0,62.31,23.59,1.86,1.66,1.2371318882293356,7.71,6.6,27.09,52.04,0.23093987515760622,2.5165373004700764,5.626780996646102,0.6,0.42857142857142855,34,PLIN,1.9215987701767872,0,0.0,0.6231,0.2359,0.2709,0.5204,0,0,0,0,0,0,0,0,0,0,0,0,0
5433,2015,0,70.41,17.01,1.67,1.57,1.1623755670467129,8.21,4.96,26.39,51.22,0.24246934627799865,2.5853929835969716,5.900515522348437,0.3,0.25,36,PLIN,1.952362358453729,0,0.0,0.7041,0.17010000000000003,0.2639,0.5122,0,0,0,0,0,0,0,0,0,0,0,0,0
5432,2016,0,71.15,43.73,0.9,0.8,0.42425532110231173,8.6,5.92,29.11,58.43,0.25360173906447653,2.667482958720544,7.534204138113543,0.5,0.25,37,PLIN,1.7114495978093445,0,0.0,0.7115,0.43729999999999997,0.29109999999999997,0.5843,0,0,0,0,0,0,0,0,0,0,0,0,0
5431,2017,0,69.95,17.79,1.17,1.06,0.6007219447551997,8.12,5.44,57.15,268.65,0.14797948584472825,1.348933272672746,12.769617672063832,0.5,0.0,37,PLIN,0.37223152801042253,0,0.0,0.6995,0.1779,0.5715,2.6864999999999997,0,0,0,0,0,0,0,0,0,0,0,0,0
5430,2018,0,74.6,32.93,1.24,1.17,0.7615827766402885,6.59,4.1,18.44,24.65,0.16711709807984382,5.233944548738765,0.9022251911870995,0.3333333333333333,0.0,38,PLIN,4.056795131845842,0,0.0,0.746,0.3293,0.1844,0.2465,0,0,0,0,0,0,0,0,0,0,0,0,0
5429,2019,0,74.83,41.81,1.64,1.62,1.2830234172236392,7.57,7.66,0.49,0.53,0.7102776574059985,30.66396007926709,1.0120448247443605,0.4,0.16666666666666666,40,PLIN,188.67924528301887,0,0.0,0.7483,0.4181,0.0049,0.0053,0,0,0,0,0,0,0,0,0,0,0,0,0
5428,2020,0,73.79,-62.01,2.95,2.93,1.871339429606515,3.27,28.72,4.12,4.57,0.40928888565120114,15.324675706660305,0.816391715595573,0.3333333333333333,0.0,37,PLIN,21.881838074398246,0,0.0,0.7379000000000001,-0.6201,0.0412,0.045700000000000005,0,0,0,0,0,0,0,0,0,0,0,0,0
5427,2021,0,71.12,51.38,2.58,2.55,1.539973522962793,2.09,26.43,4.13,4.58,0.3514205849927891,16.068522000113216,0.8055138788756305,0.4,0.0,38,PLIN,21.83406113537118,0,0.0,0.7112,0.5138,0.041299999999999996,0.0458,0,0,0,0,0,0,0,0,0,0,0,0,0
5426,2022,0,68.93,50.85,2.21,2.19,1.4599414295754136,2.68,29.54,4.35,4.88,0.3763495537110548,15.849481124299576,0.6685333938234613,0.5,0.0,34,PLIN,20.491803278688526,0,0.0,0.6893,0.5085000000000001,0.0435,0.048799999999999996,0,0,0,0,0,0,0,0,0,0,0,0,0
5425,2023,0,69.5,47.2,1.69,1.68,1.1766005117527731,4.05,47.66,4.28,4.81,0.4690926600660496,14.864285318408994,0.8802255332981183,0.3333333333333333,0.0,34,PLIN,20.79002079002079,0,0.0,0.695,0.47200000000000003,0.042800000000000005,0.0481,0,0,0,0,0,0,0,0,0,0,0,0,0
5459,2013,0,73.29,18.19,2.59,2.41,2.0416360313830375,11.6,5.93,21.99,36.28,0.4207882884259865,3.5108555516920994,1.712072757795852,0.4,0.0,32,PNSE,2.7563395810363835,0,,0.7329000000000001,0.1819,0.21989999999999998,0.3628,0,0,0,0,0,0,0,0,0,0,0,0,0
5458,2014,0,72.67,12.07,2.85,2.63,2.214682993074367,11.53,5.55,18.56,27.85,0.3955854047267716,4.209432415484196,1.5071246392738895,0.5,0.2,34,PNSE,3.5906642728904843,0,0.0,0.7267,0.1207,0.1856,0.2785,0,0,0,0,0,0,0,0,0,0,0,0,0
5457,2015,0,71.31,6.96,1.68,1.45,1.0679062563065453,11.69,5.23,14.49,22.17,0.2669778684149474,4.021572337093385,1.155078504035294,0.3333333333333333,0.0,36,PNSE,4.510599909788001,0,0.0,0.7131000000000001,0.0696,0.1449,0.2217,0,0,0,0,0,0,0,0,0,0,0,0,0
5456,2016,0,69.2,-0.29,1.75,1.53,1.186034231535241,11.93,5.38,27.79,50.77,0.14565359056655958,2.6436499861667735,2.616772309185937,0.3333333333333333,0.0,37,PNSE,1.9696671262556626,0,0.0,0.6920000000000001,-0.0029,0.2779,0.5077,0,0,0,0,0,0,0,0,0,0,0,0,0
5455,2017,0,67.47,12.38,1.7,1.49,1.2157558416748582,13.01,5.34,23.1,40.52,0.13046123507373542,2.9027402840947873,3.445444895573423,0.3333333333333333,0.0,37,PNSE,2.4679170779861797,0,0.0,0.6747,0.12380000000000001,0.231,0.4052,0,0,0,0,0,0,0,0,0,0,0,0,0
5454,2018,0,66.56,-4.61,1.01,0.82,0.5236784294624937,12.39,5.2,15.94,25.81,0.07943547252100522,3.722887341891587,1.8642617467973857,0.3333333333333333,0.6666666666666666,38,PNSE,3.8744672607516466,0,0.0,0.6656,-0.0461,0.1594,0.2581,0,0,0,0,0,0,0,0,0,0,0,0,0
5453,2019,0,66.89,-6.35,1.21,1.02,0.6831784240512901,10.84,5.2,17.25,30.18,0.047485987722937856,3.030867012104374,1.0062062499507824,0.3333333333333333,0.14285714285714285,40,PNSE,3.3134526176275676,0,0.0,0.6689,-0.0635,0.1725,0.3018,0,0,0,0,0,0,0,0,0,0,0,0,0
5452,2020,0,2.4,-66.14,0.8,0.6,0.2992387906988076,4.22,5.96,19.67,36.97,-0.2981635072589136,2.6438047072825737,3.952889420932445,0.4,0.0,37,PNSE,2.704895861509332,0,0.0,0.024,-0.6614,0.1967,0.3697,0,0,0,0,0,0,0,0,0,0,0,0,0
5451,2021,0,13.92,-60.94,0.59,0.44,0.21731958542088853,4.37,5.18,24.2,49.64,-0.15491499634336017,2.5826936997438876,2.8455268386932135,0.3333333333333333,0.0,38,PNSE,2.0145044319097503,0,0.0,0.1392,-0.6093999999999999,0.242,0.4964,0,0,0,0,0,0,0,0,0,0,0,0,0
5450,2022,0,45.91,-8.71,0.51,0.38,0.17857985675457516,8.83,6.83,24.25,51.09,0.029597766264536522,2.6606791944896564,1.8852103513708178,0.4,0.0,34,PNSE,1.9573302016050107,0,0.0,0.45909999999999995,-0.08710000000000001,0.2425,0.5109,0,0,0,0,0,0,0,0,0,0,0,0,0
5449,2023,0,53.73,11.35,0.78,0.59,0.37327141286479126,13.03,7.53,19.86,36.49,0.24374894151305418,3.405876190742273,1.7117779241303335,0.3333333333333333,0.2857142857142857,34,PNSE,2.740476842970677,0,0.0,0.5373,0.11349999999999999,0.1986,0.3649,0,0,0,0,0,0,0,0,0,0,0,0,0
5483,2013,1,-3.6,-5.26,0.21,0.13,0.01259971354686989,6.87,7.13,3.3420676447340143,-1.4269731500917298,-0.037260502683560785,-15.684251314928959,-0.01976758088378817,0.3333333333333333,0.0,32,POLY,-70.07840336279048,1,,-0.036000000000000004,-0.0526,0.03342067644734014,-0.014269731500917298,0,0,0,0,0,0,0,0,0,0,1,0,1
5482,2014,1,-2.78,-16.02,0.16,0.09,0.013203294338493734,6.94,6.33,4.301077332106967,-1.3029314067482731,-0.057924489871654106,-14.795464141905628,-0.020958250603680915,0.4,0.0,34,POLY,-76.75001115336538,1,1.0,-0.0278,-0.1602,0.04301077332106967,-0.013029314067482731,0,0,0,0,0,0,0,0,0,0,1,0,1
5481,2015,1,2.09,-4.56,0.13,0.07,0.00782933212042741,6.5,5.59,4.980325536650405,-1.2512357320515652,-0.012594434609246532,-15.50128074782208,-0.010568504848029198,0.6,0.375,36,POLY,-79.92099125561006,1,1.0,0.0209,-0.045599999999999995,0.04980325536650405,-0.012512357320515652,0,0,0,0,0,0,0,0,0,0,1,0,1
5480,2016,1,4.97,-3.29,0.11,0.05,0.008455442619457075,8.15,5.67,5.056102635317653,-1.2465420848310673,0.0011220176260697621,-14.62149043828143,-0.010869131159491842,0.5,0.0,37,POLY,-80.22192047655744,1,1.0,0.049699999999999994,-0.0329,0.050561026353176525,-0.012465420848310673,0,0,0,0,0,0,0,0,1,0,1,0,2
5479,2017,1,7.0,-1.1,0.11,0.06,0.011042071575936065,10.55,6.52,5.073296952056474,-1.2455013743830126,0.00423168070256751,-13.952246308511278,-0.0138489725166702,0.0,0.0,37,POLY,-80.28895194879836,1,1.0,0.07,-0.011000000000000001,0.05073296952056474,-0.012455013743830125,0,0,0,0,0,0,0,0,1,0,0,0,1
5478,2018,1,8.54,2.68,0.12,0.07,0.008436478090045047,10.97,7.95,4.901103820783494,-1.2563377049018984,0.012927899324724643,-12.766085184337639,-0.027673626403175857,0.3333333333333333,0.3333333333333333,38,POLY,-79.59643303693456,1,1.0,0.08539999999999999,0.0268,0.04901103820783494,-0.012563377049018984,0,0,0,0,0,0,0,0,0,0,0,0,0
5477,2019,1,6.88,-2.97,0.12,0.07,0.0076855508502311895,9.8,6.43,4.88903072690571,-1.2571334788078792,0.002000181866461781,-11.932375901507715,-0.011237383510538651,0.5,0.6666666666666666,40,POLY,-79.54604796208952,1,1.0,0.0688,-0.0297,0.0488903072690571,-0.012571334788078791,0,0,0,0,0,0,0,0,0,0,0,0,0
5476,2020,1,3.95,-7.87,0.11,0.06,0.012556104335806026,7.65,4.46,5.167738421600412,-1.23993828279079,-0.010829628518336803,-11.435758079891125,-0.011076862193110699,0.3333333333333333,0.3333333333333333,37,POLY,-80.64917535647426,1,1.0,0.0395,-0.0787,0.051677384216004124,-0.0123993828279079,0,0,0,0,0,0,0,0,1,0,0,0,1
5475,2021,1,9.79,0.92,0.11,0.07,0.008079991489548168,9.97,6.53,5.01739420683156,-1.248917569079854,0.004844759636554557,-11.517697331517562,-0.014991502753492916,0.3333333333333333,0.0,38,POLY,-80.06933561970425,1,1.0,0.09789999999999999,0.0092,0.0501739420683156,-0.01248917569079854,0,0,0,0,0,0,0,0,0,0,0,0,0
5474,2022,1,8.26,3.1,0.11,0.06,0.008834213537999997,10.78,6.79,5.140883883694485,-1.241494335047087,0.002696686964311851,-11.433783297176214,-0.009337737781577926,0.5,0.0,34,POLY,-80.54809206697446,1,1.0,0.08259999999999999,0.031,0.05140883883694485,-0.01241494335047087,0,0,0,0,0,0,0,0,1,0,0,0,1
5473,2023,1,0.71,-3.85,0.09,0.05,0.006209969058175794,9.84,5.24,5.522268147963765,-1.221127975449724,-0.01608699233552101,-13.356639131459024,-0.008486131111616047,0.42857142857142855,0.2857142857142857,34,POLY,-81.89149868847402,1,1.0,0.0070999999999999995,-0.0385,0.05522268147963765,-0.01221127975449724,0,0,0,0,0,0,0,0,1,0,0,0,1
5507,2013,0,15.33,5.02,1.11,0.44,0.006593842212982691,3.64,2.3,24.63,50.73,0.07540583522244373,3.337646188234121,0.5349388304058353,0.4,0.0,32,PRAS,1.9712201852946976,0,,0.1533,0.050199999999999995,0.2463,0.5073,0,0,0,0,0,0,0,0,0,0,0,0,0
5506,2014,0,18.06,4.17,1.03,0.55,0.05837841838799566,4.09,1.89,33.64,65.85,0.08478399204764783,7.0450692661767675,0.31908880663021644,0.25,0.4,34,PRAS,1.5186028853454823,0,0.0,0.18059999999999998,0.0417,0.33640000000000003,0.6585,0,0,0,0,0,0,0,0,0,0,0,0,0
5505,2015,0,16.98,2.54,1.0,0.64,0.05539756708577987,4.27,2.06,36.5,68.49,0.08119131494906108,19.994027026566727,0.208527803306112,0.6,0.0,36,PRAS,1.4600671630895021,0,0.0,0.1698,0.0254,0.365,0.6849,0,0,0,0,0,0,0,0,0,0,0,0,0
5504,2016,0,17.73,1.37,1.01,0.57,0.025103907853355506,4.52,1.57,39.64,84.27,0.06627149979380915,5.631225514715205,0.12161365052666184,0.4,0.2,37,PRAS,1.1866619200189865,0,0.0,0.1773,0.0137,0.39640000000000003,0.8427,0,0,0,0,0,0,0,0,0,0,0,0,0
5503,2017,0,19.98,-0.73,1.01,0.7,0.04531349890069802,3.86,1.18,44.53,102.58,0.044999834094784454,4.131462015354368,0.1719726803912133,0.6666666666666666,0.6,37,PRAS,0.9748488984207447,0,0.0,0.1998,-0.0073,0.44530000000000003,1.0258,0,0,0,0,0,0,0,0,0,0,0,0,0
5502,2018,0,21.54,-0.93,0.96,0.61,0.06961901566421637,3.17,1.25,48.56,110.72,0.03879485171362243,4.135232552075452,0.2280807919042688,0.3333333333333333,0.0,38,PRAS,0.9031791907514451,0,0.0,0.21539999999999998,-0.009300000000000001,0.48560000000000003,1.1072,0,0,0,0,0,0,0,0,0,0,0,0,0
5501,2019,0,18.1,1.11,0.77,0.49,0.1095187071528316,4.0,2.1,51.12,121.5,0.06600873456427078,5.037920187674673,0.180321802614487,0.4,0.16666666666666666,40,PRAS,0.8230452674897119,0,0.0,0.18100000000000002,0.0111,0.5112,1.215,0,0,0,0,0,0,0,0,0,0,0,0,0
5500,2020,0,12.84,-12.81,0.6,0.33,0.011379433619817062,2.13,1.28,50.93,130.7,-0.0025610687053922994,7.128042991643667,0.14765096123949767,0.3333333333333333,0.0,37,PRAS,0.7651109410864576,0,0.0,0.1284,-0.1281,0.5093,1.307,0,0,0,0,0,0,0,0,0,0,0,0,0
5499,2021,0,19.85,-1.65,2.38,1.08,0.016313891993234853,1.94,0.96,55.33,177.63,0.0068492652219243584,1.5484159341156494,0.1645226301035075,0.5,0.3333333333333333,38,PRAS,0.5629679671226707,0,0.0,0.1985,-0.0165,0.5533,1.7763,0,0,0,0,0,0,0,0,0,0,0,0,0
5498,2022,0,17.33,-0.27,1.85,0.73,0.00784044126623776,1.89,0.82,54.99,184.8,0.0027750653859309614,1.5338052403972284,0.365372504272269,0.3333333333333333,0.0,34,PRAS,0.5411255411255411,0,0.0,0.17329999999999998,-0.0027,0.5499,1.848,0,0,0,0,0,0,0,0,0,0,0,0,0
5497,2023,0,1.31,-98.8,1.38,0.35,0.011141409170223769,1.18,0.36,62.46,263.03,-0.020297004301240994,1.3849339086156158,0.2845829532646008,0.3333333333333333,0.5,34,PRAS,0.38018476979812194,0,0.0,0.0131,-0.988,0.6246,2.6302999999999996,0,0,0,0,0,0,0,0,0,0,0,0,0
5531,2013,0,13.77,1.67,1.68,0.72,0.38644761014468837,18.72,4.97,0.3875331032823657,0.6327413046472454,0.3047735086665895,12.34447185291,0.5172417098198703,0.3333333333333333,0.0,32,PSDN,158.04247212176264,0,,0.1377,0.0167,0.0038753310328236566,0.006327413046472454,0,0,0,0,0,0,0,0,0,0,0,0,0
5530,2014,0,10.07,-2.89,1.46,0.66,0.17302646814663805,12.2,4.65,0.390308663219224,0.6401741990957066,-0.021845215231547307,9.51191927902395,0.5439349353981747,0.3333333333333333,0.125,34,PSDN,156.20748249657265,0,0.0,0.1007,-0.028900000000000002,0.0039030866321922396,0.006401741990957066,0,0,0,0,0,0,0,0,0,0,0,0,0
5529,2015,0,11.57,-4.63,1.21,0.34,0.11743108800251537,13.72,4.44,0.47724097373025876,0.9129272757296961,-0.006398853616553475,6.481258457502616,0.5416887241659414,0.4,0.0,36,PSDN,109.53775033183308,0,0.0,0.1157,-0.0463,0.004772409737302588,0.009129272757296962,0,0,0,0,0,0,0,0,0,0,0,0,0
5528,2016,0,12.68,-3.93,1.06,0.51,0.29131156152160853,16.81,4.2,0.5712958944475727,1.3326112044376197,0.010662562507111058,7.402800404295833,0.6884412853643802,0.3333333333333333,0.3333333333333333,37,PSDN,75.04064176182683,0,0.0,0.1268,-0.0393,0.0057129589444757265,0.013326112044376196,0,0,0,0,0,0,0,0,0,0,0,0,0
5527,2017,0,13.94,2.3,1.16,0.45,0.14963529050736288,17.51,5.75,0.5665788025798892,1.3072244872940766,0.17934215391953245,6.203847337261176,1.230911746571254,0.5,0.0,37,PSDN,76.49795499700102,0,0.0,0.1394,0.023,0.005665788025798892,0.013072244872940765,0,0,0,0,0,0,0,0,0,0,0,0,0
5526,2018,0,11.02,-3.49,1.03,0.44,0.15600838076125823,14.12,5.26,0.6518389550176128,1.8722340262121742,-0.005757465563652987,3.5909804987449094,1.138259642665975,0.6666666666666666,0.0,38,PSDN,53.41212615514516,0,0.0,0.11019999999999999,-0.0349,0.006518389550176128,0.01872234026212174,0,0,0,0,0,0,0,0,0,0,0,0,0
5525,2019,0,13.29,-2.1,0.76,0.31,0.10651470840473742,14.72,5.57,0.769528148308837,3.3389246566053012,0.03125346263379531,1.8399280564770433,1.252077925312647,0.6666666666666666,0.16666666666666666,40,PSDN,29.94976235901963,0,0.0,0.1329,-0.021,0.00769528148308837,0.033389246566053014,0,0,0,0,0,0,0,0,0,0,0,0,0
5524,2020,0,14.2,-5.84,0.77,0.28,0.039719782196280765,11.99,4.4,0.8430162258326985,5.370085094680629,-0.010823068673845993,1.4349135010060199,1.5580324529986946,0.5,0.0,37,PSDN,18.621678844354925,0,0.0,0.142,-0.0584,0.008430162258326985,0.053700850946806294,0,0,0,0,0,0,0,0,0,0,0,0,0
5523,2021,0,6.21,-9.5,0.61,0.22,0.07705379437126765,14.25,4.94,0.9312768222331337,13.551131549584566,-0.06516800876958112,1.1761976312531626,4.522399333981784,0.5,0.16666666666666666,38,PSDN,7.379457548182806,0,0.0,0.0621,-0.095,0.009312768222331336,0.13551131549584566,0,0,0,0,0,0,0,0,0,0,0,0,0
5522,2022,0,19.39,-4.05,0.51,0.21,0.06292309624964933,13.98,3.7,0.9445583920442329,17.036994900974552,-0.010163277182260656,1.1664731932602208,3.0551587525121082,0.2857142857142857,0.0,34,PSDN,5.86957973405743,0,0.0,0.19390000000000002,-0.0405,0.009445583920442329,0.17036994900974553,0,0,0,0,0,0,0,0,0,0,0,0,0
5521,2023,0,23.95,53.88,0.69,0.39,0.14694393229400074,10.22,2.93,0.5651726643596183,1.2997634187999554,-0.33968489373928795,2.084627114129648,1.9611934318615658,0.2857142857142857,0.0,34,PSDN,76.93707835871233,0,0.0,0.2395,0.5388000000000001,0.0056517266435961834,0.012997634187999554,0,0,0,0,0,0,0,0,0,0,0,0,0
5555,2013,0,30.9,16.54,2.87,2.47,1.5174554480494091,7.54,9.29,0.67,1.03,0.5218259902956817,5.049902125354628,3.112220105517145,0.4,0.42857142857142855,32,PTBA,97.08737864077669,0,,0.309,0.1654,0.0067,0.0103,0,0,0,0,0,0,0,0,0,0,0,0,0
5554,2014,0,29.99,14.25,2.07,1.78,1.2107656340145758,9.12,9.46,15.18,26.46,0.3234809131291716,4.094933540313818,3.378461537243413,0.3333333333333333,0.25,34,PTBA,3.7792894935752077,0,0.0,0.2999,0.1425,0.1518,0.2646,0,0,0,0,0,0,0,0,0,0,0,0,0
5553,2015,0,30.71,14.71,1.54,1.29,0.759581313875849,9.12,8.47,11.97,21.77,0.3245780974577519,4.4606435068968455,1.122599607975066,0.3333333333333333,0.25,36,PTBA,4.593477262287552,0,0.0,0.3071,0.1471,0.1197,0.2177,0,0,0,0,0,0,0,0,0,0,0,0,0
5552,2016,0,31.31,14.4,1.66,1.44,0.8712798797956749,7.25,8.27,12.75,22.45,0.31539015715752855,4.539149161094197,2.7293918424283374,0.5714285714285714,0.2,37,PTBA,4.4543429844097995,0,0.0,0.3131,0.14400000000000002,0.1275,0.2245,0,0,0,0,0,0,0,0,0,0,0,0,0
5551,2017,0,43.69,23.35,2.53,2.27,0.9016180387702459,5.1,9.71,4.43,7.05,0.7204295769512954,4.640313668759585,2.053684968135835,0.3333333333333333,0.0,37,PTBA,14.184397163120568,0,0.0,0.43689999999999996,0.2335,0.0443,0.0705,0,0,0,0,0,0,0,0,0,0,0,0,0
5550,2018,0,40.37,24.19,2.38,2.06,1.3422084747520917,5.21,9.32,3.44,5.12,0.7950018454463659,6.4825513783971305,3.0448531290935,0.6666666666666666,0.0,38,PTBA,19.53125,0,0.0,0.40369999999999995,0.2419,0.0344,0.0512,0,0,0,0,0,0,0,0,0,0,0,0,0
5549,2019,0,34.94,18.54,2.49,2.19,1.0522474708771712,8.28,9.66,2.42,3.42,0.6533169186158166,7.173921028158748,1.6634230603382998,0.5,0.0,40,PTBA,29.239766081871345,0,0.0,0.3494,0.18539999999999998,0.0242,0.0342,0,0,0,0,0,0,0,0,0,0,0,0,0
5548,2020,0,26.36,13.9,2.16,1.95,1.198774834685059,8.53,11.66,3.87,5.5,0.35411367857997383,6.219927139424277,1.9111327652445842,0.3333333333333333,0.25,37,PTBA,18.181818181818183,0,0.0,0.2636,0.139,0.0387,0.055,0,0,0,0,0,0,0,0,0,0,0,0,0
5547,2021,0,46.08,27.47,2.43,2.27,1.83277562588934,12.51,15.68,2.9,4.32,0.8390094877168696,6.550899771406705,1.287265682065979,0.375,0.14285714285714285,38,PTBA,23.148148148148145,0,0.0,0.4608,0.2747,0.028999999999999998,0.0432,0,0,0,0,0,0,0,0,0,0,0,0,0
5546,2022,0,42.13,29.96,2.28,1.92,1.5644695555318835,12.9,9.79,3.0,4.71,0.9210772186686003,6.036426950240718,1.4701606378859682,0.3333333333333333,0.0,34,PTBA,21.231422505307854,0,0.0,0.4213,0.29960000000000003,0.03,0.0471,0,0,0,0,0,0,0,0,0,0,0,0,0
5545,2023,0,23.79,16.35,1.52,0.97,0.5573794848186229,10.53,6.28,3.36,6.04,0.42238797562584757,3.9808567780663577,1.3036290432086226,0.4,0.0,34,PTBA,16.556291390728475,0,0.0,0.2379,0.1635,0.0336,0.0604,0,0,0,0,0,0,0,0,0,0,0,0,0
5579,2013,0,30.42,9.42,0.63,0.6,0.1550516491640692,3.28,38.98,0.35335523394981727,0.5464441258964667,0.09921736490037904,10.726414776252259,0.8672374991885902,0.3333333333333333,0.0,32,PTIS,183.00132668815024,0,,0.3042,0.0942,0.0035335523394981728,0.005464441258964667,0,0,0,0,0,0,0,0,0,0,0,0,0
5578,2014,0,7.9,-17.76,0.6,0.57,0.025428198506681914,4.08,52.02,0.3640403928886357,0.5724269101652046,-0.0675145572848231,5.868069147607115,0.9813891360447915,0.3333333333333333,0.0,34,PTIS,174.69479198862192,0,0.0,0.079,-0.1776,0.003640403928886357,0.005724269101652047,0,0,0,0,0,0,0,0,0,0,0,0,0
5577,2015,0,-80.06,-190.55,0.31,0.3,0.015502483627320245,1.22,41.52,0.48708959421881304,0.9496582419014754,-0.32430693750930023,3.744909026405144,1.1146412474739045,0.42857142857142855,0.0,36,PTIS,105.30103945580746,0,0.0,-0.8006,-1.9055000000000002,0.0048708959421881306,0.009496582419014753,0,0,0,0,0,0,0,0,0,0,0,0,0
5576,2016,0,0.96,-70.2,0.27,0.26,0.026397900032109387,2.88,62.38,0.6245913819291339,1.663764100938219,-0.23924302139695278,3.137914852077483,1.9612876478016803,0.3333333333333333,0.0,37,PTIS,60.1046746612748,0,0.0,0.0096,-0.7020000000000001,0.006245913819291338,0.016637641009382188,0,0,0,0,0,0,0,0,0,0,0,0,0
5575,2017,0,28.21,-19.22,0.5,0.48,0.05559998232146436,3.93,50.77,0.5929776331417249,1.4568674388063776,-0.012017156780216682,2.028483515145798,1.4969912625961461,0.6,0.42857142857142855,37,PTIS,68.64042488445672,0,0.0,0.2821,-0.19219999999999998,0.005929776331417249,0.014568674388063776,0,0,0,0,0,0,0,0,0,0,0,0,0
5574,2018,0,38.77,0.98,0.73,0.69,0.09907527996626288,5.17,47.72,0.5671512761388965,1.3102759575673122,0.09453542908581684,2.0552834842728793,0.7462673696781041,0.3333333333333333,0.0,38,PTIS,76.31980074309098,0,0.0,0.38770000000000004,0.0098,0.005671512761388965,0.013102759575673122,0,0,0,0,0,0,0,0,0,0,0,0,0
5573,2019,0,35.25,1.68,0.96,0.94,0.10683291242586988,4.15,48.94,0.5398418050374181,1.173165687250915,0.0807629170342678,2.1887654646592125,0.4627128076563948,0.5,0.3333333333333333,40,PTIS,85.23945175581336,0,0.0,0.3525,0.0168,0.005398418050374181,0.01173165687250915,0,0,0,0,0,0,0,0,0,0,0,0,0
5572,2020,0,30.48,0.03,2.62,2.57,0.1215536555520975,2.77,62.69,0.529192249392565,1.124009213335597,0.03856478467383319,2.0324629431066232,0.37680859962347496,0.5,0.0,37,PTIS,88.96724227307811,0,0.0,0.3048,0.0003,0.0052919224939256505,0.01124009213335597,0,0,0,0,0,0,0,0,0,0,0,0,0
5571,2021,0,29.68,0.98,3.59,3.49,0.49357962227940855,2.45,49.04,0.543592144549493,1.1910227618955613,0.03291727547706947,1.9481172368836748,0.8630135056442895,0.3333333333333333,0.2,38,PTIS,83.96145161898158,0,0.0,0.2968,0.0098,0.00543592144549493,0.011910227618955613,0,0,0,0,0,0,0,0,0,0,0,0,0
5570,2022,0,27.04,2.92,4.44,4.37,0.41868205727229546,2.98,71.54,0.5310283800781083,1.1323251930821576,0.06464544457561076,1.9770653510782725,0.8674918789423489,0.3333333333333333,0.5714285714285714,34,PTIS,88.31385242591202,0,0.0,0.2704,0.0292,0.005310283800781083,0.011323251930821576,0,0,0,0,0,0,0,0,0,0,0,0,0
5569,2023,0,1.88,7.31,3.07,2.86,0.659219341120719,2.03,30.18,0.45266720265361227,0.8270419840511312,-0.14071214681285976,2.5364589967480766,0.5777286323263177,0.75,0.0,34,PTIS,120.91284593578456,0,0.0,0.018799999999999997,0.0731,0.004526672026536123,0.008270419840511311,0,0,0,0,0,0,0,0,0,0,0,0,0
5603,2013,0,11.02,3.61,1.34,1.14,0.29190724481085234,2.17,6.25,18.42,115.23,0.0926524517929652,2.2275144848220196,2.8301972357596634,0.5,0.0,32,PTPP,0.8678295582747547,0,,0.11019999999999999,0.0361,0.18420000000000003,1.1523,0,0,0,0,0,0,0,0,0,0,0,0,0
5602,2014,0,12.4,4.29,1.37,1.11,0.2651379317119995,1.82,5.02,21.25,131.82,0.09707570767522837,1.986011516813061,7.367431347358154,0.4,0.16666666666666666,34,PTPP,0.7586102260658474,0,0.0,0.124,0.0429,0.2125,1.3182,0,0,0,0,0,0,0,0,0,0,0,0,0
5601,2015,0,13.97,5.95,1.43,1.2,0.3066059290517913,1.77,4.8,19.41,72.24,0.10941321561521845,2.588081509048202,3.645494961419546,0.3333333333333333,0.6666666666666666,36,PTPP,1.3842746400885937,0,0.0,0.13970000000000002,0.059500000000000004,0.1941,0.7223999999999999,0,0,0,0,0,0,0,0,0,0,0,0,0
5600,2016,0,14.7,6.98,1.55,1.35,0.594002485449205,1.66,4.96,21.75,63.0,0.09229112274046201,3.357339524274085,2.1916242910311166,0.5,0.0,37,PTPP,1.5873015873015872,0,0.0,0.147,0.0698,0.2175,0.63,0,0,0,0,0,0,0,0,0,0,0,0,0
5599,2017,0,14.95,8.02,1.45,1.32,0.4643931928379233,1.58,6.39,21.38,62.71,0.08678696855689781,3.08157950968931,1.149168156229441,0.3333333333333333,0.3333333333333333,37,PTPP,1.5946420028703556,0,0.0,0.1495,0.0802,0.2138,0.6271,0,0,0,0,0,0,0,0,0,0,0,0,0
5598,2018,0,13.71,7.8,1.37,1.09,0.3622865731934253,1.56,4.53,24.8,83.41,0.06903691317410253,2.5197590268171,0.7632191728633241,0.3333333333333333,0.2,38,PTPP,1.1988970147464333,0,0.0,0.1371,0.078,0.248,0.8341,0,0,0,0,0,0,0,0,0,0,0,0,0
5597,2019,0,13.94,4.45,1.31,0.99,0.3263619316112412,1.46,2.48,29.14,108.96,0.057743279589285025,2.3226483501484187,0.6546006253383391,0.4,0.16666666666666666,40,PTPP,0.9177679882525699,0,0.0,0.1394,0.044500000000000005,0.2914,1.0896,0,0,0,0,0,0,0,0,0,0,0,0,0
5596,2020,0,13.96,1.97,1.14,0.85,0.29731633889018366,1.08,1.56,34.74,133.44,0.034550697213086554,2.1160291555849304,0.8315011682321396,0.3333333333333333,0.0,37,PTPP,0.749400479616307,0,0.0,0.1396,0.0197,0.34740000000000004,1.3344,0,0,0,0,0,0,0,0,0,0,0,0,0
5595,2021,0,12.76,2.16,1.12,0.75,0.23485497063572236,1.31,1.53,35.36,137.14,0.03055034990680914,2.291223973985753,0.4283206049530936,0.3333333333333333,0.0,38,PTPP,0.729181857955374,0,0.0,0.1276,0.0216,0.35359999999999997,1.3714,0,0,0,0,0,0,0,0,0,0,0,0,0
5594,2022,0,14.02,1.93,1.21,0.83,0.23218339662611034,1.42,1.53,35.79,139.11,0.03921190761321314,1.924724826471775,0.29909661735695503,0.5,0.0,34,PTPP,0.7188555819135934,0,0.0,0.1402,0.019299999999999998,0.3579,1.3911000000000002,0,0,0,0,0,0,0,0,0,0,0,0,0
5593,2023,0,11.82,0.64,1.16,0.77,0.174582102554291,1.43,1.7,34.87,130.15,0.033449876922724615,2.0523961833692748,0.17522865316063832,0.3333333333333333,0.0,34,PTPP,0.768344218209758,0,0.0,0.1182,0.0064,0.34869999999999995,1.3015,0,0,0,0,0,0,0,0,0,0,0,0,0
5627,2013,0,25.25,4.81,1.38,1.34,0.48225547174477557,4.09,44.08,45.41,117.03,0.17215462101044743,2.037901671035559,0.4811992455093563,0.5,0.0,32,PTRO,0.8544817568144919,0,,0.2525,0.0481,0.45409999999999995,1.1703000000000001,0,0,0,0,0,0,0,0,0,0,0,0,0
5626,2014,0,19.16,0.68,1.63,1.59,0.6208028721840877,3.86,57.66,41.52,101.01,0.1398651915779097,2.144486646742948,0.3899555936318677,0.25,0.25,34,PTRO,0.99000099000099,0,0.0,0.1916,0.0068000000000000005,0.4152,1.0101,0,0,0,0,0,0,0,0,0,0,0,0,0
5625,2015,0,14.09,-6.14,1.55,1.5,0.6050956114403844,2.76,37.69,41.84,99.84,0.03824754167310924,2.1417034902337497,0.11906238553112226,0.3333333333333333,0.25,36,PTRO,1.001602564102564,0,0.0,0.1409,-0.061399999999999996,0.41840000000000005,0.9984000000000001,0,0,0,0,0,0,0,0,0,0,0,0,0
5624,2016,0,16.65,-3.74,2.12,2.06,0.9612716989511357,3.08,37.17,36.98,85.49,0.068352672497198,2.1365464681391573,0.30430258215169814,0.3333333333333333,0.0,37,PTRO,1.1697274535033337,0,0.0,0.16649999999999998,-0.0374,0.36979999999999996,0.8549,0,0,0,0,0,0,0,0,0,0,0,0,0
5623,2017,0,14.58,3.79,1.72,1.65,0.6827569575073554,4.05,43.69,32.39,77.91,0.0987744506789947,2.167709698963564,0.6536466104601569,0.3333333333333333,0.0,37,PTRO,1.283532280836863,0,0.0,0.1458,0.0379,0.3239,0.7791,0,0,0,0,0,0,0,0,0,0,0,0,0
5622,2018,0,15.7,4.97,1.69,1.63,0.5498092842071093,4.29,48.12,37.61,109.34,0.1394681699476663,1.8824395761675015,0.6471630649903686,0.375,0.18181818181818182,38,PTRO,0.9145783793671118,0,0.0,0.157,0.049699999999999994,0.3761,1.0934,0,0,0,0,0,0,0,0,0,0,0,0,0
5621,2019,0,17.03,6.57,1.51,1.47,0.5773738503180588,3.77,50.63,37.25,96.58,0.16742114821176796,2.1081956102392994,0.5471031904614793,0.3333333333333333,0.0,40,PTRO,1.0354110581901015,0,0.0,0.1703,0.06570000000000001,0.3725,0.9658,0,0,0,0,0,0,0,0,0,0,0,0,0
5620,2020,0,21.97,9.54,1.64,1.61,0.9913702813140775,3.5,49.25,38.11,87.23,0.15276175484487525,2.4227577303743777,0.5990635521885522,0.5,0.0,37,PTRO,1.1463945890175398,0,0.0,0.21969999999999998,0.09539999999999998,0.3811,0.8723000000000001,0,0,0,0,0,0,0,0,0,0,0,0,0
5619,2021,0,17.93,8.17,1.38,1.33,0.6794460475925893,4.77,51.34,25.49,52.19,0.16245698947952972,3.4751555158179084,0.5902286776840727,1.0,0.0,38,PTRO,1.9160758766047135,0,0.0,0.1793,0.0817,0.25489999999999996,0.5219,0,0,0,0,0,0,0,0,0,0,0,0,0
5618,2022,0,20.05,8.64,1.16,1.08,0.27990645151115057,3.99,27.6,19.4,38.84,0.19954604493448025,4.89469625679632,0.9415789493048449,0.0,0.16666666666666666,34,PTRO,2.5746652935118433,0,0.0,0.2005,0.0864,0.19399999999999998,0.3884,0,0,0,0,0,0,0,0,0,0,0,0,0
5617,2023,0,14.21,2.15,1.16,1.09,0.26986356266521566,3.33,26.27,34.45,106.41,0.07100903196254393,2.069480124544984,1.4597219670933383,0.3333333333333333,0.3333333333333333,34,PTRO,0.93976130062964,0,0.0,0.1421,0.0215,0.34450000000000003,1.0641,0,0,0,0,0,0,0,0,0,0,0,0,0
5651,2013,0,3.59,0.67,1.69,1.2,0.3923830468076033,8.9,16.77,0.34519103016978964,0.527162952974356,0.014357944953711255,19.178357891466412,0.2312458574669932,1.0,0.25,32,PTSN,189.6946654460078,0,,0.0359,0.0067,0.0034519103016978966,0.00527162952974356,0,0,0,0,0,0,0,0,0,0,0,0,0
5650,2014,0,2.47,-2.49,2.61,1.7,0.9853617090125081,8.05,9.26,0.2571417390665667,0.3461518200571089,-0.1886120903068273,13.117642788847343,0.24906670330383107,0.3333333333333333,0.0,34,PTSN,288.8905798140878,0,0.0,0.024700000000000003,-0.024900000000000002,0.002571417390665667,0.0034615182005710895,0,0,0,0,0,0,0,0,0,0,0,0,0
5649,2015,0,4.03,0.13,2.64,1.66,0.6092951118348215,8.75,7.24,0.22748035507971712,0.29446546320927675,-0.200536025370622,17.020819851347834,0.2017346210601416,0.16666666666666666,0.25,36,PTSN,339.59839945280766,0,0.0,0.0403,0.0013,0.002274803550797171,0.0029446546320927676,0,0,0,0,0,0,0,0,0,0,0,0,0
5648,2016,0,10.59,1.45,2.58,1.67,0.8052340447552303,7.71,6.57,0.23819191997328454,0.31266657077847154,0.11702643644946976,17.393570042816837,0.15688808497674628,0.4,0.16666666666666666,37,PTSN,319.8295223919264,0,0.0,0.1059,0.014499999999999999,0.0023819191997328454,0.003126665707784715,0,0,0,0,0,0,0,0,0,0,0,0,0
5647,2017,0,10.2,0.57,2.16,1.36,0.391266113283499,8.9,7.36,0.24810255949596985,0.32996861822808726,-0.006966695658164925,11.44937674242469,0.4832796446850977,0.6,0.2,37,PTSN,303.05912282505625,0,0.0,0.102,0.005699999999999999,0.0024810255949596987,0.0032996861822808727,0,0,0,0,0,0,0,0,0,0,0,0,0
5646,2018,0,6.87,3.12,1.08,0.55,0.040851553531269805,7.03,6.15,0.7577964187166147,3.1287581079257554,0.07253951345908603,5.653697904756176,3.4772495889388346,0.5,0.0,38,PTSN,31.961563198727465,0,0.0,0.0687,0.031200000000000002,0.0075779641871661476,0.031287581079257554,0,0,0,0,0,0,0,0,0,0,0,0,0
5645,2019,0,4.5,0.27,1.2,0.6,0.03086671998224613,5.03,4.36,0.5624727596507301,1.2855719776481085,0.02236534931052247,3.4804510289008035,1.4502438287660107,0.3333333333333333,0.0,40,PTSN,77.78638749029452,0,0.0,0.045,0.0027,0.0056247275965073005,0.012855719776481084,0,0,0,0,0,0,0,0,0,0,0,0,0
5644,2020,0,13.54,3.33,1.89,1.3,0.3533257791084578,6.26,4.94,0.36208417893282546,0.5676049518995969,0.14297082614921583,4.378938455304151,1.0619688968947738,0.3333333333333333,0.0,37,PTSN,176.17887170527874,0,0.0,0.1354,0.0333,0.0036208417893282547,0.005676049518995969,0,0,0,0,0,0,0,0,0,0,0,0,0
5643,2021,0,14.06,3.64,1.36,0.89,0.23212300423853913,6.67,7.33,0.48163542004161985,0.9291441557991689,0.0885584071410203,3.8024985803449822,0.9709809489240749,0.3333333333333333,0.0,38,PTSN,107.62592583277748,0,0.0,0.1406,0.0364,0.0048163542004161985,0.009291441557991689,0,0,0,0,0,0,0,0,0,0,0,0,0
5642,2022,0,17.4,7.04,2.33,1.44,0.77213573068638,6.11,5.32,0.32479729160629606,0.48103671322185576,0.2543498162096638,4.838087399352981,0.6577085229276517,0.5714285714285714,0.25,34,PTSN,207.88434074028703,0,0.0,0.174,0.0704,0.0032479729160629607,0.004810367132218558,0,0,0,0,0,0,0,0,0,0,0,0,0
5641,2023,0,20.87,8.82,3.01,2.26,1.566968552097726,10.35,6.02,0.28436163581556945,0.39735381730078023,0.3140563345247581,5.403803463272875,0.7736370647971749,0.3333333333333333,0.0,34,PTSN,251.66487811618074,0,0.0,0.2087,0.0882,0.0028436163581556945,0.003973538173007802,0,0,0,0,0,0,0,0,0,0,0,0,0
5675,2013,0,67.95,6.49,1.86,1.51,0.8881851076272687,111.41,6.45,19.87,31.89,0.4266495212589691,5.017677248155519,5.653986863419561,0.3333333333333333,0.25,32,PTSP,3.1357792411414236,0,,0.6795,0.0649,0.19870000000000002,0.3189,0,0,0,0,0,0,0,0,0,0,0,0,0
5674,2014,0,66.76,5.7,1.49,1.09,0.46658150368430007,127.11,5.5,24.34,47.34,0.06764525197713425,3.0231527827946327,8.315866578388226,0.3181818181818182,0.0,34,PTSP,2.112378538234051,0,0.0,0.6676000000000001,0.057,0.2434,0.47340000000000004,0,0,0,0,0,0,0,0,0,0,0,0,0
5673,2015,0,64.1,-0.38,1.0,0.73,0.16299556655962258,148.27,5.87,24.99,53.6,0.0004188375248955827,3.020069502800178,13.973451047550956,0.3333333333333333,0.2,36,PTSP,1.8656716417910446,0,0.0,0.6409999999999999,-0.0038,0.24989999999999998,0.536,0,0,0,0,0,0,0,0,0,0,0,0,0
5672,2016,0,63.26,0.95,0.93,0.61,0.14183305924195974,140.78,6.45,23.18,49.57,0.13283581172288167,3.5029897990010306,11.889614756773971,0.75,0.0,37,PTSP,2.017349203147065,0,0.0,0.6325999999999999,0.0095,0.2318,0.49570000000000003,0,0,0,0,0,0,0,0,0,0,0,0,0
5671,2017,0,62.68,1.91,0.89,0.63,0.23898447898293884,172.82,6.76,20.15,41.83,0.18213438232898732,4.160289430089076,10.785941864047638,0.3333333333333333,0.4,37,PTSP,2.390628735357399,0,0.0,0.6268,0.0191,0.20149999999999998,0.4183,0,0,0,0,0,0,0,0,0,0,0,0,0
5670,2018,0,62.03,3.15,1.07,0.76,0.2689124598177949,74.7,8.43,12.05,22.56,0.3326952689349333,4.48829049168333,9.79563099352877,0.6,0.2,38,PTSP,4.432624113475177,0,0.0,0.6203,0.0315,0.12050000000000001,0.2256,0,0,0,0,0,0,0,0,0,0,0,0,0
5669,2019,0,61.22,3.97,1.0,0.67,0.2666086924267912,70.17,8.53,7.32,13.54,0.27763545062002537,4.989549351834584,5.2667154837083645,0.5,0.5,40,PTSP,7.385524372230429,0,0.0,0.6122,0.0397,0.0732,0.1354,0,0,0,0,0,0,0,0,0,0,0,0,0
5668,2020,0,59.91,-13.15,0.67,0.44,0.3729031242540732,75.0,4.25,30.42,79.53,-0.17229929419877973,2.719384491157385,5.629843400569193,0.4,0.6,37,PTSP,1.257387149503332,0,0.0,0.5991,-0.1315,0.3042,0.7953,0,0,0,0,0,0,0,0,0,0,0,0,0
5667,2021,0,59.56,-4.16,0.55,0.31,0.25450034271171607,150.64,5.39,27.54,69.61,-0.026899593207836164,2.9521182345330086,12.086947484600765,0.3333333333333333,0.0,38,PTSP,1.4365752047119669,0,0.0,0.5956,-0.0416,0.2754,0.6960999999999999,0,0,0,0,0,0,0,0,0,0,0,0,0
5666,2022,0,60.69,1.76,0.76,0.38,0.22603540585580753,170.87,6.29,20.54,44.35,0.10999865588141573,3.781907690804566,5.7214266200946975,0.3333333333333333,0.5,34,PTSP,2.254791431792559,0,0.0,0.6069,0.0176,0.2054,0.4435,0,0,0,0,0,0,0,0,0,0,0,0,0
5665,2023,0,60.94,2.82,0.78,0.36,0.2508228853525846,139.73,5.44,24.27,52.92,0.11994079917829932,3.738099445225389,3.7910946986609786,0.5,0.0,34,PTSP,1.8896447467876039,0,0.0,0.6093999999999999,0.0282,0.2427,0.5292,0,0,0,0,0,0,0,0,0,0,0,0,0
5699,2013,0,47.26,27.76,1.96,1.12,0.9075788700278099,7.28,0.94,6.82,9.02,0.19526142548528935,9.593389880589049,0.570673440263949,0.3333333333333333,0.0,32,PUDP,11.086474501108647,0,,0.47259999999999996,0.2776,0.0682,0.0902,0,0,0,0,0,0,0,0,0,0,0,0,0
5698,2014,0,48.51,17.51,2.01,0.88,0.7056831923643374,10.09,0.68,8.55,12.01,0.055964127980029824,7.364729214338257,0.5078656657682575,0.4,0.0,34,PUDP,8.32639467110741,0,0.0,0.4851,0.1751,0.0855,0.1201,0,0,0,0,0,0,0,0,0,0,0,0,0
5697,2015,0,41.5,20.22,1.64,0.78,0.6586624973061298,16.11,0.94,14.63,21.04,0.15485660818442276,10.957204184223052,0.44627781812844064,0.0,0.0,36,PUDP,4.752851711026616,0,0.0,0.415,0.2022,0.1463,0.2104,0,0,0,0,0,0,0,0,0,0,0,0,0
5696,2016,0,37.8,15.91,1.77,0.82,0.6398042820048232,14.12,0.79,24.71,39.82,0.1032404471696983,6.6076874358161835,0.3800351501609232,0.5,0.0,37,PUDP,2.5113008538422905,0,0.0,0.37799999999999995,0.1591,0.24710000000000001,0.3982,0,0,0,0,0,0,0,0,0,0,0,0,0
5695,2017,0,31.36,4.42,1.55,0.47,0.2876923768012252,10.22,0.72,15.87,23.94,0.014998475178029593,6.851396182855533,0.4431833810983619,0.5,0.3333333333333333,37,PUDP,4.177109440267335,0,0.0,0.3136,0.044199999999999996,0.15869999999999998,0.2394,0,0,0,0,0,0,0,0,0,0,0,0,0
5694,2018,0,51.15,6.62,3.96,1.25,0.7377306526802635,5.83,0.37,23.68,34.28,0.04749064021881343,4.000707384969571,0.4677708546892094,0.3333333333333333,0.14285714285714285,38,PUDP,2.9171528588098017,0,0.0,0.5115,0.0662,0.2368,0.3428,0,0,0,0,0,0,0,0,0,0,0,0,0
5693,2019,0,58.11,6.41,4.04,0.83,0.3699469550352489,3.45,0.18,26.49,41.93,-0.02088386800874725,3.5273184926435355,0.2898593553458841,0.4,0.5,40,PUDP,2.3849272597185784,0,0.0,0.5811,0.0641,0.26489999999999997,0.4193,0,0,0,0,0,0,0,0,0,0,0,0,0
5692,2020,0,66.28,-42.16,7.37,1.18,0.44868162857927646,2.39,0.09,30.38,49.94,-0.016228570102863684,2.8470054282966966,0.23884750463174,0.42857142857142855,0.2857142857142857,37,PUDP,2.002402883460152,0,0.0,0.6628000000000001,-0.4216,0.3038,0.49939999999999996,0,0,0,0,0,0,0,0,0,0,0,0,0
5691,2021,0,74.47,-32.09,9.21,0.86,0.30920492284027906,3.22,0.07,32.23,52.59,0.014615162614345782,2.8228561705676443,0.3695085972924388,0.5,0.25,38,PUDP,1.9015021867275146,0,0.0,0.7447,-0.3209,0.3223,0.5259,0,0,0,0,0,0,0,0,0,0,0,0,0
5690,2022,0,75.48,59.18,6.09,3.61,3.381317088521555,37.51,0.63,0.36,0.4,4.36767150856375,84.5871826811368,0.19958276332703626,0.3333333333333333,0.0,34,PUDP,250.0,0,0.0,0.7548,0.5918,0.0036,0.004,0,0,0,0,0,0,0,0,0,1,0,0,1
5689,2023,0,59.16,0.98,23.66,8.7,7.165149473693908,2.79,0.1,0.38,0.39,-0.8523749467262536,97.67393014681583,0.37317679010011134,0.3333333333333333,0.2,34,PUDP,256.4102564102564,0,0.0,0.5916,0.0098,0.0038,0.0039000000000000003,0,0,0,0,0,0,0,0,0,0,0,0,0
5723,2013,0,63.42,37.51,1.3,0.93,0.7486601994294937,19.84,1.1,25.97,58.86,0.29183272831721724,2.74882245197422,3.1695464950854433,0.3333333333333333,0.0,32,PWON,1.6989466530750934,0,,0.6342,0.3751,0.2597,0.5886,0,0,0,0,0,0,0,0,0,0,0,0,0
5722,2014,0,60.23,67.11,1.41,0.98,0.7202249954705131,16.47,1.13,27.41,55.49,0.22318835035232049,2.810695523326495,2.994323710946244,0.4,0.5,34,PWON,1.8021265092809513,0,0.0,0.6023,0.6711,0.2741,0.5549000000000001,0,0,0,0,0,0,0,0,0,0,0,0,0
5721,2015,0,62.98,30.28,1.22,0.71,0.4711164676282831,15.29,0.87,26.14,51.91,0.2329179324559338,2.9298440641915002,2.5263904146635388,0.3333333333333333,0.2,36,PWON,1.9264110961279137,0,0.0,0.6297999999999999,0.3028,0.2614,0.5191,0,0,0,0,0,0,0,0,0,0,0,0,0
5720,2016,0,62.39,36.77,1.33,0.71,0.5336828208604237,17.97,0.71,25.35,47.55,0.23493941593565523,3.1881030438449773,2.469231527649162,0.3333333333333333,0.3333333333333333,37,PWON,2.1030494216614093,0,0.0,0.6239,0.3677,0.2535,0.4755,0,0,0,0,0,0,0,0,0,0,0,0,0
5719,2017,0,63.69,35.41,1.72,0.95,0.694770103585435,15.04,0.63,23.24,42.43,0.2527830869225413,3.26235903620767,2.5790058530730082,0.3333333333333333,0.2857142857142857,37,PWON,2.356823002592505,0,0.0,0.6369,0.35409999999999997,0.2324,0.4243,0,0,0,0,0,0,0,0,0,0,0,0,0
5718,2018,0,57.48,39.92,2.31,1.44,1.0887857406957324,13.42,0.82,22.3,36.44,0.3583762929719933,3.7293464043703146,1.9500767145856976,0.42857142857142855,0.14285714285714285,38,PWON,2.74423710208562,0,0.0,0.5748,0.3992,0.223,0.3644,0,0,0,0,0,0,0,0,0,0,0,0,0
5717,2019,0,61.78,44.98,2.86,1.81,1.2983127172093678,9.82,0.77,18.38,26.51,0.43337258445272786,4.911375941333277,1.5169935260952798,0.5,0.6,40,PWON,3.7721614485099964,0,0.0,0.6178,0.4498,0.1838,0.2651,0,0,0,0,0,0,0,0,0,0,0,0,0
5716,2020,0,59.16,28.14,1.98,0.94,0.6656914979776795,6.78,0.4,14.91,22.41,0.17690713752400855,4.890579893402455,1.3956373950331127,0.42857142857142855,0.0,37,PWON,4.462293618920125,0,0.0,0.5916,0.2814,0.1491,0.2241,0,0,0,0,0,0,0,0,0,0,0,0,0
5715,2021,0,56.73,27.14,3.79,2.48,2.134376989054872,23.32,0.58,19.77,29.76,0.23430829886296786,3.875905127782184,1.1651655353157029,0.42857142857142855,0.25,38,PWON,3.3602150537634405,0,0.0,0.5672999999999999,0.27140000000000003,0.1977,0.29760000000000003,0,0,0,0,0,0,0,0,0,0,0,0,0
5714,2022,0,61.82,30.58,4.65,3.22,2.8267494862684766,24.93,0.59,20.51,30.3,0.26325362630081134,3.8575340719424625,1.0599713355850804,0.0,0.3333333333333333,34,PWON,3.3003300330033003,0,0.0,0.6182,0.30579999999999996,0.2051,0.303,0,0,0,0,0,0,0,0,0,0,0,0,0
5713,2023,0,62.8,38.41,5.16,3.6,3.001341977156263,25.27,0.6,18.83,27.01,0.26829752919588784,4.087413166046447,0.9591637981064918,0.5,0.0,34,PWON,3.702332469455757,0,0.0,0.628,0.38409999999999994,0.1883,0.2701,0,0,0,0,0,0,0,0,0,0,0,0,0
5747,2013,0,69.43,3.22,1.54,0.8,0.1550980988717327,6.33,1.93,28.89,53.89,0.14994514913200171,3.8953482977978187,0.1798467875982225,0.3333333333333333,0.2,32,PYFA,1.8556318426424196,0,,0.6943,0.0322,0.2889,0.5389,0,0,0,0,0,0,0,0,0,0,0,0,0
5746,2014,0,64.2,1.2,1.63,0.95,0.060972956542834425,6.36,2.34,27.61,49.07,0.1323460888916047,4.535148490651684,0.743957992204002,0.5,0.0,34,PYFA,2.037905033625433,0,0.0,0.642,0.012,0.2761,0.4907,0,0,0,0,0,0,0,0,0,0,0,0,0
5745,2015,0,64.8,1.42,1.99,1.0,0.10204513504191261,6.24,2.24,20.94,33.08,0.1796231130236047,5.560493345917816,0.1271158441321257,0.5,0.0,36,PYFA,3.0229746070133015,0,0.0,0.648,0.014199999999999999,0.2094,0.3308,0,0,0,0,0,0,0,0,0,0,0,0,0
5744,2016,0,62.92,2.37,2.19,1.13,0.03598630236830972,6.29,2.1,16.6,26.28,0.15964996771961476,5.4668454174386305,1.0142851563728232,0.4,0.125,37,PYFA,3.80517503805175,0,0.0,0.6292,0.023700000000000002,0.166,0.26280000000000003,0,0,0,0,0,0,0,0,0,0,0,0,0
5743,2017,0,60.53,3.2,3.52,1.86,0.017066483217015874,5.87,2.28,6.43,9.43,0.22566429541751717,4.824498781433769,0.19313258187767204,0.4,0.0,37,PYFA,10.604453870625663,0,0.0,0.6053000000000001,0.032,0.0643,0.0943,0,0,0,0,0,0,0,0,0,0,0,0,0
5742,2018,0,60.33,3.37,2.76,1.5,0.05893790783616871,6.26,2.53,13.11,20.62,0.19870327690100936,4.399100020181059,0.18257281999178107,0.4,0.4,38,PYFA,4.849660523763336,0,0.0,0.6033,0.0337,0.1311,0.20620000000000002,0,0,0,0,0,0,0,0,0,0,0,0,0
5741,2019,0,56.74,3.78,3.53,1.9,0.19467530619711115,5.84,2.49,10.17,15.56,0.2154300236047265,4.209451389408622,0.1823748926807106,0.4,0.3333333333333333,40,PYFA,6.4267352185089965,0,0.0,0.5674,0.0378,0.1017,0.15560000000000002,0,0,0,0,0,0,0,0,0,0,0,0,0
5740,2020,0,59.08,7.97,2.89,1.75,0.2153341623291481,5.42,2.38,15.54,22.53,0.4426154941006402,7.017612385097219,0.7105878041467277,0.5,0.0,37,PYFA,4.438526409232135,0,0.0,0.5908,0.0797,0.15539999999999998,0.2253,0,0,0,0,0,0,0,0,0,0,0,0,0
5739,2021,0,38.79,0.87,1.3,0.72,0.1895393653411477,7.82,3.92,55.67,268.59,0.07997336163982768,1.4314690106772396,0.6978224684240697,0.5,0.0,38,PYFA,0.37231468036784693,0,0.0,0.38789999999999997,0.0087,0.5567,2.6858999999999997,0,0,0,0,0,0,0,0,0,0,0,0,0
5738,2022,0,35.06,38.5,1.82,1.11,0.459263414120505,5.66,2.61,59.85,205.72,0.3203544131186063,1.5665273714373718,0.22464644803465222,0.3333333333333333,0.25,34,PYFA,0.4860976083997667,0,0.0,0.3506,0.385,0.5985,2.0572,0,0,0,0,0,0,0,0,0,0,0,0,0
5737,2023,0,42.06,-12.14,1.94,1.17,0.3063169470914415,4.01,1.87,64.88,276.42,0.0015096732407866096,1.4101973783430646,1.7158659831138976,0.4,0.6666666666666666,34,PYFA,0.3617683235655886,0,0.0,0.42060000000000003,-0.12140000000000001,0.6487999999999999,2.7642,0,0,0,0,0,0,0,0,0,0,0,0,0
5795,2013,0,17.68,5.46,1.01,1.0,0.4423787182435846,11.04,810.53,43.74,100.33,0.18024552667964866,2.2526749533593424,1.0408838988746199,0.5,0.0,32,RAJA,0.996710854181202,0,,0.17679999999999998,0.0546,0.4374,1.0033,0,0,0,0,0,0,1,0,0,0,0,0,1
5794,2014,0,15.77,4.46,0.92,0.92,0.5854263547572198,14.2,2233.48,28.2,58.48,0.27855892023950984,3.9092546927336693,1.7555346680953527,0.5,0.5,34,RAJA,1.7099863201094392,0,0.0,0.1577,0.0446,0.282,0.5848,0,0,0,0,0,0,1,0,0,0,0,0,1
5793,2015,0,17.36,4.77,2.2,1.85,1.04157864308956,14.59,42.33,32.59,58.75,0.2707452710701191,2.8197915545991523,0.6824221563277945,0.4,0.0,36,RAJA,1.702127659574468,0,0.0,0.1736,0.04769999999999999,0.3259,0.5875,0,0,0,0,0,0,0,0,0,0,0,0,0
5792,2016,0,12.95,4.13,1.45,1.28,0.5762458121519074,14.08,28.3,30.95,49.13,0.27474018446411497,3.9328641183750355,0.6550387850444477,0.3333333333333333,0.0,37,RAJA,2.0354162426216162,0,0.0,0.1295,0.041299999999999996,0.3095,0.4913,0,0,0,0,0,0,0,0,0,0,0,0,0
5791,2017,0,16.36,9.26,2.28,1.95,0.5931032474534231,7.59,22.01,9.79,12.25,0.04282110138724422,14.97666847945486,0.7499721349647278,0.0,0.0,37,RAJA,8.16326530612245,0,0.0,0.1636,0.0926,0.09789999999999999,0.1225,0,0,0,0,0,0,0,0,0,0,0,0,0
5790,2018,0,17.28,10.53,3.75,3.74,1.1235501321612187,3.68,27.38,24.54,35.59,0.36088663526287706,4.173647442681141,0.7231194402286998,0.3333333333333333,0.0,38,RAJA,2.8097780275358244,0,0.0,0.1728,0.10529999999999999,0.24539999999999998,0.35590000000000005,0,0,0,0,0,0,0,0,0,0,0,0,0
5789,2019,0,13.91,5.19,3.01,3.0,0.9285094476050708,3.02,685.6,24.79,36.45,0.1996525083050753,4.585413645127978,0.46909836122674287,0.3333333333333333,0.0,40,RAJA,2.743484224965706,0,0.0,0.1391,0.0519,0.24789999999999998,0.36450000000000005,0,0,0,0,0,0,1,0,0,0,0,0,1
5788,2020,0,16.23,2.55,2.82,2.81,1.779478205428148,3.48,361.46,18.66,25.23,0.19024854306174271,6.7085384083190505,0.6156009234532668,0.6,0.0,37,RAJA,3.9635354736424886,0,0.0,0.1623,0.0255,0.1866,0.2523,0,0,0,0,0,0,0,0,0,0,0,0,0
5787,2021,0,14.47,3.46,3.3,3.27,1.8816771507155479,5.6,209.35,43.97,86.3,0.03446572121455652,2.2416405229544942,0.4314992414206365,0.3333333333333333,0.0,38,RAJA,1.1587485515643106,0,0.0,0.1447,0.0346,0.4397,0.863,0,0,0,0,0,0,0,0,0,0,0,0,0
5786,2022,0,19.68,8.56,2.17,2.14,1.115534240629959,6.53,163.31,42.89,83.98,0.0656278265379873,2.3244166554850803,2.132920298359764,0.3333333333333333,0.14285714285714285,34,RAJA,1.1907597046915932,0,0.0,0.1968,0.08560000000000001,0.4289,0.8398,0,0,0,0,0,0,0,0,0,0,0,0,0
5785,2023,0,32.18,13.33,1.43,1.42,0.6187814330996523,6.65,190.93,41.51,88.27,0.23923245422134512,2.312389651436707,2.505144671831545,0.5,0.3333333333333333,34,RAJA,1.1328877308258753,0,0.0,0.3218,0.1333,0.41509999999999997,0.8826999999999999,0,0,0,0,0,0,0,0,0,0,0,0,0
5819,2013,0,35.67,6.51,2.46,1.56,1.321600179370894,390.67,4.72,0.26524383837959364,0.3609957319645117,0.31541392389259376,17.246861396438707,2.3380044144374046,0.42857142857142855,0.16666666666666666,32,RALS,277.01158530547576,0,,0.3567,0.06509999999999999,0.0026524383837959365,0.003609957319645117,0,0,0,0,0,1,0,0,0,0,0,0,1
5818,2014,0,34.94,6.06,2.79,1.95,1.7444839717883631,269.05,4.54,0.2624165498816928,0.35577879335497775,0.24845635113200917,15.7553848451308,1.6686793987224684,0.4,0.25,34,RALS,281.0735262127474,0,0.0,0.3494,0.060599999999999994,0.002624165498816928,0.0035577879335497776,0,0,0,0,0,1,0,0,0,0,0,0,1
5817,2015,0,36.07,6.07,2.95,2.09,1.9031730999385985,194.42,4.33,0.27128438104930724,0.372277434426259,0.18929498025944727,12.897519717354841,1.3728821490405554,0.75,0.0,36,RALS,268.61687212956247,0,0.0,0.3607,0.060700000000000004,0.0027128438104930723,0.00372277434426259,0,0,0,0,0,1,0,0,0,0,0,0,1
5816,2016,0,37.6,6.97,2.81,1.98,1.8124751605828058,137.27,4.41,0.2818178316418152,0.392404384372381,0.28111727918998786,12.10138742436691,2.540816965547122,0.3333333333333333,0.4,37,RALS,254.83915058681595,0,0.0,0.376,0.0697,0.002818178316418152,0.00392404384372381,0,0,0,0,0,0,0,0,0,0,0,0,0
5815,2017,0,39.35,7.23,2.95,2.24,2.0583593988404028,103.31,4.33,0.2856907775716784,0.39995392555686404,0.268634930311532,11.014257588045979,2.436851541562153,0.0,0.0,37,RALS,250.02879984430191,0,0.0,0.3935,0.0723,0.002856907775716784,0.003999539255568641,0,0,0,0,0,0,0,0,0,0,0,0,0
5814,2018,0,43.67,10.23,3.25,2.47,2.288455257777229,120.96,4.04,0.2699922392456142,0.36984845060634125,0.42090673659314687,12.868586950791816,2.6326354388609694,0.4,0.0,38,RALS,270.38101642999135,0,0.0,0.43670000000000003,0.1023,0.0026999223924561422,0.0036984845060634127,0,0,0,0,0,0,0,0,0,0,0,0,0
5813,2019,0,44.57,11.58,3.54,2.84,2.6705798854916796,152.78,3.76,0.26211316708505733,0.3552213637552082,0.3975324348214219,13.074930124111164,1.812752912617866,0.5,0.25,40,RALS,281.5145996368407,0,0.0,0.4457,0.1158,0.0026211316708505735,0.0035522136375520817,0,0,0,0,0,0,0,0,0,0,0,0,0
5812,2020,0,42.63,-5.49,3.46,2.92,2.846179690555259,61.54,2.26,0.2963877743548137,0.4212373855258657,-0.19872529004630782,6.803138498414522,1.4788326381165253,0.16666666666666666,0.25,37,RALS,237.39583293434808,0,0.0,0.4263,-0.054900000000000004,0.0029638777435481373,0.0042123738552586575,0,0,0,0,0,0,0,0,0,0,0,0,0
5811,2021,0,46.67,6.41,3.59,2.94,2.865710924880292,54.02,2.55,0.28638681364733465,0.40131939701265995,0.11535856407957196,7.561637609462484,1.2826603194315085,0.6,0.2,38,RALS,249.17808793788606,0,0.0,0.4667,0.0641,0.0028638681364733464,0.0040131939701266,0,0,0,0,0,0,0,0,0,0,0,0,0
5810,2022,0,50.45,11.75,3.66,3.0,2.903177347702158,68.48,2.45,0.2877946879475786,0.40408949930212773,0.14522001967294068,7.518063990545818,1.0848185693028465,0.5,0.16666666666666666,34,RALS,247.46992973760123,0,0.0,0.5045000000000001,0.1175,0.002877946879475786,0.004040894993021277,0,0,0,0,0,0,0,0,0,0,0,0,0
5809,2023,0,50.71,10.94,3.73,3.06,2.964905275911444,70.15,2.25,0.2691484782485675,0.36826697384931595,0.1250337771165728,9.023439252168764,1.0215183458426778,0.3,0.25,34,RALS,271.54213410653836,0,0.0,0.5071,0.1094,0.0026914847824856753,0.0036826697384931594,0,0,0,0,0,0,0,0,0,0,0,0,0
5843,2013,0,26.16,2.55,1.59,0.77,0.23924085282919194,35.48,4.91,0.44231384865307044,0.79312324249901,0.12690329604247672,11.954385321170978,2.6001473479318435,0.5,0.125,32,RANC,126.08380973039611,0,,0.2616,0.0255,0.004423138486530705,0.0079312324249901,0,0,0,0,0,0,0,0,0,0,0,0,0
5842,2014,0,26.03,0.57,1.31,0.72,0.27975063411049816,43.92,5.9,0.4835757878581958,0.9363925557491317,0.04092155508532858,6.925832257986076,1.7229599007270882,0.5,0.0,34,RANC,106.79281823209082,0,0.0,0.26030000000000003,0.005699999999999999,0.0048357578785819585,0.009363925557491317,0,0,0,0,0,0,0,0,0,0,0,0,0
5841,2015,0,24.37,-1.05,1.33,0.67,0.2974956890137607,45.0,7.58,0.4623559169961756,0.85996653102003,-0.04184496697485933,11.341617691432289,1.3727079230289039,0.4,0.6666666666666666,36,RANC,116.28359522479003,0,0.0,0.2437,-0.0105,0.004623559169961756,0.008599665310200299,0,0,0,0,0,0,0,0,0,0,0,0,0
5840,2016,0,24.6,1.92,1.59,0.77,0.3984423754519584,46.43,7.65,0.4022528226199966,0.672948092173548,0.1431547973668824,13.068026693320105,1.923321322363365,0.3333333333333333,0.0,37,RANC,148.59987146558518,0,0.0,0.24600000000000002,0.0192,0.004022528226199966,0.00672948092173548,0,0,0,0,0,0,0,0,0,0,0,0,0
5839,2017,0,24.71,1.72,1.6,0.8,0.551725382708644,53.01,7.34,0.42712554255366314,0.7455831500122352,0.0909014320496182,12.178640273623353,1.120881112326716,0.3333333333333333,0.3333333333333333,37,RANC,134.12320275526477,0,0.0,0.24710000000000001,0.0172,0.004271255425536632,0.007455831500122352,0,0,0,0,0,0,0,0,0,0,0,0,0
5838,2018,0,25.27,2.12,1.56,0.91,0.7066740063709125,56.34,7.53,0.44243148291373396,0.7935015506718106,0.08761487026262132,10.826783908950828,0.9746154129012533,0.4,0.0,38,RANC,126.02369827171218,0,0.0,0.2527,0.0212,0.00442431482913734,0.007935015506718107,0,0,0,0,0,0,0,0,0,0,0,0,0
5837,2019,0,27.08,2.31,1.64,0.86,0.7368157240637064,72.36,6.98,0.4248762601375514,0.7387562548525094,0.07104395649046184,10.770367703783743,0.953880502802197,0.3333333333333333,0.3333333333333333,40,RANC,135.36264409695553,0,0.0,0.2708,0.0231,0.004248762601375514,0.007387562548525094,0,0,0,0,0,0,0,0,0,0,0,0,0
5836,2020,0,26.11,2.52,1.22,0.62,0.5429599279527006,117.4,7.61,0.5872258347806982,1.42263223876409,0.11611734187104526,3.080928728055388,1.2527286753377636,0.4,0.0,37,RANC,70.29223524898809,0,0.0,0.2611,0.0252,0.005872258347806982,0.0142263223876409,0,0,0,0,0,0,0,0,0,0,0,0,0
5835,2021,0,23.52,0.34,0.9,0.25,0.19786817537629053,107.84,6.08,0.6646481948700834,1.9819430958858157,0.022827752844161737,2.363731232940908,5.553692359152894,0.25,0.0,38,RANC,50.45553538221323,0,0.0,0.2352,0.0034000000000000002,0.006646481948700834,0.01981943095885816,0,0,0,0,0,0,0,0,0,0,0,0,0
5834,2022,0,22.44,-2.89,0.84,0.22,0.1641187930332277,102.25,5.62,0.6852984356766133,2.177613692992012,-0.07236816797110197,2.3853844077637056,2.991423377803006,0.4,0.0,34,RANC,45.92182732953031,0,0.0,0.22440000000000002,-0.028900000000000002,0.0068529843567661335,0.021776136929920118,0,0,0,0,0,0,0,0,0,0,0,0,0
5833,2023,0,23.57,-4.32,0.78,0.24,0.18546679728876989,105.63,5.74,0.7601076135223996,3.168535795083991,-0.08928695266742495,2.051428910341996,3.5034712372160413,0.4444444444444444,0.1111111111111111,34,RANC,31.56031885615773,0,0.0,0.2357,-0.0432,0.007601076135223996,0.03168535795083991,0,0,0,0,0,0,0,0,0,0,0,0,0
5867,2013,0,58.71,-68.07,3.03,1.93,1.65274668359548,2.734046549647168,0.6594955745332018,0.19599912753467508,0.24377974483246365,0.029992400987717924,43.78138622956139,0.23258066225321825,0.5,0.0,32,RBMS,410.20635274158843,0,,0.5871,-0.6807,0.001959991275346751,0.0024377974483246363,0,0,0,0,0,0,0,0,0,0,0,0,0
5866,2014,0,48.97,6.11,4.66,2.99,2.082111491707612,6.815669534848799,1.4215728310136835,0.14357147755586644,0.16763976653431914,0.42642284749598147,81.0133115952,0.2152063424095377,0.3333333333333333,0.25,34,RBMS,596.5171752940138,0,0.0,0.48969999999999997,0.0611,0.0014357147755586644,0.0016763976653431914,0,0,0,0,0,0,0,0,0,0,0,0,0
5865,2015,0,45.56,-18.18,3.95,2.33,1.985290762466923,3.122315081465158,0.6312432424437633,0.09440799280502087,0.10425002877719144,-0.12659785200399012,119.43653564100228,0.11883039455991322,0.3333333333333333,0.0,36,RBMS,959.232349122178,0,0.0,0.4556,-0.1818,0.0009440799280502086,0.0010425002877719144,0,0,0,0,0,0,0,0,0,0,0,0,0
5864,2016,0,41.01,-38.45,10.06,5.69,4.554877119039105,4.506097724591919,1.0900747332637655,0.033529667033399824,0.03469290871089631,-0.027234762425908738,88.27306940863325,0.1715621077588266,0.2857142857142857,0.0,37,RBMS,2882.433434259495,0,0.0,0.41009999999999996,-0.3845,0.0003352966703339982,0.0003469290871089631,0,0,0,0,0,0,0,1,1,0,0,0,2
5863,2017,0,55.83,12.08,1.44,0.85,0.2349055342437705,3.893147724377031,2.905359687856184,0.46525719300735985,0.8700578800188767,0.11478944192515993,2.9091667151862173,0.33656683144173855,0.3333333333333333,0.4,37,RBMS,114.93488226074155,0,0.0,0.5583,0.1208,0.004652571930073598,0.008700578800188768,0,0,0,0,0,0,0,0,0,0,0,0,0
5862,2018,0,45.9,4.57,2.11,1.73,1.3585196570416607,4.623231070359564,3.4194772852960575,0.2992966817163192,0.4271375258421499,0.06923331872991724,5.922718008503686,0.39682193918629266,0.5,0.2,38,RBMS,234.1166344559371,0,0.0,0.45899999999999996,0.045700000000000005,0.002992966817163192,0.0042713752584214995,0,0,0,0,0,0,0,0,0,0,0,0,0
5861,2019,0,62.72,-25.09,2.67,1.75,0.23931378880833512,2.913334978964388,1.8743548118094786,0.25076024551956994,0.33468625232448174,-0.04330100503824405,5.103906874725624,0.29888034256756885,0.3333333333333333,0.0,40,RBMS,298.7872949829113,0,0.0,0.6272,-0.2509,0.0025076024551956995,0.003346862523244817,0,0,0,0,0,0,0,0,0,0,0,0,0
5860,2020,0,36.1,-179.42,2.08,1.28,0.1931452923124161,1.4918952527408547,0.6384594359057264,0.26391853291004275,0.3585452761817586,-0.17597547776003367,4.714107730666286,0.23726773656068215,0.75,0.5454545454545454,37,RBMS,278.9048040596877,0,0.0,0.361,-1.7941999999999998,0.0026391853291004275,0.003585452761817586,0,0,0,0,0,0,0,0,0,0,0,0,0
5859,2021,0,52.62,-53.21,2.79,2.06,1.48478798006147,2.400289347704098,1.7981920316064695,0.27876304333352464,0.38650687649445314,-0.07011348991729631,4.073642036507076,0.3916425309431269,0.0,0.2,38,RBMS,258.727608954805,0,0.0,0.5262,-0.5321,0.0027876304333352463,0.0038650687649445315,0,0,0,0,0,0,0,0,0,0,0,0,0
5858,2022,0,37.2,-34.32,2.01,1.16,0.47643014348472956,3.8474466632315125,3.251327338210259,0.27722723303302577,0.3835607063564047,-0.13847551216105078,4.2991294283650445,0.25606166866673397,0.6666666666666666,0.0,34,RBMS,260.714922938639,0,0.0,0.37200000000000005,-0.3432,0.0027722723303302576,0.0038356070635640472,0,0,0,0,0,0,0,0,0,0,0,0,0
5857,2023,0,47.14,-11.53,2.37,0.92,0.5250356621973745,7.405353038514091,1.8642275409540894,0.30030282642211664,0.4291897091516405,-0.029458045280331326,4.383039202142258,0.2665594108522643,0.5,0.0,34,RBMS,232.99719883234243,0,0.0,0.4714,-0.1153,0.0030030282642211662,0.004291897091516405,0,0,0,0,0,0,0,0,0,0,0,0,0
5891,2013,0,59.94,47.41,0.24,0.2,0.02182541484938679,7.15,11.96,0.25967767767171,0.3507629985477569,0.5769499867913709,18.436123159044,1.1480581735031863,0.3333333333333333,0.2,32,RDTX,285.0927846267253,0,,0.5993999999999999,0.47409999999999997,0.0025967767767171002,0.003507629985477569,0,0,0,0,0,0,0,0,0,0,0,0,0
5890,2014,0,64.59,51.71,0.9,0.89,0.41703870386509706,7.51,20.42,0.17749727991947328,0.21580145036127724,0.8861553144562814,16.343371629425416,1.0440265090805707,0.5,0.0,34,RDTX,463.388915285732,0,0.0,0.6459,0.5171,0.0017749727991947328,0.0021580145036127723,0,0,0,0,0,0,0,0,0,0,0,0,0
5889,2015,0,73.7,60.69,2.06,2.06,1.6335182000987847,6.56,83.15,0.15094536294173513,0.1777805059338917,1.0287245789485169,18.29421996218823,1.0146172393198303,0.3333333333333333,0.0,36,RDTX,562.4913680760103,0,0.0,0.737,0.6069,0.0015094536294173514,0.001777805059338917,0,0,0,0,0,0,0,0,0,0,0,0,0
5888,2016,0,74.16,63.26,3.25,3.25,2.7072293963156375,7.43,123.19,0.13002981715547868,0.14946468249098283,0.9944819757279691,19.54485048722444,1.4700870686791347,0.3333333333333333,0.0,37,RDTX,669.0543768159611,0,0.0,0.7415999999999999,0.6325999999999999,0.0013002981715547867,0.0014946468249098282,0,0,0,0,0,0,0,0,0,0,0,0,0
5887,2017,0,78.8,62.9,4.62,4.61,4.219112360437908,12.09,66.09,0.09888346283170926,0.10973437813320473,1.1049688410990677,20.36909524935362,0.7848321201509776,0.3333333333333333,0.0,37,RDTX,911.2914448616244,0,0.0,0.7879999999999999,0.629,0.0009888346283170926,0.0010973437813320474,0,0,0,0,0,0,0,0,0,0,0,0,0
5886,2018,0,79.2,66.99,4.5,4.48,4.132921048991112,33.35,57.17,0.08433312025561815,0.09210021910933443,1.2240604797512502,26.051952156132995,0.6390530355454467,0.4,0.0,38,RDTX,1085.7737469797717,0,0.0,0.792,0.6698999999999999,0.0008433312025561815,0.0009210021910933442,0,0,0,0,0,0,0,0,0,0,0,0,0
5885,2019,0,77.13,58.4,2.09,2.08,1.5129974493983496,39.25,69.11,0.09696148936890638,0.10737248547810468,0.9283613484613281,20.40894428610006,0.5908968423933436,0.5,0.0,40,RDTX,931.3372932993334,0,0.0,0.7713,0.584,0.0009696148936890638,0.0010737248547810468,0,0,0,0,0,0,0,0,0,0,0,0,0
5884,2020,0,80.34,59.09,2.75,2.74,1.9274998266048575,21.12,66.69,0.07889775004748044,0.0856557999410588,1.1251854487158723,23.345862104232314,0.5156666480178483,0.3333333333333333,0.0,37,RDTX,1167.4632665716938,0,0.0,0.8034,0.5909,0.0007889775004748043,0.000856557999410588,0,0,0,0,0,0,0,0,1,0,0,0,1
5883,2021,0,80.0,47.48,3.16,3.15,2.6938835042782667,12.63,56.17,0.08112172954636741,0.08828343443829527,0.8032110408064241,27.53430937497864,0.6206746764993573,0.3333333333333333,0.0,38,RDTX,1132.7153348332172,0,0.0,0.8,0.47479999999999994,0.0008112172954636742,0.0008828343443829527,0,0,0,0,0,0,0,0,0,0,0,0,0
5882,2022,0,80.68,53.21,2.63,2.62,2.3944291750764153,14.15,51.42,0.12245363966227889,0.13954093503977724,0.6853359929315156,20.88381797428885,0.838719534533444,0.3333333333333333,0.2,34,RDTX,716.6355877685227,0,0.0,0.8068000000000001,0.5321,0.001224536396622789,0.0013954093503977724,0,0,0,0,0,0,0,0,0,0,0,0,0
5881,2023,0,77.34,56.95,2.06,2.05,1.8740401996121627,12.76,52.38,0.16136110208095208,0.19240832076993397,0.5297935791481175,19.244837787118023,1.325275138571538,0.3333333333333333,0.0,34,RDTX,519.7280429445241,0,0.0,0.7734000000000001,0.5695,0.0016136110208095208,0.0019240832076993398,0,0,0,0,0,0,0,0,0,0,0,0,0
5915,2013,0,27.7,0.89,1.77,0.9,0.12459322301652785,3.99,2.04,51.86,150.99,0.15875458634227674,2.498770891312424,0.2912380988675938,0.3333333333333333,0.0,32,RICY,0.6622955162593549,0,,0.27699999999999997,0.0089,0.5186,1.5099,0,0,0,0,0,0,0,0,0,0,0,0,0
5914,2014,0,20.38,1.27,1.75,0.83,0.07604502396053606,4.07,2.21,54.85,162.04,0.07984196251142404,2.3610047967188197,0.28174401607116156,0.2857142857142857,0.0,34,RICY,0.6171315724512466,0,0.0,0.20379999999999998,0.0127,0.5485,1.6203999999999998,0,0,0,0,0,0,0,0,0,0,0,0,0
5913,2015,0,25.9,1.21,1.19,0.57,0.07172012789862386,3.92,1.85,56.09,167.99,0.12521099287640824,6.006196158698015,0.25503231360192374,0.3,0.0,36,RICY,0.5952735281862015,0,0.0,0.259,0.0121,0.5609000000000001,1.6799000000000002,0,0,0,0,0,0,0,0,0,0,0,0,0
5912,2016,0,22.53,1.15,1.15,0.54,0.07580458066196165,4.05,2.0,53.3,166.52,0.07649634075220348,8.578559902192298,0.23975306754804873,0.3333333333333333,0.0,37,RICY,0.6005284650492433,0,0.0,0.2253,0.0115,0.5329999999999999,1.6652,0,0,0,0,0,0,0,0,0,0,0,0,0
5911,2017,0,19.28,1.03,1.19,0.53,0.08846771736961177,4.99,2.4,43.03,137.45,0.10228169984766305,7.063955515700178,0.22378286825539578,0.42857142857142855,0.2,37,RICY,0.7275372862859223,0,0.0,0.1928,0.0103,0.4303,1.3744999999999998,0,0,0,0,0,0,0,0,0,0,0,0,0
5910,2018,0,16.63,0.88,1.22,0.53,0.13192548236201124,6.58,2.79,39.69,137.36,0.11866360762235097,5.431169894159729,0.23654625252960484,0.4,0.0,38,RICY,0.728013977868375,0,0.0,0.1663,0.0088,0.3969,1.3736000000000002,0,0,0,0,0,0,0,0,0,0,0,0,0
5909,2019,0,15.05,0.8,1.26,0.52,0.14558527475134925,6.78,2.51,56.18,199.01,0.08420488199543642,4.754665561779323,0.20873299438748524,0.3333333333333333,0.5,40,RICY,0.502487312195367,0,0.0,0.1505,0.008,0.5618,1.9901,0,0,0,0,0,0,0,0,0,0,0,0,0
5908,2020,0,15.58,-6.03,1.35,0.64,0.0405806123528567,3.77,1.41,65.04,302.89,0.012997558756882879,2.2904868566067953,0.19517068844651722,0.3333333333333333,0.3333333333333333,37,RICY,0.33015286077453865,0,0.0,0.1558,-0.0603,0.6504000000000001,3.0288999999999997,0,0,0,0,0,0,0,0,0,0,0,0,0
5907,2021,0,14.4,-4.8,2.69,1.26,0.06932132031511941,3.5,1.54,69.3,386.86,0.033115944345304044,1.3540339893993543,0.1987479796909075,0.5,0.2,38,RICY,0.2584914439332058,0,0.0,0.14400000000000002,-0.048,0.693,3.8686000000000003,0,0,0,0,0,0,0,0,0,0,0,0,0
5906,2022,0,17.46,-5.71,1.35,0.57,0.02908237673005854,2.78,1.27,72.42,505.45,0.034980395617032305,1.6475877773365681,0.2266874335207075,0.3333333333333333,0.0,34,RICY,0.19784350578692256,0,0.0,0.1746,-0.0571,0.7242000000000001,5.0545,0,0,0,0,0,0,0,0,0,0,0,0,0
5905,2023,0,21.55,-6.99,1.32,0.57,0.024211636270997698,1.86,0.87,75.82,682.28,0.010572868857223217,1.476722179282895,0.41433283829832523,0.3333333333333333,0.3333333333333333,34,RICY,0.14656739168669755,0,0.0,0.2155,-0.0699,0.7582,6.8228,0,0,0,0,0,0,0,0,0,0,0,0,0
5939,2013,0,8.4,-3.61,1.62,1.56,0.4543726455788719,-0.02881978924396831,-0.4843742538559136,0.3785974296274167,0.6092627351065116,-0.012062714253640226,3.9121455695355496,0.1250581590031878,0.6,0.375,32,RIGS,164.1328022179429,0,,0.084,-0.0361,0.003785974296274167,0.006092627351065116,0,0,0,0,0,1,0,0,0,0,0,0,1
5938,2014,0,5.12,-10.71,1.89,1.82,0.5347852354385263,-0.1702134705656755,-2.9663021855810188,0.35529916766544006,0.551107040421908,-0.07083897838854869,3.7578822507686005,0.14136918236866486,0.6,0.0,34,RIGS,181.45295317483797,0,0.0,0.0512,-0.10710000000000001,0.0035529916766544006,0.005511070404219079,0,0,0,0,0,1,1,0,0,0,0,0,2
5937,2015,0,11.68,-4.97,1.95,1.91,0.438962894792219,0.04599832284559551,1.4452134253969058,0.32009270636606096,0.4707887521771438,0.024202949960731416,4.3964250685195205,0.1129463174811309,0.5,0.0,36,RIGS,212.40949266003912,0,0.0,0.1168,-0.049699999999999994,0.0032009270636606094,0.004707887521771438,0,0,0,0,0,0,0,0,0,0,0,0,0
5936,2016,0,-12.77,-41.12,1.27,1.24,0.192851953720167,-0.5193481444986027,-17.416945431401743,0.33766065896611974,0.509800094972175,-0.2615528971872574,4.878220878882095,0.08883621774550977,0.8,0.5555555555555556,37,RIGS,196.15531849882848,0,0.0,-0.1277,-0.41119999999999995,0.0033766065896611974,0.00509800094972175,0,0,0,0,0,1,1,0,0,0,0,0,2
5935,2017,0,-23.27,-61.13,0.52,0.49,0.20169962030386077,-0.8921848446853241,-8.710865056051972,0.34829309226869304,0.5344321015058368,-0.2514288215243686,76.31711662971394,0.13852509469893617,0.6666666666666666,0.5,37,RIGS,187.11450850021188,0,0.0,-0.2327,-0.6113000000000001,0.0034829309226869303,0.005344321015058368,0,0,0,0,0,1,1,0,0,0,0,0,2
5934,2018,0,-10.17,-60.17,0.52,0.48,0.10285218796405905,-0.5152644314258079,-4.814211178641582,0.35477973962845555,0.5498583374058322,-0.18650661990283862,59.10973193827002,0.21584170180493303,0.3333333333333333,0.0,38,RIGS,181.86502449301466,0,0.0,-0.1017,-0.6017,0.0035477973962845556,0.005498583374058322,0,0,0,0,0,1,1,0,0,0,0,0,2
5933,2019,0,-16.74,-30.15,0.95,0.88,0.20003258914826885,-0.7379910087848748,-5.105967395979593,0.31734261062436303,0.4648636571698935,-0.36242123071311394,51.215155711033745,0.3006525774987066,0.5,0.5,40,RIGS,215.11683793223062,0,0.0,-0.1674,-0.3015,0.0031734261062436302,0.004648636571698935,0,0,0,0,0,1,1,0,0,0,0,0,2
5932,2020,0,20.52,4.26,2.39,2.1,0.7224663657581286,0.5373207649094335,2.4119050267771254,0.08811630766016812,0.09663108179297257,0.5856666514456279,62.39176722741777,0.2931911189516606,0.5,0.0,37,RIGS,1034.8637120118883,0,0.0,0.2052,0.0426,0.0008811630766016812,0.0009663108179297257,0,0,0,0,0,0,0,0,0,0,0,0,0
5931,2021,0,2.56,-28.67,3.77,3.41,0.932982299420575,-0.3986203155708764,-1.3262277072187467,0.08263727095306367,0.09008134768993387,-0.3842196363517613,57.17526442559471,0.21971632593871165,0.4,0.0,38,RIGS,1110.1077255660828,0,0.0,0.0256,-0.2867,0.0008263727095306366,0.0009008134768993387,0,0,0,0,0,1,1,0,0,0,0,0,2
5930,2022,0,22.33,11.57,6.9,6.43,3.115576583256905,0.5430879764532297,3.685170921103124,0.04899481459254156,0.05151897733423535,1.526494116107816,162.21654311682292,0.6222304820713149,0.3333333333333333,0.0,34,RIGS,1941.032318076471,0,0.0,0.22329999999999997,0.1157,0.0004899481459254157,0.0005151897733423535,0,0,0,0,0,0,0,1,1,0,0,0,2
5929,2023,0,32.17,18.29,16.02,15.59,10.416086726215509,1.0299719595735035,9.592643147049126,0.027978059944417013,0.028783362588314775,3.433957744538233,222.3291245336838,0.4161850022603372,0.3333333333333333,0.0,34,RIGS,3474.229242437336,0,0.0,0.32170000000000004,0.18289999999999998,0.0002797805994441701,0.00028783362588314775,0,0,0,1,0,0,0,1,1,1,0,0,4
5963,2013,0,41.15,-7.97,1.64,0.29,0.06647338118820247,16.8,0.66,20.013644791605024,1.0980343192624809,-0.05018369133789389,1.8404133195298065,2.1826138955982355,0.3333333333333333,0.3333333333333333,32,RMBA,91.07183468287879,0,,0.4115,-0.0797,0.20013644791605023,0.010980343192624809,0,0,0,0,0,0,0,0,0,0,0,0,0
5962,2014,0,41.54,-24.3,1.18,0.24,0.07303022772422496,17.53,0.62,14.97014675286594,0.9687346110439958,-0.12115589286948224,1.2413315330127492,4.679631065979486,0.4,0.14285714285714285,34,RMBA,103.22744625819756,0,0.0,0.4154,-0.243,0.1497014675286594,0.009687346110439959,0,0,0,0,0,0,0,0,0,0,0,0,0
5961,2015,0,30.83,-42.69,1.02,0.23,0.009081449809227411,9.69,0.77,6.577510373754495,1.0347892203079212,-0.07578595705715825,0.7751782987148874,-2.938866498209656,0.3333333333333333,0.0,36,RMBA,96.63803800569463,0,0.0,0.30829999999999996,-0.4269,0.06577510373754496,0.010347892203079212,0,0,0,0,0,0,0,0,0,0,0,1,1
5960,2016,0,32.79,-31.32,2.2,0.47,0.05666223517689884,7.16,0.64,7.939807275216395,0.8773047525900166,-0.05509446688750955,0.7454423674312474,-1.172654018712781,0.5,0.0,37,RMBA,113.98547620399378,0,0.0,0.32789999999999997,-0.3132,0.07939807275216394,0.008773047525900166,0,0,0,0,0,0,0,0,0,0,0,0,0
5959,2017,0,32.94,-32.39,2.4,0.58,0.08732687658677787,6.48,0.69,4.846937615685767,0.9744787598685241,-0.24312632396063508,24.37486971139682,1.8660592205556674,0.42857142857142855,0.0,37,RMBA,102.61896320191929,0,0.0,0.32939999999999997,-0.3239,0.04846937615685767,0.00974478759868524,0,0,0,0,0,0,0,0,0,0,0,0,0
5958,2018,0,33.33,-7.63,1.92,0.68,0.034419462089379294,3.8,0.68,3.170913690777552,1.082446511221577,-0.08108911597216086,19.90263638404867,1.550083292524264,0.42857142857142855,0.0,38,RMBA,92.38331775594773,0,0.0,0.3333,-0.07629999999999999,0.03170913690777552,0.010824465112215772,0,0,0,0,0,0,0,0,0,0,0,0,0
5957,2019,0,37.33,-8.53,1.59,0.63,0.04629514283595798,3.34,0.77,3.114855020274901,1.2380228036616598,-0.035305110001845365,18.24732661387584,1.357541701973387,0.5,0.0,40,RMBA,80.77395642813141,0,0.0,0.37329999999999997,-0.08529999999999999,0.03114855020274901,0.012380228036616599,0,0,0,0,0,0,0,0,0,0,0,0,0
5956,2020,0,37.59,0.62,1.91,0.88,0.01802151298386625,3.13,0.85,2.785388846846908,1.3116695751113838,0.037673426187044605,4.340227035360918,1.4297649831705537,0.0,0.0,37,RMBA,76.23871278062407,0,0.0,0.3759,0.0062,0.02785388846846908,0.013116695751113839,0,0,0,0,0,0,0,0,0,0,0,0,0
5955,2021,0,17.74,-48.9,2.2,1.17,0.051773948900486776,1.91,0.89,1.9629042184480172,1.4114142922690056,-0.15258647042844212,2.9119196457576044,2.167891875914135,0.4,0.375,38,RMBA,70.85091921468279,0,0.0,0.17739999999999997,-0.489,0.019629042184480174,0.014114142922690056,0,0,0,0,0,0,0,0,0,0,0,0,0
5954,2022,0,17.4,0.17,1.7,1.05,0.11893006874817752,2.11,1.26,2.945761808012902,2.1334474845278684,0.04975983307030725,19.964451546567297,1.9232996641789886,0.3333333333333333,0.0,34,RMBA,46.87249192924474,0,0.0,0.174,0.0017000000000000001,0.02945761808012902,0.021334474845278683,0,0,0,0,0,0,0,0,0,0,0,0,0
5953,2023,0,23.21,22.5,2.33,1.62,0.29962068979668893,2.96,1.85,3.237976059937328,3.0317630557944093,0.41369411112929827,35.53244222950282,1.6538176068380128,0.3333333333333333,0.0,34,RMBA,32.98410797930814,0,0.0,0.2321,0.225,0.03237976059937328,0.030317630557944092,0,0,0,0,0,0,0,0,0,0,0,0,0
5987,2013,0,46.08,58.87,5.59,2.79,1.9983300751522388,0.23266664705974954,0.6989547865069837,0.37433433811427996,0.5982977185992324,0.18798574412242317,3.4516564330382358,3.5537730005796755,0.5,0.0,32,RODA,167.14086798479778,0,,0.4608,0.5887,0.0037433433811427997,0.005982977185992324,0,0,0,0,0,0,0,0,0,0,0,0,0
5986,2014,0,42.83,75.53,1.68,1.02,0.584679927289707,0.22330129400182608,1.2858712455466295,0.3137522832884606,0.4571997482074607,0.19206165643483789,15.148456442086367,2.989278618970404,0.5,0.0,34,RODA,218.72278012415617,0,0.0,0.42829999999999996,0.7553,0.003137522832884606,0.004571997482074607,0,0,0,0,0,0,0,0,0,0,0,0,0
5985,2015,0,65.97,45.42,3.24,1.75,0.4130829923373666,0.3266842091578817,1.6308604326598881,0.22407596499627908,0.2887859569850862,0.7188064409858979,9.669146315252863,3.2246402274203723,0.3333333333333333,0.14285714285714285,36,RODA,346.2772256795171,0,0.0,0.6597,0.4542,0.0022407596499627908,0.002887859569850862,0,0,0,0,0,0,0,0,0,0,0,0,0
5984,2016,0,50.24,11.89,3.93,1.87,0.3193171681684807,0.14996089535261267,0.7006548745894912,0.1932069081683923,0.2394751642329606,0.1903080740540436,10.023851989372618,1.9162619611509208,0.5,0.14285714285714285,37,RODA,417.5798368081307,0,0.0,0.5024000000000001,0.1189,0.001932069081683923,0.0023947516423296063,0,0,0,0,0,0,0,0,0,0,0,0,0
5983,2017,0,52.36,13.97,5.27,1.33,0.2708424312432601,0.07533183923004101,0.19079943439904257,0.29293995697700864,0.41430704488070574,0.04188346354875934,4.666072948852833,0.8454356568334835,0.3333333333333333,0.3333333333333333,37,RODA,241.36688293290715,0,0.0,0.5236,0.13970000000000002,0.002929399569770086,0.004143070448807057,0,0,0,0,0,0,0,0,0,0,0,0,0
5982,2018,0,45.0,-0.63,4.32,0.48,0.15863991911419503,0.058850450789905126,0.15245314588892125,0.3169044131009745,0.46392396493086835,0.010345830164166452,4.157103973731557,1.985465777697895,0.3333333333333333,0.25,38,RODA,215.55256369414224,0,0.0,0.45,-0.0063,0.003169044131009745,0.004639239649308683,0,0,0,0,0,0,0,0,0,0,0,0,0
5981,2019,0,45.8,-86.34,3.41,0.29,0.1122608835438413,0.08176194447013153,0.1967464530724097,0.378213792106199,0.6082698318242475,-0.15190150850964604,3.5398246379454394,0.27945405960719133,0.4,0.6,40,RODA,164.40072278464376,0,0.0,0.45799999999999996,-0.8634000000000001,0.00378213792106199,0.006082698318242475,0,0,0,0,0,0,0,0,0,0,0,0,0
5980,2020,0,43.88,-147.22,2.02,0.12,0.05238686379795928,0.02899600447674825,0.06513712803211269,0.44065117447442087,0.7877931522612446,-0.06333077204926986,3.7168867153597214,0.3148498572070276,0.4,0.5,37,RODA,126.93687386462383,0,0.0,0.4388,-1.4722,0.004406511744744209,0.007877931522612446,0,0,0,0,0,0,0,0,0,0,0,0,0
5979,2021,0,31.87,6.44,3.68,0.28,0.15451112340055725,0.13940293578491378,0.35355045686964776,0.3891108910072247,0.6369583043455869,0.06212753169834873,3.2365942144753985,0.5363313339014435,0.3333333333333333,0.6666666666666666,38,RODA,156.9961476563844,0,0.0,0.3187,0.0644,0.0038911089100722466,0.006369583043455869,0,0,0,0,0,0,0,0,0,0,0,0,0
5978,2022,0,33.52,-14.02,3.39,0.22,0.10461660528593013,0.05196993658041771,0.13356970196002388,0.3746087604960113,0.5989990534455225,0.06829409606833675,3.4828439787955414,0.34921835717211064,0.26666666666666666,0.0,34,RODA,166.945171991152,0,0.0,0.33520000000000005,-0.1402,0.0037460876049601128,0.0059899905344552255,0,0,0,0,0,0,0,0,0,0,0,0,0
5977,2023,0,48.4,-33.96,5.29,0.32,0.17180130927223342,0.02993808573577876,0.07583658578206046,0.35948351440196635,0.561240065610998,0.017205427810886655,3.288234770085689,0.31198898017109894,0.3333333333333333,0.0,34,RODA,178.17687319085866,0,0.0,0.484,-0.3396,0.0035948351440196636,0.005612400656109981,0,0,0,0,0,0,0,0,0,0,0,0,0
6011,2013,0,46.29,10.5,1.14,1.02,0.31587468977452443,9.42,27.54,36.01,83.37,0.2259134683821729,2.10093442656523,6.557588097259168,0.5,0.2,32,ROTI,1.1994722322178242,0,,0.4629,0.105,0.3601,0.8337,0,0,0,0,0,0,0,0,0,0,0,0,0
6010,2014,0,47.84,10.03,1.37,1.23,0.5285420933908572,9.48,25.57,38.98,87.61,0.2481191766850527,2.0815247204013834,7.351842907701763,0.4,0.25,34,ROTI,1.141422212076247,0,0.0,0.47840000000000005,0.1003,0.3898,0.8761,0,0,0,0,0,0,0,0,0,0,0,0,0
6009,2015,0,52.96,12.44,2.05,1.94,1.3013671292627043,9.37,24.56,36.74,83.67,0.29953093874993214,2.059424311246527,5.387453679780693,0.3333333333333333,0.16666666666666666,36,ROTI,1.1951715071112705,0,0.0,0.5296,0.1244,0.3674,0.8367,0,0,0,0,0,0,0,0,0,0,0,0,0
6008,2016,0,51.43,11.09,2.96,2.8,1.9063516326683567,9.44,26.35,34.11,69.03,0.2969211709951822,2.2476372051590725,5.613495098054605,0.3333333333333333,0.0,37,ROTI,1.4486455164421266,0,0.0,0.5143,0.1109,0.3411,0.6903,0,0,0,0,0,0,0,0,0,0,0,0,0
6007,2017,0,52.36,5.43,2.26,2.21,1.844930749880243,8.01,23.78,24.5,39.61,0.14734278125093622,4.959201903925377,2.7969778895318114,0.16666666666666666,0.0,37,ROTI,2.5246149962130775,0,0.0,0.5236,0.054299999999999994,0.245,0.3961,0,0,0,0,0,0,0,0,0,0,0,0,0
6006,2018,0,53.6,4.6,3.57,3.45,2.463781286660281,6.99,22.59,17.0,25.61,0.13122775032838147,4.06562336709191,2.5450937004405687,0.3333333333333333,0.0,38,ROTI,3.904724716907458,0,0.0,0.536,0.046,0.17,0.2561,0,0,0,0,0,0,0,0,0,0,0,0,0
6005,2019,0,54.86,7.09,1.69,1.62,1.071342620112763,6.82,20.59,16.18,24.5,0.22636243899540973,7.4088887222095625,2.6005439986308496,0.5,0.3333333333333333,40,ROTI,4.081632653061225,0,0.0,0.5486,0.0709,0.1618,0.245,0,0,0,0,0,0,0,0,0,0,0,0,0
6004,2020,0,55.67,5.25,3.83,3.57,2.498651114241012,6.87,15.52,11.76,16.13,0.21294653447173484,5.053165826607034,2.59152140725741,0.3333333333333333,0.25,37,ROTI,6.199628022318661,0,0.0,0.5567,0.0525,0.1176,0.1613,0,0,0,0,0,0,0,0,0,0,0,0,0
6003,2021,0,54.25,8.63,2.65,2.41,1.57053201618517,8.25,13.76,12.74,18.61,0.3142670693266354,4.422372769671734,2.9319942434861024,0.3333333333333333,0.5,38,ROTI,5.373455131649651,0,0.0,0.5425,0.0863,0.1274,0.1861,0,0,0,0,0,0,0,0,0,0,0,0,0
6002,2022,0,52.88,10.98,2.1,1.86,1.0245473146461122,8.95,14.2,12.93,19.92,0.44004456577745515,4.204270038452076,3.045759963130245,0.5,0.0,34,ROTI,5.02008032128514,0,0.0,0.5288,0.10980000000000001,0.1293,0.19920000000000002,0,0,0,0,0,0,0,0,0,0,0,0,0
6001,2023,0,53.84,8.72,1.74,1.54,0.8040027227949756,7.92,12.68,16.15,26.61,0.30815925956275175,3.716746711487371,2.972494511512284,0.3333333333333333,0.2,34,ROTI,3.757985719654265,0,0.0,0.5384,0.0872,0.16149999999999998,0.2661,0,0,0,0,0,0,0,0,0,0,0,0,0
6035,2013,0,16.35,1.65,1.19,1.16,0.19174259923501025,3.61,133.22,61.37,299.46,0.16810324273137134,1.7061397862011634,0.5644944027185407,0.5,0.25,32,RUIS,0.3339344152808389,0,,0.1635,0.0165,0.6137,2.9945999999999997,0,0,0,0,0,0,0,0,0,0,0,0,0
6034,2014,0,16.38,3.06,0.97,0.95,0.1858685079950436,4.05,113.05,61.02,254.53,0.15637106572646273,2.294081694847323,0.5503710065629385,0.3333333333333333,0.16666666666666666,34,RUIS,0.3928809963462067,0,0.0,0.1638,0.030600000000000002,0.6102000000000001,2.5453,0,0,0,0,0,0,0,0,0,0,0,0,0
6033,2015,0,18.63,2.58,0.91,0.89,0.21327702420356306,4.21,111.76,50.16,162.76,0.203485866472091,4.128516096148479,0.48919448222796447,0.25,0.25,36,RUIS,0.6144015728680265,0,0.0,0.1863,0.0258,0.5015999999999999,1.6276,0,0,0,0,0,0,0,0,0,0,0,0,0
6032,2016,0,17.41,1.98,0.9,0.88,0.11893092232059403,4.19,123.29,40.11,109.18,0.1631557526257891,4.1306310904056245,0.5055473169684642,0.3333333333333333,0.0,37,RUIS,0.9159186664224216,0,0.0,0.1741,0.019799999999999998,0.4011,1.0918,0,0,0,0,0,0,0,0,0,0,0,0,0
6031,2017,0,17.43,1.86,1.0,0.99,0.20352086090268648,3.86,138.71,38.98,98.34,0.13739848175232905,4.520849461656498,0.4698867320313647,0.5,0.2,37,RUIS,1.016880211511084,0,0.0,0.1743,0.018600000000000002,0.3898,0.9834,0,0,0,0,0,0,0,0,0,0,0,0,0
6030,2018,0,16.38,2.08,1.11,1.09,0.1678658554865491,4.02,171.27,38.96,95.04,0.15145072648521435,4.650719628288505,0.4931557274594495,0.3333333333333333,0.0,38,RUIS,1.0521885521885521,0,0.0,0.1638,0.0208,0.3896,0.9504,0,0,0,0,0,0,0,0,0,0,0,0,0
6029,2019,0,14.75,2.07,1.03,1.0,0.1635002128028366,4.21,107.61,43.39,125.38,0.12071085530562652,2.9078994684259047,0.44101411985401806,0.3333333333333333,0.0,40,RUIS,0.7975753708725475,0,0.0,0.1475,0.0207,0.4339,1.2538,0,0,0,0,0,0,0,0,0,0,0,0,0
6028,2020,0,14.68,1.7,1.07,1.05,0.19402846492640144,3.99,78.07,43.56,128.36,0.11779865039212048,2.699788312116379,0.462220726179733,0.3333333333333333,0.0,37,RUIS,0.779058896852602,0,0.0,0.14679999999999999,0.017,0.43560000000000004,1.2836,0,0,0,0,0,0,0,0,0,0,0,0,0
6027,2021,0,13.19,1.1,1.15,1.12,0.19426814614006965,3.64,84.72,40.51,107.82,0.1091509873193015,3.502019550999646,0.3259358487775282,0.3333333333333333,0.6666666666666666,38,RUIS,0.9274717121127807,0,0.0,0.1319,0.011000000000000001,0.40509999999999996,1.0781999999999998,0,0,0,0,0,0,0,0,0,0,0,0,0
6026,2022,0,12.42,1.18,1.26,1.24,0.1858096234875959,3.36,102.27,38.14,92.3,0.12636198940724894,3.9371049953972106,0.32932907077373325,0.3333333333333333,0.125,34,RUIS,1.0834236186348862,0,0.0,0.1242,0.0118,0.3814,0.9229999999999999,0,0,0,0,0,0,0,0,0,0,0,0,0
6025,2023,0,11.98,0.8,1.37,1.34,0.21782034173607465,3.2,109.95,37.3,91.08,0.11262926161807696,4.150645379738221,0.27185903691418173,0.4,0.0,34,RUIS,1.0979358805445762,0,0.0,0.1198,0.008,0.373,0.9107999999999999,0,0,0,0,0,0,0,0,0,0,0,0,0
6059,2013,0,48.82,13.86,0.36,0.3,0.1282824659241673,17.47,21.7,46.53,132.1,0.2958447820635938,2.0603687791585568,28.445808129457365,0.5,0.0,32,SAME,0.757002271006813,0,,0.4882,0.1386,0.4653,1.321,0,0,0,0,0,0,0,0,0,0,0,0,0
6058,2014,0,49.19,13.93,1.43,1.33,0.4733894151866795,19.35,27.38,38.14,92.66,0.33018080280842754,1.9987932354940727,22.43023513882056,0.0,0.0,34,SAME,1.0792143319663285,0,0.0,0.4919,0.1393,0.3814,0.9266,0,0,0,0,0,0,0,0,0,0,0,0,0
6057,2015,0,49.26,10.99,2.1,2.01,1.0469841491187015,12.88,29.41,30.09,48.84,0.2561291950887063,3.1466926192739773,5.41111743550746,0.42857142857142855,0.0,36,SAME,2.0475020475020473,0,0.0,0.4926,0.1099,0.3009,0.48840000000000006,0,0,0,0,0,0,0,0,0,0,0,0,0
6056,2016,0,46.58,2.33,0.91,0.8,0.35059746745019604,12.13,26.25,31.63,53.97,0.19395059513902835,2.8129162201851594,4.979745628279451,0.5,0.3333333333333333,37,SAME,1.852881230313137,0,0.0,0.4658,0.0233,0.31629999999999997,0.5397,0,0,0,0,0,0,0,0,0,0,0,0,0
6055,2017,0,45.98,9.29,1.23,1.12,0.3897734411405438,9.53,24.11,29.92,49.22,0.2334502684189925,3.054259038020928,4.1383152874055975,0.3333333333333333,0.3333333333333333,37,SAME,2.031694433157253,0,0.0,0.4598,0.0929,0.2992,0.49219999999999997,0,0,0,0,0,0,0,0,0,0,0,0,0
6054,2018,0,44.64,6.18,3.52,3.27,0.8472201624382465,6.1,21.6,40.53,77.3,0.14600827922422405,2.2261226371827374,3.19557923644873,0.3333333333333333,0.0,38,SAME,1.2936610608020698,0,0.0,0.4464,0.061799999999999994,0.4053,0.773,0,0,0,0,0,0,0,0,0,0,0,0,0
6053,2019,0,40.14,-21.61,0.79,0.72,0.2654284370939694,3.45,12.85,33.4,56.79,0.004273055353452375,2.812401665687613,0.9827297118324395,0.0,0.0,40,SAME,1.760873393203029,0,0.0,0.4014,-0.2161,0.33399999999999996,0.5679,0,0,0,0,0,0,0,0,0,0,0,0,0
6052,2020,0,34.45,-31.74,0.66,0.59,0.13455556114978662,6.44,24.71,36.22,71.13,-0.009537815849689784,2.391568599515386,1.4492699674249196,0.2857142857142857,0.0,37,SAME,1.4058765640376776,0,0.0,0.34450000000000003,-0.31739999999999996,0.36219999999999997,0.7112999999999999,0,0,0,0,0,0,0,0,0,0,0,0,0
6051,2021,0,42.67,12.13,2.59,2.47,1.8823421311532416,8.0,23.48,0.89,0.99,0.3914975262809744,26.900128406250815,1.4265098136755767,0.4,0.25,38,SAME,101.01010101010102,0,0.0,0.4267,0.1213,0.0089,0.009899999999999999,0,0,0,0,0,0,0,0,0,0,0,0,0
6050,2022,0,34.22,0.69,1.54,1.43,0.8654842956692088,7.89,23.25,14.45,18.64,0.029539684980082827,6.016237618697858,1.2901999912307205,0.4,0.0,34,SAME,5.364806866952789,0,0.0,0.3422,0.0069,0.1445,0.1864,0,0,0,0,0,0,0,0,0,0,0,0,0
6049,2023,0,35.24,1.16,0.87,0.77,0.2764674128207117,7.11,21.11,17.95,24.18,0.03187861066259372,5.745918465780967,1.3508954470266339,0.3333333333333333,0.0,34,SAME,4.1356492969396195,0,0.0,0.35240000000000005,0.0116,0.1795,0.2418,0,0,0,0,0,0,0,0,0,0,0,0,0
6083,2013,0,7.27,2.8,1.39,1.11,0.28205756468994286,4.94,13.5,59.84119422204637,149.01138881699003,0.1518022589614279,64.98785482865298,1.278339080232653,0.3333333333333333,0.0,32,SCCO,0.6710896448513483,0,,0.0727,0.027999999999999997,0.5984119422204637,1.4901138881699003,0,0,0,0,0,0,0,0,0,0,0,0,0
6082,2014,0,8.98,3.72,1.57,1.23,0.14054470429931162,4.52,11.75,51.089926931107776,104.45686077619453,0.26840718654486423,41.44526737538817,1.0025928663763797,0.6,0.25,34,SCCO,0.9573330009816814,0,0.0,0.0898,0.037200000000000004,0.5108992693110778,1.0445686077619454,0,0,0,0,0,0,0,0,0,0,0,0,0
6081,2015,0,9.6,4.5,1.69,1.33,0.41513898653528175,4.55,11.25,47.98209661067774,92.24150433661474,0.2642839953242545,30.138697221946583,0.8302662613571089,0.0,0.3333333333333333,36,SCCO,1.0841106801020108,0,0.0,0.096,0.045,0.47982096610677744,0.9224150433661474,0,0,0,0,0,0,0,0,0,0,0,0,0
6080,2016,0,14.97,9.1,1.69,1.39,0.8077313446284976,5.73,9.81,50.18559968540433,100.74516478944966,0.3333123606892614,36.52236180472231,1.2254948378200663,0.3333333333333333,0.25,37,SCCO,0.9926034684542231,0,0.0,0.1497,0.091,0.5018559968540433,1.0074516478944966,0,0,0,0,0,0,0,0,0,0,0,0,0
6079,2017,0,11.97,6.07,1.74,1.35,0.6241388195777413,6.45,9.33,32.03634150760369,47.137458780717786,0.24619466697933365,69.58270646936047,0.6781878017349311,0.4,0.25,37,SCCO,2.1214550505405345,0,0.0,0.1197,0.060700000000000004,0.3203634150760369,0.47137458780717784,0,0,0,0,0,0,0,0,0,0,0,0,0
6078,2018,0,11.82,4.92,1.91,1.23,0.3197100706423289,6.24,6.97,30.11736294210394,43.0970613160354,0.27487575933864883,68.74059636788856,0.6144725962835574,0.3333333333333333,0.0,38,SCCO,2.3203438226724837,0,0.0,0.1182,0.0492,0.3011736294210394,0.430970613160354,0,0,0,0,0,0,0,0,0,0,0,0,0
6077,2019,0,12.28,5.33,2.09,1.31,0.4693358304950986,6.79,5.62,28.62379583856554,40.10271514835104,0.35564188963069576,71.70666864577686,0.6005142046722953,0.5714285714285714,0.16666666666666666,40,SCCO,2.493596746007654,0,0.0,0.12279999999999999,0.0533,0.2862379583856554,0.40102715148351037,0,0,0,0,0,0,0,0,0,0,0,0,0
6076,2020,0,11.32,5.15,4.4,3.44,2.433392664152103,8.64,6.02,12.546685340138561,14.346723607876525,0.6116997791111997,69.11521975393397,0.6593328139943359,0.36363636363636365,0.0,37,SCCO,6.97023255854032,0,0.0,0.11320000000000001,0.051500000000000004,0.1254668534013856,0.14346723607876524,0,0,0,0,0,0,0,0,0,0,0,0,0
6075,2021,0,7.46,2.8,6.82,5.26,3.6990016433886987,18.86,11.53,6.113200477335536,6.511245998800859,0.5009582229850734,146.69307076085062,0.48485040396382817,0.5,0.0,38,SCCO,15.358043609228782,0,0.0,0.0746,0.027999999999999997,0.06113200477335536,0.06511245998800859,0,0,0,0,0,0,0,0,0,0,0,0,0
6074,2022,0,6.2,1.95,5.43,3.8,1.596444183982841,12.98,10.56,7.750805495903636,8.402030540829772,0.2600779897172191,98.4923082727029,0.37590859942800475,0.4,0.0,34,SCCO,11.90188484962638,0,0.0,0.062,0.0195,0.07750805495903636,0.08402030540829772,0,0,0,0,0,0,0,0,0,0,0,0,0
6073,2023,0,8.25,4.08,5.94,4.26,2.2306722476240775,11.06,9.21,7.364368403977902,7.949822629907064,0.6280859846932484,117.26041386346742,0.3414387772243948,0.5,0.25,34,SCCO,12.578896996242674,0,0.0,0.0825,0.0408,0.07364368403977901,0.07949822629907063,0,0,0,0,0,0,0,0,0,0,0,0,0
6107,2013,0,65.22,35.62,3.64,3.11,1.4783666215425577,3.63,4.05,12.48,17.94,1.4407905079514527,6.416321740354017,13.759559643498648,0.5,0.16666666666666666,32,SCMA,5.574136008918617,0,,0.6522,0.35619999999999996,0.12480000000000001,0.1794,0,0,0,0,0,0,0,0,0,0,0,0,0
6106,2014,0,63.57,35.77,3.92,3.35,1.5294649601199057,3.53,3.57,9.51,12.95,1.5282850089842264,8.864395486547618,14.672459205547453,0.3333333333333333,0.0,34,SCMA,7.722007722007722,0,0.0,0.6357,0.3577,0.0951,0.1295,0,0,0,0,0,0,0,0,0,0,0,0,0
6105,2015,0,63.99,35.98,3.3,2.69,0.7969158243436372,3.14,3.1,7.8,10.44,1.748302905844021,12.697953544685905,13.278052061613051,0.5,0.25,36,SCMA,9.578544061302683,0,0.0,0.6399,0.35979999999999995,0.078,0.10439999999999999,0,0,0,0,0,0,0,0,0,0,0,0,0
6104,2016,0,60.6,33.46,2.98,2.28,0.4591082918815315,3.07,2.95,4.3,5.59,1.796390839903758,30.705960271271724,11.04884583062919,0.5,0.3333333333333333,37,SCMA,17.88908765652952,0,0.0,0.606,0.3346,0.043,0.0559,0,0,0,0,0,0,0,0,0,0,0,0,0
6103,2017,0,58.81,29.59,3.64,2.61,0.3141468243410428,2.88,2.54,1.24,1.52,1.8056012216659951,19.582019660341725,8.231176859865627,0.4,0.3333333333333333,37,SCMA,65.78947368421052,0,0.0,0.5881000000000001,0.2959,0.0124,0.0152,0,0,0,0,0,0,0,0,0,0,0,0,0
6102,2018,0,55.31,26.41,4.26,3.09,1.0315969498385322,3.39,2.79,0.28,0.33,1.7773639078754904,23.078777929524577,5.35815182038393,0.5,0.25,38,SCMA,303.03030303030306,0,0.0,0.5531,0.2641,0.0028000000000000004,0.0033,0,0,0,0,0,0,0,0,0,0,0,0,0
6101,2019,0,48.17,17.59,3.6,2.66,0.6358583458114063,3.31,3.09,0.17,0.21,1.0817549381063034,23.94992542861159,3.7955568879614647,0.3333333333333333,0.375,40,SCMA,476.1904761904762,0,0.0,0.4817,0.1759,0.0017000000000000001,0.0021,0,0,0,0,0,0,0,0,0,0,0,0,0
6100,2020,0,51.16,22.55,2.34,1.91,0.4868014498387802,2.77,3.15,19.57,33.98,0.5082417643922449,3.9345257641632836,8.685581254870668,0.6666666666666666,0.3333333333333333,37,SCMA,2.942907592701589,0,0.0,0.5115999999999999,0.2255,0.1957,0.3398,0,0,0,0,0,0,0,0,0,0,0,0,0
6099,2021,0,51.33,22.56,3.92,3.46,1.9561880160348921,3.03,4.0,6.18,8.21,0.7119630019480976,10.888017363609865,3.2319842517588837,0.3333333333333333,0.3333333333333333,38,SCMA,12.180267965895249,0,0.0,0.5133,0.2256,0.061799999999999994,0.0821,0,0,0,0,0,0,0,0,0,0,0,0,0
6098,2022,0,37.89,9.53,3.66,3.14,1.238409481780227,3.06,4.74,2.75,3.5,0.4642421052612803,31.790046830639337,1.7496175931141946,0.25,0.0,34,SCMA,28.57142857142857,0,0.0,0.3789,0.0953,0.0275,0.035,0,0,0,0,0,0,0,0,0,0,0,0,0
6097,2023,0,33.56,2.39,3.26,2.73,1.2600452721306543,2.46,3.78,0.18,0.23,0.13070938119001363,30.077711636366548,1.4824509543429565,0.3333333333333333,0.0,34,SCMA,434.7826086956522,0,0.0,0.3356,0.0239,0.0018,0.0023,0,0,0,0,0,0,0,0,0,0,0,0,0
6131,2013,0,26.58,3.54,0.84,0.81,0.03150736602596673,3.01,51.86,0.45152957746292705,0.8232523740738391,0.10545249481349256,4.670851698675884,1.828964389621881,0.3333333333333333,0.0,32,SDMU,121.4694340997197,0,,0.2658,0.0354,0.00451529577462927,0.008232523740738391,0,0,0,0,0,0,0,0,0,0,0,0,0
6130,2014,0,34.98,6.51,0.81,0.75,0.020600889686058964,1.98,18.08,0.4827906392051588,0.9334530187933614,0.15086284835511254,3.6131950256614265,2.7389512702624494,0.3333333333333333,0.0,34,SDMU,107.1291195021964,0,0.0,0.34979999999999994,0.06509999999999999,0.004827906392051588,0.009334530187933614,0,0,0,0,0,0,0,0,0,0,0,0,0
6129,2015,0,38.1,0.56,0.94,0.89,0.030122040144716828,1.7,13.84,0.4778491392195085,0.9151553221711396,0.1427515580994212,3.8373804134873253,2.6687010298368357,0.3333333333333333,0.0,36,SDMU,109.27106861243757,0,0.0,0.381,0.005600000000000001,0.004778491392195085,0.009151553221711396,0,0,0,0,0,0,0,0,0,0,0,0,0
6128,2016,0,36.46,0.95,1.2,1.14,0.0397070416767789,1.33,13.46,0.40129140114302003,0.6702616296294099,0.10464715601747249,4.375009013957527,1.9473947016459359,0.3333333333333333,0.3333333333333333,37,SDMU,149.19547170750377,0,0.0,0.36460000000000004,0.0095,0.0040129140114302,0.006702616296294099,0,0,0,0,0,0,0,0,0,0,0,0,0
6127,2017,0,14.97,-36.71,1.07,0.96,0.06570683052142445,1.4,12.19,0.4225473863531008,0.731743828613927,-0.1274057566169891,3.680075517945407,2.3978819271952068,0.3333333333333333,0.0,37,SDMU,136.65984746249316,0,0.0,0.1497,-0.3671,0.0042254738635310075,0.007317438286139269,0,0,0,0,0,0,0,0,0,0,0,0,0
6126,2018,0,15.96,-25.53,1.04,0.95,0.049121449101393586,1.56,10.62,0.6652181233169912,1.987019518456683,-0.09955061447761313,1.9985736253631539,0.6630389828092447,0.4,0.2,38,SDMU,50.3266319586382,0,0.0,0.15960000000000002,-0.2553,0.006652181233169911,0.01987019518456683,0,0,0,0,0,0,0,0,0,0,0,0,0
6125,2019,0,4.41,-34.09,0.58,0.47,0.10383370184950369,2.01,10.21,0.7649197676121632,3.253866816844095,-0.21143950254914667,1.9320768267261652,1.1085007660372308,0.16666666666666666,0.2,40,SDMU,30.732665357517423,0,0.0,0.0441,-0.34090000000000004,0.007649197676121632,0.03253866816844095,0,0,0,0,0,0,0,0,0,0,0,0,0
6124,2020,0,-6.83,-48.64,0.3,0.23,0.027719081274532167,2.85,8.22,0.9563340867352331,21.901158483426958,-0.2587123896817555,1.272092804156559,8.363587429465145,0.8,0.38461538461538464,37,SDMU,4.565968511468103,0,0.0,-0.0683,-0.4864,0.00956334086735233,0.21901158483426958,0,0,0,0,0,0,0,0,0,0,0,0,0
6123,2021,0,24.96,-11.79,0.29,0.24,0.018680219754604842,2.87,7.01,1.0111984490954387,-90.29807971420892,-0.059087104716468906,0.8696454842036967,-40.741216298886805,0.5,0.14285714285714285,38,SDMU,-1.107443262542209,1,0.0,0.24960000000000002,-0.11789999999999999,0.010111984490954386,-0.9029807971420892,0,0,0,0,0,0,0,0,0,0,0,1,1
6122,2022,0,28.9,3.3,1.13,0.96,0.0680285447694581,2.96,9.86,0.9765520279477908,41.64761139144168,0.026111812460300303,1.0306026682791751,22.250460472944535,0.3333333333333333,0.0,34,SDMU,2.401098086036919,0,0.0,0.289,0.033,0.009765520279477908,0.4164761139144168,0,0,0,0,0,0,0,0,0,0,0,0,0
6121,2023,0,37.34,34.75,0.42,0.38,0.026959808384064764,3.3,12.45,0.7544362368608069,3.072262075682342,0.3563911533990092,2.803109032164004,1.5530509220327033,0.0,0.25,34,SDMU,32.5493065163688,0,0.0,0.3734,0.3475,0.007544362368608068,0.03072262075682342,0,0,0,0,0,0,0,0,0,0,0,0,0
6155,2013,0,9.19,0.78,1.33,0.76,0.05488850810126367,6.75,7.18,34.37,141.13,0.08103125587480574,7.960855331540281,0.6147351705103355,0.3333333333333333,0.0,32,SDPC,0.7085665698292355,0,,0.0919,0.0078000000000000005,0.34369999999999995,1.4113,0,0,0,0,0,0,0,0,0,0,0,0,0
6154,2014,0,9.15,0.51,1.3,0.8,0.16347132106391796,6.67,6.79,40.98,178.43,0.07801092649391073,6.984379565023677,0.5263298917923888,0.3333333333333333,0.0,34,SDPC,0.5604438715462646,0,0.0,0.0915,0.0051,0.40979999999999994,1.7843,0,0,0,0,0,0,0,0,0,0,0,0,0
6153,2015,0,9.21,0.7,1.27,0.75,0.07122869979106286,6.87,7.01,40.93,192.95,0.08519200262727723,7.256540508101917,0.373986915526476,0.3333333333333333,0.0,36,SDPC,0.5182689816014512,0,0.0,0.09210000000000002,0.006999999999999999,0.4093,1.9295,0,0,0,0,0,0,0,0,0,0,0,0,0
6152,2016,0,8.59,0.56,1.23,0.74,0.0590779211837428,6.69,6.81,40.38,206.73,0.0811293937879448,7.4829242290724425,0.4776223600181708,0.6,0.0,37,SDPC,0.4837227301310889,0,0.0,0.0859,0.005600000000000001,0.40380000000000005,2.0673,0,0,0,0,0,0,0,0,0,0,0,0,0
6151,2017,0,8.51,0.67,1.2,0.74,0.08070913349500769,6.36,6.43,36.72,162.02,0.0679936972643932,9.234761747348394,0.6591266144908695,0.26666666666666666,0.0,37,SDPC,0.6172077521293667,0,0.0,0.0851,0.0067,0.36719999999999997,1.6202,0,0,0,0,0,0,0,0,0,0,0,0,0
6150,2018,0,8.84,0.82,1.17,0.68,0.04026541997749346,5.58,5.56,35.29,181.38,0.06568128143168621,10.337931919592256,0.5214384294546999,0.5,0.14285714285714285,38,SDPC,0.5513287021722352,0,0.0,0.08839999999999999,0.008199999999999999,0.3529,1.8137999999999999,0,0,0,0,0,0,0,0,0,0,0,0,0
6149,2019,0,8.39,0.29,1.15,0.66,0.030517924005454822,5.41,5.39,40.03,209.26,0.06506517812019548,9.101005040087168,0.514063551305861,0.5,0.5714285714285714,40,SDPC,0.4778744146038421,0,0.0,0.0839,0.0029,0.4003,2.0926,0,0,0,0,0,0,0,0,0,0,0,0,0
6148,2020,0,8.39,0.11,1.14,0.71,0.05320111141925398,5.26,5.64,33.09,168.16,0.05640209553582967,8.080146824922204,0.5780891357241364,0.3333333333333333,0.0,37,SDPC,0.5946717411988582,0,0.0,0.0839,0.0011,0.3309,1.6816,0,0,0,0,0,0,0,0,0,0,0,0,0
6147,2021,0,8.09,0.32,1.14,0.65,0.0502471016614551,6.23,6.52,37.88,192.82,0.059558919027912695,9.836750613385275,0.7311354350222433,0.4,0.25,38,SDPC,0.5186184005808526,0,0.0,0.0809,0.0032,0.3788,1.9282,0,0,0,0,0,0,0,0,0,0,0,0,0
6146,2022,0,8.42,0.76,1.13,0.65,0.023061526003528884,6.22,5.91,40.53,219.4,0.06473170572647896,9.759945232557984,1.6336478853069216,0.3333333333333333,0.5714285714285714,34,SDPC,0.45578851412944393,0,0.0,0.0842,0.0076,0.4053,2.194,0,0,0,0,0,0,0,0,0,0,0,0,0
6145,2023,0,8.69,0.98,1.12,0.71,0.04576496479810084,5.38,5.72,43.32,255.78,0.07738618468649058,4.704406992510529,0.7248192165358347,0.3333333333333333,0.0,34,SDPC,0.39096098209398705,0,0.0,0.08689999999999999,0.0098,0.43320000000000003,2.5578,0,0,0,0,0,0,0,0,0,0,0,0,0
6179,2013,0,19.45,4.7,1.05,0.66,0.23479282637270363,12.7,6.48,28.75,48.07,0.13025453144602894,3.407741604623745,1.4007071215700844,0.3333333333333333,0.0,32,SGRO,2.0802995631370917,0,,0.1945,0.047,0.2875,0.4807,0,0,0,0,0,0,0,0,0,0,0,0,0
6178,2014,0,26.79,10.8,0.8,0.5,0.1988583160046792,15.07,8.34,30.91,56.15,0.23292820227421324,3.034326837220924,1.3184517352908316,0.3333333333333333,0.2,34,SGRO,1.7809439002671417,0,0.0,0.26789999999999997,0.10800000000000001,0.3091,0.5615,0,0,0,0,0,0,0,0,0,0,0,0,0
6177,2015,0,27.79,8.53,1.27,0.9,0.6006564868006677,11.49,5.65,38.02,81.16,0.13114421075646063,2.3074451090618067,0.9403576156949873,0.3333333333333333,0.0,36,SGRO,1.232134056185313,0,0.0,0.2779,0.08529999999999999,0.38020000000000004,0.8116,0,0,0,0,0,0,0,0,0,0,0,0,0
6176,2016,0,21.98,15.76,1.4,0.92,0.6252313291620398,8.89,3.91,38.29,83.24,0.09785277800611537,2.2412736446145316,0.9276453969440716,0.3333333333333333,0.0,37,SGRO,1.201345506967804,0,0.0,0.2198,0.1576,0.3829,0.8323999999999999,0,0,0,0,0,0,0,0,0,0,0,0,0
6175,2017,0,26.06,6.91,1.2,0.9,0.40440608350726037,8.65,4.99,36.4,74.55,0.1476815418149459,2.347040539727477,1.1895576427075316,0.0,0.0,37,SGRO,1.3413816230717641,0,0.0,0.2606,0.0691,0.364,0.7454999999999999,0,0,0,0,0,0,0,0,0,0,0,0,0
6174,2018,0,21.54,1.98,0.92,0.63,0.17550284911458025,5.67,5.7,40.61,90.91,0.07604953224230436,2.2369185104737714,1.1118061928931873,0.4,0.0,38,SGRO,1.0999890001099988,0,0.0,0.21539999999999998,0.019799999999999998,0.4061,0.9091,0,0,0,0,0,0,0,0,0,0,0,0,0
6173,2019,0,20.73,1.22,0.42,0.23,0.06673766149564653,7.46,5.33,40.13,91.5,0.06193336080666209,2.4813795632519806,1.0831994043390587,0.3333333333333333,0.6666666666666666,40,SGRO,1.0928961748633879,0,0.0,0.2073,0.012199999999999999,0.40130000000000005,0.915,0,0,0,0,0,0,0,0,0,0,0,0,0
6172,2020,0,25.24,-5.47,0.73,0.4,0.13229415068943223,10.44,4.81,41.14,105.6,0.04957953301469382,1.9346291231653618,0.8040845551277431,0.3333333333333333,0.0,37,SGRO,0.9469696969696969,0,0.0,0.25239999999999996,-0.0547,0.4114,1.056,0,0,0,0,0,0,0,0,0,0,0,0,0
6171,2021,0,31.96,15.6,1.09,0.59,0.38782300481112975,16.61,5.6,32.87,69.72,0.2761013031688183,2.186267863248966,0.8202734179462262,0.3333333333333333,0.0,38,SGRO,1.4343086632243258,0,0.0,0.3196,0.156,0.3287,0.6972,0,0,0,0,0,0,0,0,0,0,0,0,0
6170,2022,0,34.97,18.33,1.32,0.69,0.3934747639088219,22.03,4.88,30.33,59.41,0.3267178349960015,2.4319977066619063,0.7302151331013816,0.3333333333333333,0.0,34,SGRO,1.68321831341525,0,0.0,0.3497,0.1833,0.30329999999999996,0.5941,0,0,0,0,0,0,0,0,0,0,0,0,0
6169,2023,0,23.61,7.84,1.23,0.77,0.4092037322497868,16.71,5.84,28.32,51.72,0.2019377729617139,2.698553901532437,0.6631277806591567,0.375,0.5,34,SGRO,1.9334880123743232,0,0.0,0.2361,0.0784,0.2832,0.5172,0,0,0,0,0,0,0,0,0,0,0,0,0
6203,2013,0,70.11,7.11,1.26,0.61,0.19971200317373186,3.73,0.61,25.9,40.21,0.047935470612278014,3.599771119842984,0.4034924672612785,0.5,0.0,32,SHID,2.486943546381497,0,,0.7011,0.0711,0.259,0.4021,0,0,0,0,0,0,0,0,0,0,0,0,0
6202,2014,0,72.74,7.65,1.22,0.54,0.1026338822574664,3.03,0.52,24.36,37.56,0.043724795198636764,3.6082943583474574,0.3685428622294692,0.3333333333333333,0.3333333333333333,34,SHID,2.662406815761448,0,0.0,0.7273999999999999,0.0765,0.24359999999999998,0.37560000000000004,0,0,0,0,0,0,0,0,0,0,0,0,0
6201,2015,0,77.93,0.23,1.16,0.51,0.08774841361761342,2.43,0.34,27.06,41.82,0.013692823507513873,3.6340221964253425,0.6504400267487834,0.8,0.0,36,SHID,2.391200382592061,0,0.0,0.7793000000000001,0.0023,0.2706,0.4182,0,0,0,0,0,0,0,0,0,0,0,0,0
6200,2016,0,78.25,0.47,1.05,0.43,0.06261295393630419,2.65,0.35,26.68,40.7,0.019780018339409202,3.809083010326573,1.0585886543367145,0.3333333333333333,0.6666666666666666,37,SHID,2.457002457002457,0,0.0,0.7825,0.004699999999999999,0.2668,0.40700000000000003,0,0,0,0,0,0,0,0,0,0,0,0,0
6199,2017,0,82.92,0.86,2.41,0.57,0.12432455847072471,3.15,0.18,31.61,50.71,0.0440307257923921,3.0778817147969306,1.8332913363483387,0.3333333333333333,0.25,37,SHID,1.9719976336028398,0,0.0,0.8292,0.0086,0.3161,0.5071,0,0,0,0,0,0,0,0,0,0,0,0,0
6198,2018,0,77.84,0.9,2.98,0.84,0.20646998520610707,3.36,0.2,31.89,50.58,0.030877336255506482,3.0855015160679726,5.077706178714035,0.5,0.16666666666666666,38,SHID,1.9770660340055357,0,0.0,0.7784,0.009000000000000001,0.3189,0.5058,0,0,0,0,0,0,0,0,0,0,0,0,0
6197,2019,0,73.96,-8.14,3.25,0.89,0.12894040015167876,2.38,0.19,32.19,50.79,0.002642930728298196,3.0790818254053423,4.129998576073853,0.5,0.0,40,SHID,1.9688915140775742,0,0.0,0.7395999999999999,-0.0814,0.32189999999999996,0.5079,0,0,0,0,0,0,0,0,0,0,0,0,0
6196,2020,0,83.56,-93.37,2.13,0.15,0.0353641667920874,1.41,0.04,32.82,53.16,-0.07878898348346933,3.0090944494258522,3.2975067922536305,0.5,0.0,37,SHID,1.8811136192626037,0,0.0,0.8356,-0.9337000000000001,0.3282,0.5316,0,0,0,0,0,0,0,0,0,0,0,0,0
6195,2021,0,67.0,-60.19,4.24,0.24,0.10967578698819229,7.73,0.11,34.78,57.56,-0.06736157197844841,2.696904004697075,1.0758708741641492,0.3333333333333333,0.0,38,SHID,1.7373175816539264,0,0.0,0.67,-0.6019,0.3478,0.5756,0,0,0,0,0,0,0,0,0,0,0,0,0
6194,2022,0,63.51,-34.62,2.43,0.25,0.14515306888826024,11.75,0.15,36.43,60.73,-0.04420341205087892,2.847184715244057,3.272449008169778,0.3333333333333333,0.0,34,SHID,1.6466326362588508,0,0.0,0.6351,-0.34619999999999995,0.3643,0.6073,0,0,0,0,0,0,0,0,0,0,0,0,0
6193,2023,0,62.66,-17.67,2.33,0.2,0.06403601231785558,13.55,0.23,35.73,59.46,-0.007912912800794019,2.880445243800951,0.9578059326845372,0.3333333333333333,0.25,34,SHID,1.6818028927009754,0,0.0,0.6265999999999999,-0.17670000000000002,0.35729999999999995,0.5946,0,0,0,0,0,0,0,0,0,0,0,0,0
6227,2013,0,41.72,17.11,7.29,6.4,4.960079692807016,3.42,5.28,0.11046932973562319,0.1241883314746086,1.3371650447322658,2014.3865030674847,3.9993052635427904,0.4,0.0,32,SIDO,805.2286298769211,0,,0.4172,0.1711,0.001104693297356232,0.001241883314746086,0,0,0,0,0,0,0,0,0,0,1,0,1
6226,2014,0,38.2,19.0,10.25,8.98,6.916078288715821,5.52,5.26,0.06917521814377545,0.07431604689964116,2.260045209207916,193.15195432586737,3.4854752816949697,0.3333333333333333,0.0,34,SIDO,1345.6044040534514,0,0.0,0.382,0.19,0.0006917521814377545,0.0007431604689964117,0,0,0,0,0,0,0,1,1,0,0,0,2
6225,2015,0,39.82,19.72,9.28,7.84,5.57956644572422,6.51,5.41,0.0707400385750065,0.07612513345192305,2.432706259447818,190.147120914319,3.1751358765722695,0.2,0.2,36,SIDO,1313.6265969655758,0,0.0,0.3982,0.1972,0.0007074003857500651,0.0007612513345192306,0,0,0,0,0,0,0,1,1,0,0,0,2
6224,2016,0,41.68,18.76,8.32,6.85,4.64626818615951,6.97,5.13,0.07689380221139679,0.08329897729600763,2.49145297285062,197.38859218115786,2.8282542600579794,0.25,0.0,37,SIDO,1200.4949309838985,0,0.0,0.4168,0.18760000000000002,0.0007689380221139678,0.0008329897729600763,0,0,0,0,0,0,0,1,1,0,0,0,2
6223,2017,0,46.03,20.74,7.81,6.53,4.33008004527426,6.29,4.75,0.08306413974044692,0.09058882233805789,2.4072190688933532,54.8004867536135,2.8229907126195455,0.5,0.0,37,SIDO,1103.8889503036216,0,0.0,0.4603,0.20739999999999997,0.0008306413974044692,0.0009058882233805789,0,0,0,0,0,0,0,0,0,0,0,0,0
6222,2018,0,51.55,24.02,4.2,3.36,2.1875047505293446,6.53,4.62,0.1303362747436203,0.14986973810503224,1.861841228098406,44.56055467178918,4.3409147754403445,0.3333333333333333,0.0,38,SIDO,667.2461116193961,0,0.0,0.5155,0.2402,0.001303362747436203,0.0014986973810503224,0,0,0,0,0,0,0,0,0,0,0,0,0
6221,2019,0,54.79,26.33,4.2,3.47,2.1151564066818302,6.44,4.54,0.1317020804593891,0.1516784475644817,2.2027406690330213,55.74646302250804,6.240400795247311,0.3333333333333333,0.0,40,SIDO,659.2894482090996,0,0.0,0.5478999999999999,0.2633,0.001317020804593891,0.0015167844756448171,0,0,0,0,0,0,0,0,0,0,0,0,0
6220,2020,0,55.13,28.0,3.66,3.11,1.842633512069609,5.54,4.92,0.1630792026841816,0.19485619572032503,1.8278223442756651,48.56529313628512,7.495949393805832,0.25,0.3333333333333333,37,SIDO,513.1989754307269,0,0.0,0.5513,0.28,0.0016307920268418161,0.0019485619572032504,0,0,0,0,0,0,0,0,0,0,0,0,0
6219,2021,0,56.85,31.36,4.13,3.29,1.9916797025967572,6.03,4.54,0.14691310085844822,0.1722135236237769,2.639124434370217,64.79095837544794,7.475833180887795,0.3333333333333333,0.0,38,SIDO,580.6744899922213,0,0.0,0.5685,0.3136,0.0014691310085844821,0.001722135236237769,0,0,0,0,0,0,0,0,0,0,0,0,0
6218,2022,0,55.95,28.58,4.06,3.05,1.7060353240377932,5.7,3.41,0.1411185066454454,0.16430498006689537,2.3936163009339078,101.38875683725193,6.461321218950356,0.5,0.0,34,SIDO,608.6242788215297,0,0.0,0.5595,0.2858,0.001411185066454454,0.0016430498006689536,0,0,0,0,0,0,0,0,0,0,0,0,0
6217,2023,0,56.61,26.66,4.47,3.59,1.796895529883393,4.82,3.25,0.12973609416902743,0.14907672638123345,2.4323437639297496,80.13665685037162,4.65158725447372,0.5,0.0,34,SIDO,670.795518706725,0,0.0,0.5661,0.2666,0.0012973609416902744,0.0014907672638123344,0,0,0,0,0,0,0,0,0,0,0,0,0
6251,2013,0,26.31,2.0,3.07,2.75,1.7524332841088663,10.94,21.68,2.29,3.64,0.08181140352203523,3.461458081845595,428.866781135238,0.6,0.0,32,SILO,27.47252747252747,0,,0.2631,0.02,0.0229,0.0364,0,0,0,0,0,0,0,0,0,0,0,1,1
6250,2014,0,28.42,2.06,1.74,1.52,0.5999734436616677,10.07,23.83,1.63,2.8,0.12325092173721333,3.357584986284222,610.706293806886,0.375,0.0,34,SILO,35.714285714285715,0,0.0,0.2842,0.0206,0.0163,0.027999999999999997,0,0,0,0,0,0,0,0,0,0,0,1,1
6249,2015,0,28.35,1.49,1.52,1.3,0.2640659441962288,8.56,24.36,1.09,1.88,0.12682607766236334,3.8221674343386414,416.73932056714824,0.6,0.125,36,SILO,53.19148936170213,0,0.0,0.28350000000000003,0.0149,0.0109,0.018799999999999997,0,0,0,0,0,0,0,0,0,0,0,1,1
6248,2016,0,29.45,1.91,2.63,2.38,1.229373516358634,7.65,23.13,3.45,4.64,0.20402553246716237,9.677329446642624,289.9608162308025,0.5,0.0,37,SILO,21.551724137931036,0,0.0,0.2945,0.0191,0.0345,0.0464,0,0,0,0,0,0,0,0,0,0,0,1,1
6247,2017,0,28.23,1.77,2.49,2.26,1.0848878351016626,6.88,22.53,2.42,2.91,0.17095093837165973,16.377960619257788,157.79947189473248,0.3333333333333333,0.0,37,SILO,34.36426116838488,0,0.0,0.2823,0.0177,0.0242,0.0291,0,0,0,0,0,0,0,0,0,0,0,0,0
6246,2018,0,32.34,0.44,1.82,1.62,0.23922014837794536,5.59,21.13,2.31,2.82,0.13905288307708158,16.857615536593386,59.134894544994005,0.375,0.0,38,SILO,35.46099290780142,0,0.0,0.3234,0.0044,0.0231,0.0282,0,0,0,0,0,0,0,0,0,0,0,0,0
6245,2019,0,30.88,-4.74,1.35,1.19,0.2609635440041391,5.98,24.57,3.25,4.2,0.0390638851468644,16.602508312400328,120.77138878975016,0.3333333333333333,0.0,40,SILO,23.809523809523807,0,0.0,0.30879999999999996,-0.047400000000000005,0.0325,0.042,0,0,0,0,0,0,0,0,0,0,0,0,0
6244,2020,0,32.36,1.76,1.44,1.29,0.5692214093111163,6.36,21.01,7.18,10.05,0.1578003918800072,9.2677086066514,95.08710911972692,0.3333333333333333,0.0,37,SILO,9.950248756218905,0,0.0,0.3236,0.0176,0.0718,0.1005,0,0,0,0,0,0,0,0,0,0,0,0,0
6243,2021,0,33.82,7.46,1.58,1.45,0.8785202767763173,8.31,22.77,5.3,7.57,0.3940000352469426,12.915157625202498,136.76089931516864,0.3333333333333333,0.0,38,SILO,13.21003963011889,0,0.0,0.3382,0.0746,0.053,0.0757,0,0,0,0,0,0,0,0,0,0,0,0,0
6242,2022,0,32.33,7.46,1.23,1.14,0.5233119007974519,8.14,26.32,5.3,7.27,0.39746595651324,17.15849559002468,2.3239982052094024,0.5,0.25,34,SILO,13.75515818431912,0,0.0,0.3233,0.0746,0.053,0.0727,0,0,0,0,0,0,0,0,0,0,0,0,0
6241,2023,0,35.22,11.14,1.23,1.15,0.5086406281273097,8.51,36.78,5.89,8.04,0.6005712871955197,22.105065916976343,3.5231902262975114,0.4,0.25,34,SILO,12.437810945273634,0,0.0,0.3522,0.1114,0.058899999999999994,0.08039999999999999,0,0,0,0,0,0,0,0,0,0,0,0,0
6275,2013,0,21.92,4.78,0.83,0.55,0.32702633720231017,12.27,5.35,30.03,52.33,0.11632744647668418,3.930702762555985,0.7658712215955599,0.4,0.0,32,SIMP,1.910949742021785,0,,0.2192,0.0478,0.3003,0.5233,0,0,0,0,0,0,0,0,0,0,0,0,0
6274,2014,0,26.72,7.61,0.87,0.6,0.39083684540483343,14.13,5.9,33.07,62.46,0.16955033292482413,3.1355782320537746,0.6794060191341428,0.3333333333333333,0.0,34,SIMP,1.601024655779699,0,0.0,0.2672,0.0761,0.3307,0.6246,0,0,0,0,0,0,0,0,0,0,0,0,0
6273,2015,0,22.21,2.64,0.94,0.55,0.2719670863139307,13.21,5.47,32.24,59.3,0.10843516415785406,2.8950897410954797,0.30473522843557527,0.3333333333333333,0.0,36,SIMP,1.6863406408094437,0,0.0,0.22210000000000002,0.0264,0.3224,0.593,0,0,0,0,0,0,0,0,0,0,0,0,0
6272,2016,0,23.59,4.2,1.35,0.71,0.40649685548277587,13.06,4.45,31.3,57.45,0.13576197441906573,2.722777497005342,0.4337775714229879,0.4,0.2,37,SIMP,1.7406440382941688,0,0.0,0.2359,0.042,0.313,0.5745,0,0,0,0,0,0,0,0,0,0,0,0,0
6271,2017,0,20.75,4.09,1.09,0.62,0.36532171124470686,13.67,4.28,31.58,57.72,0.11398088510203339,3.026040787822247,0.3961158925276977,0.5,0.0,37,SIMP,1.7325017325017327,0,0.0,0.2075,0.0409,0.31579999999999997,0.5771999999999999,0,0,0,0,0,0,0,0,0,0,0,0,0
6270,2018,0,16.46,-1.27,0.9,0.5,0.26586493614238066,10.86,3.9,33.92,64.3,0.05715688484904208,3.1292215937412564,0.3978581018300919,0.3333333333333333,0.0,38,SIMP,1.5552099533437014,0,0.0,0.1646,-0.0127,0.3392,0.643,0,0,0,0,0,0,0,0,0,0,0,0,0
6269,2019,0,15.2,-4.7,0.77,0.4,0.1949434908635302,10.07,3.62,35.05,68.82,0.030603435065149245,3.136437168549467,0.3842597044100712,0.3333333333333333,0.0,40,SIMP,1.4530659691950016,0,0.0,0.152,-0.047,0.3505,0.6881999999999999,0,0,0,0,0,0,0,0,0,0,0,0,0
6268,2020,0,20.69,2.35,0.88,0.46,0.27486943843521366,11.06,3.26,34.43,65.63,0.10358120937385208,3.322288673796185,0.3579494867622521,0.25,0.0,37,SIMP,1.5236934328813043,0,0.0,0.2069,0.0235,0.3443,0.6563,0,0,0,0,0,0,0,0,0,0,0,0,0
6267,2021,0,26.17,6.82,1.04,0.61,0.4068045872508122,13.76,3.75,31.42,56.91,0.1922728376087229,3.8555898892324176,0.3632973987009372,0.5,0.0,38,SIMP,1.7571604287471447,0,0.0,0.26170000000000004,0.0682,0.31420000000000003,0.5690999999999999,0,0,0,0,0,0,0,0,0,0,0,0,0
6266,2022,0,26.09,8.48,1.1,0.63,0.4541533023741537,12.36,3.1,28.14,48.01,0.19720083215357037,4.859153969203753,0.3093430861836678,0.5,0.42857142857142855,34,SIMP,2.0828993959591755,0,0.0,0.2609,0.0848,0.2814,0.48009999999999997,0,0,0,0,0,0,0,0,0,0,0,0,0
6265,2023,0,20.98,5.79,1.05,0.67,0.5484137262419149,14.68,3.12,25.7,41.43,0.15236973068202012,6.597723534744868,0.2737881816727418,0.5,0.0,34,SIMP,2.413709872073377,0,0.0,0.20980000000000001,0.0579,0.257,0.4143,0,0,0,0,0,0,0,0,0,0,0,0,0
6299,2013,0,11.3,4.49,1.25,0.92,0.33923609238848834,12.92,15.99,32.53,80.49,0.22131654242774812,8.921844621822789,2.0661533477329677,0.4,0.5,32,SKBM,1.2423903590508139,0,,0.113,0.0449,0.32530000000000003,0.8049,0,0,0,0,0,0,0,0,0,0,0,0,0
6298,2014,0,12.8,6.08,1.48,1.04,0.4867227512364141,11.76,12.87,29.4,62.41,0.2624348944146544,4.478341952654429,2.95315502578712,0.4,0.0,34,SKBM,1.602307322544464,0,0.0,0.128,0.0608,0.294,0.6241,0,0,0,0,0,0,0,0,0,0,0,0,0
6297,2015,0,12.85,2.95,1.15,0.78,0.36056357072862777,13.14,10.77,34.17,75.91,0.153076242242234,3.82086447632514,2.5720836997261753,0.5,0.09090909090909091,36,SKBM,1.3173494928204452,0,0.0,0.1285,0.029500000000000002,0.3417,0.7591,0,0,0,0,0,0,0,0,0,0,0,0,0
6296,2016,0,12.39,1.5,1.11,0.6,0.20156070575537954,11.82,7.58,34.85,94.77,0.09109143438062801,3.2423394004485218,1.6270282385531474,0.3333333333333333,0.3333333333333333,37,SKBM,1.0551862403714256,0,0.0,0.12390000000000001,0.015,0.34850000000000003,0.9477,0,0,0,0,0,0,0,0,0,0,0,0,0
6295,2017,0,10.11,1.41,1.64,1.06,0.5445982879919681,9.47,6.23,22.3,35.38,0.0862006730141552,12.602217815361607,1.2064221259622678,0.6666666666666666,0.0,37,SKBM,2.826455624646693,0,0.0,0.1011,0.0141,0.223,0.3538,0,0,0,0,0,0,0,0,0,0,0,0,0
6294,2018,0,11.55,0.82,1.38,0.89,0.43674727436397554,8.07,5.81,29.05,49.45,0.06287743149758702,10.026311076827698,1.1527957581374622,0.3333333333333333,0.16666666666666666,38,SKBM,2.022244691607684,0,0.0,0.1155,0.008199999999999999,0.2905,0.49450000000000005,0,0,0,0,0,0,0,0,0,0,0,0,0
6293,2019,0,12.69,0.05,1.33,0.72,0.25732388813153195,7.74,5.16,27.93,49.09,0.05501169590049455,9.957945286149663,0.6831892207863403,0.3333333333333333,0.5,40,SKBM,2.037074760643715,0,0.0,0.12689999999999999,0.0005,0.2793,0.49090000000000006,0,0,0,0,0,0,0,0,0,0,0,0,0
6292,2020,0,9.97,0.17,1.36,0.81,0.25198498000144814,9.62,7.14,28.53,52.46,0.08745655501861208,10.104669806040455,0.5784421251458908,0.75,0.0,37,SKBM,1.9062142584826536,0,0.0,0.09970000000000001,0.0017000000000000001,0.2853,0.5246,0,0,0,0,0,0,0,0,0,0,0,0,0
6291,2021,0,13.8,0.77,1.31,0.81,0.24559171810688366,9.29,8.02,32.16,63.85,0.08537774623023066,11.47589023110913,0.6275529088400735,0.3333333333333333,0.0,38,SKBM,1.566170712607674,0,0.0,0.138,0.0077,0.32159999999999994,0.6385000000000001,0,0,0,0,0,0,0,0,0,0,0,0,0
6290,2022,0,16.13,2.28,1.44,0.92,0.3222803368730527,8.3,7.12,29.76,56.59,0.1364607793418043,12.625424975768905,0.6089384508669463,0.3333333333333333,0.3333333333333333,34,SKBM,1.767096660187312,0,0.0,0.1613,0.022799999999999997,0.29760000000000003,0.5659000000000001,0,0,0,0,0,0,0,0,0,0,0,0,0
6289,2023,0,12.15,0.08,1.57,0.86,0.4223919142973517,8.02,5.29,30.06,51.8,0.09019654649852671,13.246640112035122,0.5090068287978139,0.5,0.3333333333333333,34,SKBM,1.9305019305019304,0,0.0,0.1215,0.0008,0.3006,0.518,0,0,0,0,0,0,0,0,0,0,0,0,0
6323,2013,0,21.88,2.02,1.23,0.67,0.0718692590142994,9.01,6.75,21.99,47.55,0.1205422494259777,4.812768334666163,89.03184758165,0.3333333333333333,0.0,32,SKLT,2.1030494216614093,0,,0.2188,0.0202,0.21989999999999998,0.4755,0,0,0,0,0,0,0,0,0,0,0,0,0
6322,2014,0,22.69,2.47,1.18,0.67,0.05148172622374192,8.73,7.33,22.52,55.27,0.13157863850586146,3.3585769816560087,150.93120308142656,0.5,0.0,34,SKLT,1.8092998009770216,0,0.0,0.22690000000000002,0.024700000000000003,0.22519999999999998,0.5527000000000001,0,0,0,0,0,0,0,0,0,0,0,0,0
6321,2015,0,24.68,2.69,1.19,0.69,0.048266083669174314,8.58,7.31,21.08,52.29,0.1467812431500326,3.3060397576588185,168.09138273438137,0.5,0.0,36,SKLT,1.9124115509657678,0,0.0,0.2468,0.0269,0.2108,0.5229,0,0,0,0,0,0,0,0,0,0,0,0,0
6320,2016,0,25.73,2.48,1.32,0.78,0.07548056026438932,8.18,7.26,21.76,41.75,0.12090388998494067,3.881239882787865,71.83763061884048,0.3333333333333333,0.0,37,SKLT,2.3952095808383236,0,0.0,0.25730000000000003,0.0248,0.21760000000000002,0.4175,0,0,0,0,0,0,0,0,0,0,0,0,0
6319,2017,0,25.93,2.51,1.26,0.69,0.06211882903304395,7.68,6.42,25.6,52.97,0.1244546574841912,3.623839171029611,247.03810766262498,0.25,0.0,37,SKLT,1.887861053426468,0,0.0,0.2593,0.025099999999999997,0.256,0.5297,0,0,0,0,0,0,0,0,0,0,0,0,0
6318,2018,0,25.58,3.06,1.22,0.69,0.06999633584665371,6.99,5.64,26.29,57.91,0.13253124439539765,3.906692133259001,305.4247569893133,0.6666666666666666,0.0,38,SKLT,1.7268174753928511,0,0.0,0.25579999999999997,0.030600000000000002,0.26289999999999997,0.5791,0,0,0,0,0,0,0,0,0,0,0,1,1
6317,2019,0,25.28,3.51,1.29,0.74,0.0762361434275647,7.13,6.04,24.39,50.71,0.1949871760059769,4.246071904112444,292.361982721564,0.3333333333333333,0.0,40,SKLT,1.9719976336028398,0,0.0,0.2528,0.0351,0.2439,0.5071,0,0,0,0,0,0,0,0,0,0,0,1,1
6316,2020,0,26.61,3.39,1.54,0.94,0.2906112962644104,7.27,5.96,20.89,39.73,0.19401390610643637,4.3967876995862,265.63379803324807,0.5,0.3333333333333333,37,SKLT,2.5169896803423106,0,0.0,0.2661,0.0339,0.2089,0.3973,0,0,0,0,0,0,0,0,0,0,0,0,0
6315,2021,0,27.85,6.23,1.79,1.23,0.5274260413076823,8.48,6.95,13.47,22.11,0.29324030190429584,6.129900836935283,308.5044585023226,0.3333333333333333,0.0,38,SKLT,4.522840343735866,0,0.0,0.2785,0.0623,0.13470000000000001,0.2211,0,0,0,0,0,0,0,0,0,0,0,1,1
6314,2022,0,26.47,4.86,1.63,0.91,0.290589357775668,8.92,6.06,14.22,24.87,0.20193242841175948,6.426436204542387,228.0043897295905,0.2857142857142857,0.25,34,SKLT,4.020908725371934,0,0.0,0.2647,0.048600000000000004,0.1422,0.2487,0,0,0,0,0,0,0,0,0,0,0,0,0
6313,2023,0,26.21,4.35,2.11,1.31,0.7061042609911704,9.61,5.11,14.19,22.28,0.22322634483967477,8.039817568240185,2.3843601672050427,0.4,0.5,34,SKLT,4.488330341113106,0,0.0,0.2621,0.0435,0.1419,0.2228,0,0,0,0,0,0,0,0,0,0,0,0,0
6347,2013,0,15.27,3.73,1.05,0.59,0.05595489588941513,9.93,6.72,34.09,96.64,0.16374244475952138,2.4165256126375674,3.4768021783370324,1.0,0.0,32,SMAR,1.0347682119205297,0,,0.1527,0.0373,0.34090000000000004,0.9664,0,0,0,0,0,0,0,0,0,0,0,0,0
6346,2014,0,12.98,4.57,1.08,0.66,0.17978386185244724,15.66,7.85,37.0,99.32,0.15974587088460884,2.817287384069437,2.9332154737401765,0.42857142857142855,0.2727272727272727,34,SMAR,1.0068465565847766,0,0.0,0.1298,0.045700000000000005,0.37,0.9932,0,0,0,0,0,0,0,0,0,0,0,0,0
6345,2015,0,9.1,-1.06,1.08,0.74,0.15653749327586786,14.42,9.16,44.26,139.1,0.06226299409614586,2.1842011030817345,1.582523431403545,0.4,0.3333333333333333,36,SMAR,0.7189072609633357,0,0.0,0.091,-0.0106,0.4426,1.391,0,0,0,0,0,0,0,0,0,0,0,0,0
6344,2016,0,12.05,8.74,1.35,0.82,0.041937907624287604,9.56,6.73,45.38,116.3,0.09066931794837214,2.3446551216795726,1.2249738482670853,0.3333333333333333,0.3333333333333333,37,SMAR,0.8598452278589853,0,0.0,0.12050000000000001,0.0874,0.45380000000000004,1.163,0,0,0,0,0,0,0,0,0,0,0,0,0
6343,2017,0,10.67,3.33,1.36,0.82,0.07275792848964055,9.84,7.1,45.0,106.76,0.09904296743920453,2.5671224302571907,0.8520291524676964,0.3333333333333333,0.0,37,SMAR,0.9366804046459347,0,0.0,0.1067,0.0333,0.45,1.0676,0,0,0,0,0,0,0,0,0,0,0,0,0
6342,2018,0,10.65,2.15,1.49,0.88,0.07674354027325046,9.17,6.94,46.41,111.04,0.09268655224852083,2.4228361555329383,0.9496439264670645,0.3333333333333333,0.0,38,SMAR,0.9005763688760806,0,0.0,0.1065,0.0215,0.46409999999999996,1.1104,0,0,0,0,0,0,0,0,0,0,0,0,0
6341,2019,0,10.8,2.48,1.08,0.61,0.09079334016563316,9.32,6.38,46.8,118.95,0.06375495640029025,2.769472716711533,1.0876080253894223,0.3333333333333333,0.25,40,SMAR,0.8406893652795292,0,0.0,0.10800000000000001,0.0248,0.46799999999999997,1.1895,0,0,0,0,0,0,0,0,0,0,0,0,0
6340,2020,0,12.73,3.81,1.3,0.96,0.3245515066548828,8.76,7.19,51.32,143.54,0.1032342198574469,2.537806519267276,0.9517650975699556,0.0,0.0,37,SMAR,0.6966699177929497,0,0.0,0.1273,0.0381,0.5132,1.4354,0,0,0,0,0,0,0,0,0,0,0,0,0
6339,2021,0,11.84,4.96,1.45,0.95,0.17634056830608186,8.4,8.0,48.92,136.9,0.14972514937416628,2.3707474759997504,0.8685609376945724,0.3333333333333333,0.0,38,SMAR,0.7304601899196493,0,0.0,0.1184,0.0496,0.4892,1.369,0,0,0,0,0,0,0,0,0,0,0,0,0
6338,2022,0,13.12,7.34,1.96,1.22,0.20484810522708624,9.06,7.81,42.73,94.57,0.2826566989584341,2.711152037254565,0.7386483102357189,0.42857142857142855,0.1,34,SMAR,1.0574177857671567,0,0.0,0.13119999999999998,0.07339999999999999,0.42729999999999996,0.9457,0,0,0,0,0,0,0,0,0,0,0,0,0
6337,2023,0,7.26,1.38,1.87,0.99,0.16056554170787948,9.68,6.85,40.39,84.12,0.07183860108019086,2.83046808760588,0.6023938754174146,0.6666666666666666,0.0,34,SMAR,1.1887779362815025,0,0.0,0.0726,0.0138,0.4039,0.8412000000000001,0,0,0,0,0,0,0,0,0,0,0,0,0
6371,2013,0,39.55,26.71,10.88,10.2,9.723882265596274,38.28,5.67,0.09015936720761845,0.09909358184071353,1.34704700733329,49.53510734522966,1.3159670917360555,0.5,0.0,32,SMBR,1009.1470925003345,0,,0.39549999999999996,0.2671,0.0009015936720761845,0.0009909358184071353,0,0,0,0,0,0,0,0,0,0,0,0,0
6370,2014,0,31.21,27.65,12.99,11.95,11.426606743928374,16.61,5.23,0.0837938173835788,0.09145738041658677,1.0362011024401958,41.876295894583535,1.396953874165537,0.3333333333333333,0.0,34,SMBR,1093.4054697882418,0,0.0,0.3121,0.27649999999999997,0.000837938173835788,0.0009145738041658677,0,0,0,0,0,0,0,0,0,0,0,0,0
6369,2015,0,33.78,24.24,8.26,7.47,5.331889013226425,22.94,5.18,0.09768974871269066,0.10826625162832684,1.0146828770201084,35.85335821771237,0.9706416448919218,0.0,1.0,36,SMBR,923.6488609885146,0,0.0,0.3378,0.24239999999999998,0.0009768974871269065,0.0010826625162832684,0,0,0,0,0,0,0,0,0,0,0,0,0
6368,2016,0,33.56,17.01,2.87,2.27,1.1530999856763855,12.02,5.62,0.2856842376525448,0.3999411082764028,0.26292042962361256,4.264795227438235,8.79501891396758,0.0,0.25,37,SMBR,250.0368127471636,0,0.0,0.3356,0.17010000000000003,0.002856842376525448,0.003999411082764028,0,0,0,0,0,0,0,0,0,0,0,0,0
6367,2017,0,30.47,9.45,1.68,1.38,0.7272206815478456,5.0,5.72,0.32556671770773776,0.4827263515246496,0.11661585548875528,4.487316076386868,11.050623592394041,0.3333333333333333,0.16666666666666666,37,SMBR,207.15670417444298,0,0.0,0.30469999999999997,0.09449999999999999,0.003255667177077378,0.004827263515246496,0,0,0,0,0,0,0,0,0,0,0,0,0
6366,2018,0,35.41,3.81,2.13,1.68,0.7319618886440679,4.45,5.22,0.3727661269365493,0.5943016519754195,0.1260970649380413,3.4325423610995602,5.003909353471033,0.3333333333333333,0.125,38,SMBR,168.2647182076755,0,0.0,0.35409999999999997,0.0381,0.003727661269365493,0.005943016519754195,0,0,0,0,0,0,0,0,0,0,0,0,0
6365,2019,0,43.76,1.5,2.29,1.56,0.3962399423742098,4.1,3.56,0.3749552679208018,0.5998854940725937,0.11067151031571475,3.148965664789935,1.2550107048370185,0.3333333333333333,0.2,40,SMBR,166.69847994007128,0,0.0,0.4376,0.015,0.003749552679208018,0.005998854940725937,0,0,0,0,0,0,0,0,0,0,0,0,0
6364,2020,0,41.82,0.64,1.3,1.0,0.42636469588708353,3.65,3.39,0.4059988976526979,0.6834985592590996,0.09261339300516831,3.3039532735377475,3.1040184371378428,0.5,0.0,37,SMBR,146.3060874750025,0,0.0,0.4182,0.0064,0.0040599889765269796,0.006834985592590996,0,0,0,0,0,0,0,0,0,0,0,0,0
6363,2021,0,44.31,2.67,2.16,1.61,1.137347867899061,5.46,4.04,0.4309194531228069,0.7572204945107688,0.10358296405097948,2.6259897973852553,2.05260998454928,0.5,0.0,38,SMBR,132.06193007838334,0,0.0,0.44310000000000005,0.026699999999999998,0.004309194531228069,0.007572204945107688,0,0,0,0,0,0,0,0,0,0,0,0,0
6362,2022,0,40.86,4.11,1.68,1.3,0.8891064104312032,9.64,4.85,0.4134466207365299,0.7048746718596884,0.11683091099239602,2.9469701353612616,1.2467597295744928,0.4,0.16666666666666666,34,SMBR,141.8691917758479,0,0.0,0.4086,0.041100000000000005,0.004134466207365298,0.007048746718596884,0,0,0,0,0,0,0,0,0,0,0,0,0
6361,2023,0,31.53,5.96,1.12,0.78,0.13450143278651158,6.08,5.92,0.3488598417921978,0.535767664449386,0.15127363596493376,4.284513675637335,0.8731450027922923,0.3333333333333333,0.0,34,SMBR,186.6480689960471,0,0.0,0.3153,0.0596,0.003488598417921978,0.00535767664449386,0,0,0,0,0,0,0,0,0,0,0,0,0
6395,2013,0,38.82,8.04,1.91799399499049,1.8736234510600625,0.4855447821736719,12.484963380203302,0.43354371718218165,0.2732349770692883,0.3759605490746601,0.05125624667314454,11.129670284348666,0.35504809754911926,0.3333333333333333,0.0,32,SMDM,265.98535470311145,0,,0.3882,0.08039999999999999,0.002732349770692883,0.003759605490746601,0,0,0,0,0,0,0,0,0,0,0,0,0
6394,2014,0,43.88,10.57,1.7465903567253067,1.70549789307105,0.33238622236697574,16.384749353684853,0.521423687882425,0.3005602865687511,0.42971578650329895,0.07167189087909988,7.692340365768443,0.26804483234412274,0.6666666666666666,0.0,34,SMDM,232.71195320452185,0,0.0,0.4388,0.1057,0.0030056028656875113,0.004297157865032989,0,0,0,0,0,0,0,0,0,0,0,0,0
6393,2015,0,51.1,13.02,2.0765589207926287,2.0319590373874528,0.31415082666532784,26.654792544452587,0.7631910374730659,0.2226757473324317,0.28646442789899873,0.18506303439470134,12.328892233205844,0.18488117591530157,0.3333333333333333,0.25,36,SMDM,349.083482139213,0,0.0,0.511,0.13019999999999998,0.002226757473324317,0.0028646442789899873,0,0,0,0,0,0,0,0,0,0,0,0,0
6392,2016,0,48.05,4.13,1.5818975011246723,1.5332821925459779,0.16069689137857246,19.62047807133539,0.7164286494174353,0.20107282908974383,0.25167854644454246,0.08902121502049569,24.70002525502931,0.146487092286653,0.3333333333333333,0.0,37,SMDM,397.33223754149054,0,0.0,0.4805,0.041299999999999996,0.0020107282908974383,0.0025167854644454245,0,0,0,0,0,0,0,0,0,0,0,0,0
6391,2017,0,48.06,4.21,1.9434212504618011,1.8878670181814532,0.16489019754819792,18.63159144104375,0.6158386643309702,0.20492462777474962,0.2577423913916335,0.06434821985680991,14.064327580420468,0.20251098573964407,0.3333333333333333,0.5714285714285714,37,SMDM,387.9842949390981,0,0.0,0.4806,0.0421,0.0020492462777474962,0.002577423913916335,0,0,0,0,0,0,0,0,0,0,0,0,0
6390,2018,0,56.84,15.83,2.296232225331763,2.243950949786343,0.20528080449358121,26.57036782241989,0.7004520432624941,0.1918953610440095,0.237463506325027,0.1948487994459405,12.714180947253201,0.25800257673621496,0.5,1.0,38,SMDM,421.1173394497321,0,0.0,0.5684,0.1583,0.0019189536104400951,0.00237463506325027,0,0,0,0,0,0,0,0,0,0,0,0,0
6389,2019,0,52.27,12.89,2.0671242742689047,2.0203810291355846,0.20823049869700408,27.519310461431996,0.7242869581953569,0.1834565616069477,0.22467458922783978,0.16008631173541457,18.86686798358945,0.2164445029427066,0.5,0.42857142857142855,40,SMDM,445.0881621445459,0,0.0,0.5227,0.12890000000000001,0.0018345656160694771,0.002246745892278398,0,0,0,0,0,0,0,0,0,0,0,0,0
6388,2020,0,50.04,4.84,2.507289023128287,2.470619164284266,0.21690083017500353,28.72568226831682,0.478828629376295,0.17299210335758303,0.20917829691743361,0.06505391942745352,15.1644355410122,0.18562280912187906,0.5,0.5714285714285714,37,SMDM,478.06106787202583,0,0.0,0.5004,0.0484,0.0017299210335758302,0.002091782969174336,0,0,0,0,0,0,0,0,0,0,0,0,0
6387,2021,0,54.89,20.75,2.3757229649911227,2.35664413342584,0.5406208420044495,68.6047554559959,0.7368027484739218,0.1586176473351075,0.18852029262643935,0.2500469140362428,31.622637109552485,0.33651144218754336,0.3333333333333333,0.0,38,SMDM,530.4468744813275,0,0.0,0.5489,0.2075,0.001586176473351075,0.0018852029262643934,0,0,0,0,0,0,0,0,0,0,0,0,0
6386,2022,0,61.24,31.74,4.501461830115406,4.394326153588042,1.1509394401603725,20.998196774434827,0.7124752450603491,0.1355348962645597,0.15678469342412765,0.3959292941543557,14.945785164210234,0.29187835845924776,0.5,0.2,34,SMDM,637.8173647951974,0,0.0,0.6124,0.31739999999999996,0.001355348962645597,0.0015678469342412765,0,0,0,0,0,0,0,0,0,0,0,0,0
6385,2023,0,58.5,19.6,4.892043203478479,4.800500978021751,1.311849595589961,22.111760185929217,0.5978220975408159,0.13474115202770187,0.1557235182783311,0.2011912162898359,14.241339834621472,0.3027121109461452,0.3333333333333333,0.14285714285714285,34,SMDM,642.1637598841419,0,0.0,0.585,0.196,0.0013474115202770187,0.0015572351827833112,0,0,0,0,0,0,0,0,0,0,0,0,0
6419,2013,0,9.6,1.25,1.05,1.02,0.31890397287042554,5.01,75.61,41.58,97.47,0.03818300916929305,2.381040439471131,0.1412733971732724,0.3333333333333333,0.25,32,SMDR,1.0259567046270648,0,,0.096,0.0125,0.4158,0.9747,0,0,0,0,0,0,0,0,0,0,0,0,0
6418,2014,0,14.81,3.86,1.11,1.08,0.44563608542782185,5.38,76.98,37.53,79.67,0.10366816199609165,2.7863542759770654,0.6628744296523074,0.25,0.0,34,SMDR,1.25517760763148,0,0.0,0.1481,0.038599999999999995,0.3753,0.7967,0,0,0,0,0,0,0,0,0,0,0,0,0
6417,2015,0,14.94,2.2,1.17,1.14,0.45385494103728596,5.08,83.2,34.39,67.36,0.10770409841816149,3.3504978224588493,0.20505658110340022,0.4,0.0,36,SMDR,1.484560570071259,0,0.0,0.1494,0.022000000000000002,0.3439,0.6736,0,0,0,0,0,0,0,0,0,0,0,0,0
6416,2016,0,15.39,2.62,1.09,1.06,0.4487520701555295,4.68,88.69,32.77,62.53,0.030857745588481363,3.7529340226796277,0.2281363517252913,0.3333333333333333,0.16666666666666666,37,SMDR,1.5992323684631378,0,0.0,0.1539,0.0262,0.32770000000000005,0.6253,0,0,0,0,0,0,0,0,0,0,0,0,0
6415,2017,0,15.06,2.68,1.13,1.11,0.39370190115133746,4.45,110.6,30.08,57.89,0.0801279059454537,4.25253027364285,0.3077333851065682,0.5,0.0,37,SMDR,1.7274140611504578,0,0.0,0.1506,0.0268,0.30079999999999996,0.5789,0,0,0,0,0,0,0,0,0,0,0,0,0
6414,2018,0,13.22,1.54,1.1,1.08,0.28094018587216485,3.95,134.74,27.79,54.36,0.07394329369183915,4.343509253753794,0.22748803671512954,0.3333333333333333,0.5,38,SMDR,1.839587932303164,0,0.0,0.1322,0.0154,0.2779,0.5436,0,0,0,0,0,0,0,0,0,0,0,0,0
6413,2019,0,13.58,-13.72,1.27,1.25,0.4413312365112893,3.43,127.35,30.85,64.64,0.0733189034253448,3.6146589366344832,0.24212411877073253,0.5,0.25,40,SMDR,1.547029702970297,0,0.0,0.1358,-0.13720000000000002,0.3085,0.6464,0,0,0,0,0,0,0,0,0,0,0,0,0
6412,2020,0,13.49,-0.47,1.29,1.28,0.5615403141199573,4.27,152.4,37.97,90.17,0.06884967548812233,2.723433962503288,0.27401556011009376,0.5,0.2,37,SMDR,1.1090163025396473,0,0.0,0.1349,-0.004699999999999999,0.3797,0.9017000000000001,0,0,0,0,0,0,0,0,0,0,0,0,0
6411,2021,0,28.21,20.67,1.45,1.44,0.7945765902882082,4.89,171.57,34.33,74.55,0.3257245511337967,3.532549306730613,0.5983479068198734,0.3333333333333333,0.25,38,SMDR,1.3413816230717641,0,0.0,0.2821,0.20670000000000002,0.3433,0.7454999999999999,0,0,0,0,0,0,0,0,0,0,0,0,0
6410,2022,0,34.24,28.41,2.04,2.03,1.3353196797520548,6.38,238.03,26.32,46.95,0.6417053548263116,4.43914435345229,0.6281719365562087,0.5,0.0,34,SMDR,2.1299254526091587,0,0.0,0.34240000000000004,0.2841,0.2632,0.46950000000000003,0,0,0,0,0,0,0,0,0,0,0,0,0
6409,2023,0,19.91,14.24,2.4,2.39,1.7533153260940426,4.76,187.5,32.67,59.91,0.1812494506582178,3.1038962017489165,0.49653665340900904,0.5,0.0,34,SMDR,1.669170422300117,0,0.0,0.1991,0.1424,0.3267,0.5991,0,0,0,0,0,0,0,0,0,0,0,0,0
6443,2013,0,44.67,21.85,1.88,1.38,0.7881501106652202,9.01,5.5,13.26,18.72,0.7802465526053329,6.906891262377205,3.8707953019247228,0.3333333333333333,0.0,32,SMGR,5.341880341880342,0,,0.44670000000000004,0.21850000000000003,0.1326,0.18719999999999998,0,0,0,0,0,0,0,0,0,0,0,0,0
6442,2014,0,42.94,20.63,2.21,1.68,0.9517998917310266,8.5,5.64,11.4,15.65,0.7519475479140896,7.166724958637048,3.8642821567488044,0.0,0.0,34,SMGR,6.389776357827476,0,0.0,0.4294,0.20629999999999998,0.114,0.1565,0,0,0,0,0,0,0,0,0,0,0,0,0
6441,2015,0,39.56,16.79,1.6,1.23,0.6010255167964016,7.63,6.24,10.49,14.58,0.5522407935685396,7.671511072248248,2.477921628240674,0.0,0.2,36,SMGR,6.858710562414266,0,0.0,0.3956,0.1679,0.10490000000000001,0.1458,0,0,0,0,0,0,0,0,0,0,0,0,0
6440,2016,0,37.77,17.35,1.27,0.94,0.34934017170247217,6.84,6.4,14.16,20.48,0.38232557919624643,6.558140382400474,1.7898956370306016,0.3333333333333333,0.0,37,SMGR,4.8828125,0,0.0,0.37770000000000004,0.17350000000000002,0.1416,0.2048,0,0,0,0,0,0,0,0,0,0,0,0,0
6439,2017,0,28.67,5.93,1.57,1.15,0.41417404512218176,6.17,6.24,20.42,33.35,0.14318590911078577,3.940200949413595,1.9652939542388548,0.3333333333333333,0.0,37,SMGR,2.998500749625187,0,0.0,0.2867,0.0593,0.20420000000000002,0.3335,0,0,0,0,0,0,0,0,0,0,0,0,0
6438,2018,0,30.45,10.06,1.97,1.53,0.6423348731799566,5.6,5.9,18.91,29.44,0.2679130659011815,4.265220546173066,2.1030796511194203,0.4,0.125,38,SMGR,3.3967391304347827,0,0.0,0.3045,0.10060000000000001,0.1891,0.2944,0,0,0,0,0,0,0,0,0,0,0,0,0
6437,2019,0,31.53,5.87,1.36,0.98,0.3282342553078156,6.3,6.75,37.64,88.64,0.13378586232433165,2.0064449503340636,2.1118568682595296,0.5,0.25,40,SMGR,1.128158844765343,0,0.0,0.3153,0.0587,0.3764,0.8864,0,0,0,0,0,0,0,0,0,0,0,0,0
6436,2020,0,33.06,7.6,1.35,0.96,0.35060054337836166,5.45,5.12,32.99,72.18,0.13779546996405842,2.1558215897391575,2.0786228437401437,0.4,0.0,37,SMGR,1.3854253255749513,0,0.0,0.3306,0.076,0.3299,0.7218000000000001,0,0,0,0,0,0,0,0,0,0,0,0,0
6435,2021,0,31.98,5.77,1.11,0.77,0.2947223636147923,6.07,5.31,24.92,47.52,0.1360126547533813,2.7673797480308715,1.0085866379563928,0.4,0.2,38,SMGR,2.1043771043771042,0,0.0,0.31980000000000003,0.057699999999999994,0.2492,0.4752,0,0,0,0,0,0,0,0,0,0,0,0,0
6434,2022,0,29.37,6.87,1.45,1.02,0.46453575205073844,6.1,4.91,20.25,35.57,0.12896206373836624,3.084737059858669,0.9433576093293812,0.3333333333333333,0.0,34,SMGR,2.81135788585887,0,0.0,0.2937,0.0687,0.2025,0.3557,0,0,0,0,0,0,0,0,0,0,0,0,0
6433,2023,0,26.34,5.94,1.23,0.91,0.4344400266639192,6.36,5.3,19.33,33.09,0.13325909955371842,3.669268573360361,0.9074606768531253,0.4,0.16666666666666666,34,SMGR,3.0220610456331216,0,0.0,0.2634,0.0594,0.19329999999999997,0.3309,0,0,0,0,0,0,0,0,0,0,0,0,0
6467,2013,0,0.0,0.0,4.71,4.37,4.301738121744641,0.0,0.0,0.2591914345557242,0.34987640079496457,-0.07800090420558635,4.759578958210777,11.438346596838556,0.3333333333333333,0.0,32,SMMT,285.8152186680411,0,,0.0,0.0,0.002591914345557242,0.003498764007949646,0,0,0,0,0,0,0,0,0,0,0,0,0
6466,2014,0,41.98,-39.21,1.21,1.01,0.9499779613418976,1.71,0.27,0.36799513904459263,0.5822663111930676,-0.036555238666377686,4.428781585637009,12.271727219234581,0.5,0.0,34,SMMT,171.74271991642334,0,0.0,0.41979999999999995,-0.3921,0.0036799513904459263,0.005822663111930676,0,0,0,0,0,0,0,0,0,0,0,0,0
6465,2015,0,-12.54,-210.56,0.76,0.68,0.6442218936327163,4.42,1.62,0.44006781923006966,0.7859305722077947,-0.11516192321017805,3.7320825147133214,1.3496234482928964,0.3333333333333333,0.2857142857142857,36,SMMT,127.237702077278,0,0.0,-0.12539999999999998,-2.1056,0.004400678192300697,0.007859305722077947,0,0,0,0,0,0,0,0,0,0,0,0,0
6464,2016,0,-1.17,-32.61,0.27,0.23,0.1922345664410322,14.41,6.69,0.40133924308418073,0.6703951084948349,-0.13142653615203578,3.1911091331725365,1.2312671770539731,0.42857142857142855,0.0,37,SMMT,149.16576617708193,0,0.0,-0.011699999999999999,-0.3261,0.004013392430841808,0.006703951084948348,0,0,0,0,0,0,0,0,0,0,0,0,0
6463,2017,0,18.91,69.53,0.21,0.19,0.14443092560589818,21.14,16.53,0.4221012766656625,0.7304070066467246,-0.07431091506213738,3.2591736489233125,0.9990217248766581,0.5,0.0,37,SMMT,136.9099681273552,0,0.0,0.1891,0.6953,0.004221012766656625,0.007304070066467247,0,0,0,0,0,0,0,0,0,0,0,0,0
6462,2018,0,19.97,44.42,0.33,0.29,0.25948446826809,68.41,34.21,0.38023964250307546,0.6135268864868665,0.03613298189143382,4.350135270883547,0.903006963684939,0.3333333333333333,0.0,38,SMMT,162.9920419178576,0,0.0,0.1997,0.44420000000000004,0.0038023964250307545,0.006135268864868665,0,0,0,0,0,0,0,0,0,0,0,0,0
6461,2019,0,13.92,2.49,0.61,0.59,0.5442217609961058,88.29,44.6,0.329389588619554,0.4911787574867922,0.022101084337029613,4.967613827209781,0.6629355894281116,0.3333333333333333,0.0,40,SMMT,203.59186645544014,0,0.0,0.1392,0.024900000000000002,0.00329389588619554,0.004911787574867921,0,0,0,0,0,0,0,0,0,0,0,0,0
6460,2020,0,4.97,-11.17,0.58,0.49,0.4091001094964146,34.87,20.72,0.35975657116658866,0.5619059172885253,-0.0903466996464879,4.593589870113487,0.6472321867096983,0.5,0.0,37,SMMT,177.96573576329214,0,0.0,0.049699999999999994,-0.1117,0.0035975657116658864,0.005619059172885254,0,0,0,0,0,0,0,0,0,0,0,0,0
6459,2021,0,31.45,49.18,2.13,2.03,1.6837286655864006,22.25,26.51,0.22231253509297774,0.2858635957528754,0.5067188903462102,7.708039695744871,0.7780178271185613,0.6666666666666666,0.3333333333333333,38,SMMT,349.81719073613147,0,0.0,0.3145,0.4918,0.0022231253509297773,0.002858635957528754,0,0,0,0,0,0,0,0,0,0,0,0,0
6458,2022,0,32.04,38.4,1.07,0.92,0.5168089323282179,22.68,41.51,0.14030199636813076,0.16319916502703594,1.6661709539736944,171.31671916161773,2.013479885198514,0.4,0.25,34,SMMT,612.7482330159825,0,0.0,0.3204,0.384,0.0014030199636813076,0.0016319916502703594,0,0,0,0,0,0,0,0,0,0,0,0,0
6457,2023,0,17.45,25.19,1.08,0.78,0.25049534981714794,17.63,22.24,0.20671431007980193,0.26057990545700715,0.5307100692392666,25.12568364752551,3.6640561212365723,0.4,0.2,34,SMMT,383.7594453978299,0,0.0,0.1745,0.2519,0.0020671431007980193,0.0026057990545700713,0,0,0,0,0,0,0,0,0,0,0,0,0
6491,2013,0,53.56,26.77,1.28,0.67,0.5053731676551407,24.01,0.65,18.32,53.71,0.14965752228273815,0.9577517291580137,2.415992924123954,0.5,0.0,32,SMRA,1.8618506795754979,0,,0.5356000000000001,0.2677,0.1832,0.5371,0,0,0,0,0,0,0,0,0,0,0,0,0
6490,2014,0,53.82,26.01,1.37,0.59,0.42464873679826426,36.05,0.8,28.5,73.13,0.19804718073171473,1.2130683249821848,3.6592755723660915,0.4,0.3333333333333333,34,SMRA,1.3674278681799537,0,0.0,0.5382,0.2601,0.285,0.7313,0,0,0,0,0,0,0,0,0,0,0,0,0
6489,2015,0,52.97,18.92,1.65,0.54,0.34098797374609646,47.35,0.66,33.04,82.31,0.15954005283778244,1.2778697515743909,3.1613519763440046,0.5,0.0,36,SMRA,1.2149192078726765,0,0.0,0.5297,0.1892,0.33039999999999997,0.8231,0,0,0,0,0,0,0,0,0,0,0,0,0
6488,2016,0,49.54,11.21,2.06,0.75,0.49232277645328665,15.42,0.52,35.69,90.95,0.11150350016982508,1.3122386391153646,2.340990243849895,0.3333333333333333,0.0,37,SMRA,1.0995052226498077,0,0.0,0.4954,0.1121,0.3569,0.9095,0,0,0,0,0,0,0,0,0,0,0,0,0
6487,2017,0,47.67,9.44,1.46,0.43,0.2348531974117383,9.33,0.49,36.85,95.57,0.10076772200085886,1.1561260665116342,1.632000196413055,0.3333333333333333,0.0,37,SMRA,1.0463534581981795,0,0.0,0.4767,0.0944,0.3685,0.9556999999999999,0,0,0,0,0,0,0,0,0,0,0,0,0
6486,2018,0,50.18,12.2,1.45,0.36,0.21079853099384765,10.56,0.39,36.94,94.99,0.1086995648024877,1.128628922360468,1.281750129814546,1.0,0.0,38,SMRA,1.052742393936204,0,0.0,0.5018,0.122,0.36939999999999995,0.9499,0,0,0,0,0,0,0,0,0,0,0,0,0
6485,2019,0,49.82,10.32,1.24,0.29,0.18515316545366906,18.15,0.36,36.7,94.9,0.10599287782480368,1.0289539111033168,1.534056020303572,0.2857142857142857,0.16666666666666666,40,SMRA,1.053740779768177,0,0.0,0.4982,0.1032,0.36700000000000005,0.9490000000000001,0,0,0,0,0,0,0,0,0,0,0,0,0
6484,2020,0,48.29,4.89,1.42,0.32,0.1981842411926672,19.39,0.29,37.95,104.1,0.08056287883697737,1.0458761420359117,1.2782255523366202,0.4,0.42857142857142855,37,SMRA,0.9606147934678195,0,0.0,0.4829,0.0489,0.3795,1.041,0,0,0,0,0,0,0,0,0,0,0,0,0
6483,2021,0,49.18,9.87,1.87,0.54,0.3985754824437301,20.04,0.31,27.04,62.73,0.1051102810527085,1.2875575499821816,1.227460431902742,0.3333333333333333,0.3333333333333333,38,SMRA,1.5941335883947076,0,0.0,0.4918,0.0987,0.2704,0.6273,0,0,0,0,0,0,0,0,0,0,0,0,0
6482,2022,0,54.77,13.49,1.5,0.46,0.3311688073073704,19.46,0.27,20.8,50.34,0.10240141884861287,1.1347895524409322,0.850012717031904,0.42857142857142855,0.0,34,SMRA,1.9864918553833926,0,0.0,0.5477000000000001,0.1349,0.20800000000000002,0.5034000000000001,0,0,0,0,0,0,0,0,0,0,0,0,0
6481,2023,0,52.42,15.88,1.32,0.4,0.280556003362762,23.98,0.3,23.11,58.55,0.10133266139368112,1.0274232189061179,0.7715499527360258,0.5,0.0,34,SMRA,1.7079419299743808,0,0.0,0.5242,0.1588,0.2311,0.5855,0,0,0,0,0,0,0,0,0,0,0,0,0
6515,2013,0,0.0,0.0,8.14,8.0,0.18045164114923792,0.0,0.0,2.82,3.05,0.04979391363785294,31.020544964857937,2.3263477951982674,0.5,0.0,32,SMRU,32.78688524590164,0,,0.0,0.0,0.0282,0.0305,0,0,0,0,0,0,0,0,0,0,0,0,0
6514,2014,0,23.33,-4.04,1.77,1.66,0.15539059629232027,2.29,12.35,38.47,76.6,0.014610900677158312,2.4026612703822097,2.414201613049021,0.5,0.2,34,SMRU,1.3054830287206267,0,0.0,0.23329999999999998,-0.0404,0.3847,0.7659999999999999,0,0,0,0,0,0,0,0,0,0,0,0,0
6513,2015,0,4.91,-49.6,0.67,0.64,0.03662169107777232,1.31,13.25,41.27,88.56,-0.1420582593285229,6.409634725853465,2.4097971693998232,0.3333333333333333,0.0,36,SMRU,1.1291779584462511,0,0.0,0.049100000000000005,-0.496,0.4127,0.8856,0,0,0,0,0,0,0,0,0,0,0,0,0
6512,2016,0,4.94,-39.04,1.61,1.52,0.0770920735892985,1.12,14.55,42.97,105.57,-0.09562210532010064,1.9558233208793632,4.29665234681547,0.4,0.0,37,SMRU,0.9472387989012031,0,0.0,0.049400000000000006,-0.39039999999999997,0.42969999999999997,1.0556999999999999,0,0,0,0,0,0,0,0,0,0,0,0,0
6511,2017,0,11.29,4.42,1.11,1.0,0.15674583777182774,1.98,15.81,30.99,61.45,0.012871532855707031,2.6883233958740718,5.884050508380847,0.3333333333333333,0.3333333333333333,37,SMRU,1.6273393002441008,0,0.0,0.11289999999999999,0.044199999999999996,0.3099,0.6145,0,0,0,0,0,0,0,0,0,0,0,0,0
6510,2018,0,14.91,-8.18,2.32,2.22,0.4269777948762746,3.2,21.36,36.79,73.27,-0.03677238929622186,2.305982787520921,8.478859611258365,0.5,0.0,38,SMRU,1.364815067558346,0,0.0,0.1491,-0.0818,0.3679,0.7326999999999999,0,0,0,0,0,0,0,0,0,0,0,0,0
6509,2019,0,2.8,-26.79,1.14,1.07,0.02801786913628194,3.27,34.36,41.35,89.54,-0.13128608525451124,2.1577428869159596,0.8076619986372943,0.42857142857142855,0.0,40,SMRU,1.1168192986374803,0,0.0,0.027999999999999997,-0.26789999999999997,0.41350000000000003,0.8954000000000001,0,0,0,0,0,0,0,0,0,0,0,0,0
6508,2020,0,-12.88,-65.42,0.47,0.42,0.06369058664462385,4.78,32.12,47.56,137.05,-0.32108054954950327,1.869578758666366,1.3905471228685322,0.5,0.0,37,SMRU,0.7296607077708865,0,0.0,-0.1288,-0.6542,0.4756,1.3705,0,0,0,0,0,0,0,0,0,0,0,0,0
6507,2021,0,13.23,-43.67,0.23,0.2,0.04983828570414837,8.7,22.61,58.22,282.77,-0.23820880449372697,2.9816297660409843,2.933826004521662,0.3333333333333333,0.0,38,SMRU,0.3536443045584751,0,0.0,0.1323,-0.43670000000000003,0.5821999999999999,2.8276999999999997,0,0,0,0,0,0,0,0,0,0,0,0,0
6506,2022,0,15.62,-3.64,0.19,0.16,0.01751972516430704,8.67,20.87,61.25,293.78,0.05542537336493575,3.4528110729808734,3.1866104576121144,0.0,0.0,34,SMRU,0.3403907686023555,0,0.0,0.1562,-0.0364,0.6125,2.9377999999999997,0,0,0,0,0,0,0,0,0,0,0,0,0
6505,2023,0,-10.66,-25.31,0.13,0.11,0.01635090385428969,11.39,25.81,66.42,494.09,-0.1258574216173127,3.0482770399264174,5.612239284097112,0.3333333333333333,0.0,34,SMRU,0.20239227671072071,0,0.0,-0.1066,-0.2531,0.6642,4.9409,0,0,0,0,0,0,0,0,0,0,0,0,0
6539,2013,0,26.73,14.81,2.11,1.35,0.18070576036778524,4.61,4.22,19.11,32.18,0.6102718989822647,6.935406852185893,4.885018846268465,0.4,0.25,32,SMSM,3.107520198881293,0,,0.2673,0.1481,0.1911,0.3218,0,0,0,0,0,0,0,0,0,0,0,0,0
6538,2014,0,29.49,16.03,2.11,1.31,0.14131892697466467,4.62,4.45,14.77,23.13,0.8671154372681011,12.367384565512491,6.094203013046733,0.4,0.0,34,SMSM,4.32338953739732,0,0.0,0.2949,0.1603,0.1477,0.23129999999999998,0,0,0,0,0,0,0,0,0,0,0,0,0
6537,2015,0,30.65,16.46,2.39,1.41,0.21507857102876973,4.72,3.92,14.13,21.78,0.7447336701459236,7.919345850068221,4.758085950197466,0.3333333333333333,0.0,36,SMSM,4.591368227731864,0,0.0,0.3065,0.1646,0.1413,0.21780000000000002,0,0,0,0,0,0,0,0,0,0,0,0,0
6536,2016,0,32.04,17.44,2.86,1.77,0.18980022891665782,4.28,3.51,6.97,9.95,0.9344879462267577,10.506777855995379,3.571712333558009,0.5,0.0,37,SMSM,10.050251256281408,0,0.0,0.3204,0.1744,0.0697,0.09949999999999999,0,0,0,0,0,0,0,0,0,0,0,0,0
6535,2017,0,29.82,16.63,3.74,2.17,0.16908264330944744,4.45,3.87,4.34,5.79,1.1044026159175626,10.363586076908893,3.9531784969127832,0.3333333333333333,0.0,37,SMSM,17.271157167530223,0,0.0,0.2982,0.1663,0.0434,0.0579,0,0,0,0,0,0,0,0,0,0,0,0,0
6534,2018,0,30.01,16.11,3.94,2.33,0.1422202179887517,4.6,3.89,3.21,4.18,1.2600971539007506,12.892467230794757,3.7493521141694766,0.4,0.0,38,SMSM,23.923444976076556,0,0.0,0.30010000000000003,0.1611,0.0321,0.0418,0,0,0,0,0,0,0,0,0,0,0,0,0
6533,2019,0,29.86,16.23,4.64,2.94,0.5291332026574616,4.0,3.58,2.61,3.32,1.1910925290140488,13.002314655553699,3.5132522072814063,0.4,0.0,40,SMSM,30.12048192771084,0,0.0,0.2986,0.1623,0.026099999999999998,0.0332,0,0,0,0,0,0,0,0,0,0,0,0,0
6532,2020,0,31.68,16.67,5.76,3.95,1.7390283941444606,3.5,2.94,6.2,7.9,0.9488938345235868,9.059393105798724,3.0114160355822706,0.3333333333333333,0.0,37,SMSM,12.658227848101266,0,0.0,0.31679999999999997,0.16670000000000001,0.062,0.079,0,0,0,0,0,0,0,0,0,0,0,0,0
6531,2021,0,31.76,17.49,4.18,2.53,0.9880224493179907,4.73,3.12,7.3,9.7,0.9465864490106338,11.11651089260276,2.6898302768240363,0.5,0.2,38,SMSM,10.309278350515465,0,0.0,0.3176,0.17489999999999997,0.073,0.09699999999999999,0,0,0,0,0,0,0,0,0,0,0,0,0
6530,2022,0,32.38,19.12,4.43,2.77,1.392730002114114,5.31,2.92,8.01,10.57,1.0374448986134488,10.32946553556069,2.6632966480588314,0.3333333333333333,0.0,34,SMSM,9.460737937559129,0,0.0,0.32380000000000003,0.1912,0.0801,0.1057,0,0,0,0,0,0,0,0,0,0,0,0,0
6529,2023,0,35.39,20.32,5.17,3.59,1.8092728941480354,5.11,3.02,6.45,8.13,1.3668518988949574,12.894065144808108,3.164863102566836,0.2,0.0,34,SMSM,12.300123001230011,0,0.0,0.3539,0.2032,0.0645,0.08130000000000001,0,0,0,0,0,0,0,0,0,0,0,0,0
6563,2013,0,45.43,5.25,3.74,2.37,2.175663660497788,102.93,2.53,24.44,42.05,0.42662720360944945,3.4577091786961507,1.4463715391609893,0.3333333333333333,0.25,32,SONA,2.3781212841854935,0,,0.4543,0.0525,0.2444,0.4205,0,0,0,0,0,0,0,0,0,0,0,0,0
6562,2014,0,46.53,8.88,3.2,2.09,1.7929801607662161,144.76,2.68,19.14,31.75,0.35079954777024663,4.185257719563747,1.0319026208641475,0.4,0.0,34,SONA,3.149606299212598,0,0.0,0.4653,0.0888,0.19140000000000001,0.3175,0,0,0,0,0,0,0,0,0,0,0,0,0
6561,2015,0,46.67,2.58,3.22,2.05,1.6538111202119352,148.57,2.89,17.57,28.14,0.23171798014182762,4.773059786651585,0.9455866190506187,0.4,0.5,36,SONA,3.5536602700781805,0,0.0,0.4667,0.0258,0.1757,0.2814,0,0,0,0,0,0,0,0,0,0,0,0,0
6560,2016,0,44.9,-1.02,2.51,1.61,1.2004723897593947,120.63,2.92,15.59,27.51,-0.0031928283549745077,4.70694718671252,0.7138075371240739,0.3333333333333333,0.0,37,SONA,3.635041802980734,0,0.0,0.449,-0.0102,0.1559,0.2751,0,0,0,0,0,0,0,0,0,0,0,0,0
6559,2017,0,46.13,3.42,2.22,1.23,1.0372015744439178,136.12,2.71,11.02,19.75,0.19530510808633522,5.827367911790293,0.5979299783302918,0.3333333333333333,0.0,37,SONA,5.063291139240506,0,0.0,0.46130000000000004,0.0342,0.11019999999999999,0.1975,0,0,0,0,0,0,0,0,0,0,0,0,0
6558,2018,0,48.05,6.25,2.56,1.42,1.2109922497538537,159.05,2.52,7.42,12.18,0.4032802814205691,8.702328242857572,1.238578520447724,0.4,0.0,38,SONA,8.210180623973727,0,0.0,0.4805,0.0625,0.0742,0.12179999999999999,0,0,0,0,0,0,0,0,0,0,0,0,0
6557,2019,0,48.18,4.48,4.29,2.74,2.313692009849868,148.45,2.35,4.15,5.54,0.3275225106878294,13.459927687866825,9.501618870730663,0.3333333333333333,0.0,40,SONA,18.050541516245488,0,0.0,0.4818,0.044800000000000006,0.0415,0.0554,0,0,0,0,0,0,0,0,0,0,0,0,0
6556,2020,0,51.73,-53.58,7.49,5.93,5.072008448409133,7.6,0.5,6.77,8.21,-1.111466372451004,14.38333165675708,11.29870466461202,0.3333333333333333,0.16666666666666666,37,SONA,12.180267965895249,0,0.0,0.5173,-0.5357999999999999,0.0677,0.0821,0,0,0,0,0,0,0,0,0,0,0,0,0
6555,2021,0,54.38,-84.43,12.05,9.94,8.473516398699376,1.12,0.24,0.57,0.65,-1.1491649689689267,17.018299908368032,11.194284545895956,0.3333333333333333,0.125,38,SONA,153.84615384615384,0,0.0,0.5438000000000001,-0.8443,0.005699999999999999,0.006500000000000001,0,0,0,0,0,0,0,0,0,0,0,0,0
6554,2022,0,52.8,-15.15,3.61,2.96,2.7283542066791147,6.0,1.33,24.19,39.32,-0.1696641824864815,4.102883406271985,9.716409730743536,0.3333333333333333,0.0,34,SONA,2.5432349949135302,0,0.0,0.528,-0.1515,0.2419,0.3932,0,0,0,0,0,0,0,0,0,0,0,0,0
6553,2023,0,53.76,-1.4,4.24,3.3,3.2384830746395594,30.96,2.54,17.31,26.28,0.07690444028656818,4.747898686500639,4.562281253772337,0.6666666666666666,0.0,34,SONA,3.80517503805175,0,0.0,0.5376,-0.013999999999999999,0.17309999999999998,0.26280000000000003,0,0,0,0,0,0,0,0,0,0,0,0,0
6587,2013,0,16.97,-1.71,1.2,0.53,0.04443731874979686,7.34,4.18,52.13,121.92,0.13639214695144222,2.3612387334234426,0.9226826736151023,0.3333333333333333,0.3333333333333333,32,SPMA,0.8202099737532808,0,,0.1697,-0.0171,0.5213,1.2192,0,0,0,0,0,0,0,0,0,0,0,0,0
6586,2014,0,16.83,3.13,3.65,1.58,0.2563416095873884,8.22,3.73,57.11,148.5,0.11072020611163237,1.7311914532506816,0.8127810662777049,0.5,0.25,34,SPMA,0.6734006734006733,0,0.0,0.16829999999999998,0.0313,0.5710999999999999,1.485,0,0,0,0,0,0,0,0,0,0,0,0,0
6585,2015,0,15.53,-2.63,0.93,0.33,0.06040618027445798,9.65,3.23,57.58,167.18,0.08370428575947737,2.128469125372284,0.4542719495058977,0.4,0.0,36,SPMA,0.598157674362962,0,0.0,0.1553,-0.0263,0.5758,1.6718000000000002,0,0,0,0,0,0,0,0,0,0,0,0,0
6584,2016,0,16.12,4.19,2.46,1.03,0.5176055043166986,14.71,3.74,42.26,84.55,0.1537726652113334,2.3560830194376465,0.8457627870672901,0.3333333333333333,0.3333333333333333,37,SPMA,1.1827321111768185,0,0.0,0.1612,0.04190000000000001,0.4226,0.8454999999999999,0,0,0,0,0,0,0,0,0,0,0,0,0
6583,2017,0,15.07,4.41,1.02,0.36,0.16427821336344364,19.01,3.99,38.54,71.54,0.18321060663581987,5.346393504831316,0.8508698595647122,0.3333333333333333,0.4,37,SPMA,1.3978194017332959,0,0.0,0.1507,0.0441,0.38539999999999996,0.7154,0,0,0,0,0,0,0,0,0,0,0,0,0
6582,2018,0,15.61,3.44,3.76,1.75,1.0182351213593663,19.95,4.21,36.79,66.95,0.20801990451332297,2.5837855636199176,0.9299729503399644,0.5,0.0,38,SPMA,1.4936519790888723,0,0.0,0.1561,0.0344,0.3679,0.6695,0,0,0,0,0,0,0,0,0,0,0,0,0
6581,2019,0,14.91,4.75,1.62,0.8,0.36673640832720517,16.19,4.54,31.52,54.27,0.18892850068560096,4.210872438565407,1.1406961132140443,0.6,0.0,40,SPMA,1.8426386585590564,0,0.0,0.1491,0.0475,0.3152,0.5427000000000001,0,0,0,0,0,0,0,0,0,0,0,0,0
6580,2020,0,18.26,7.55,1.73,0.75,0.299881049829069,13.21,4.22,21.32,32.24,0.3043891037600779,4.715961871509293,0.9523631263595332,0.3333333333333333,0.0,37,SPMA,3.1017369727047144,0,0.0,0.1826,0.0755,0.2132,0.3224,0,0,0,0,0,0,0,0,0,0,0,0,0
6579,2021,0,21.08,10.53,2.23,0.95,0.4381159953674438,15.56,4.67,23.23,35.14,0.44227330675525783,4.7829833085909,1.3742359121973975,0.5,0.0,38,SPMA,2.8457598178713717,0,0.0,0.2108,0.10529999999999999,0.2323,0.3514,0,0,0,0,0,0,0,0,0,0,0,0,0
6578,2022,0,22.9,10.71,3.65,1.43,0.8369821795312823,14.64,3.43,22.55,34.03,0.49260330692976234,3.9894651159202357,0.7289001004737209,0.3333333333333333,0.3333333333333333,34,SPMA,2.938583602703497,0,0.0,0.22899999999999998,0.10710000000000001,0.2255,0.3403,0,0,0,0,0,0,0,0,0,0,0,0,0
6577,2023,0,17.7,6.72,2.81,1.13,0.6651779807342894,12.43,2.63,19.17,27.31,0.2627760420257337,5.712891267340074,0.4732323493794933,0.0,0.25,34,SPMA,3.6616623947272062,0,0.0,0.177,0.0672,0.1917,0.2731,0,0,0,0,0,0,0,0,0,0,0,0,0
6611,2013,0,31.42,-25.09,1.09,1.05,0.48057757149580643,15.59,11.49,23.61,38.89,-0.053693211548126396,3.9979187376621983,1.611553382162712,0.3333333333333333,0.16666666666666666,32,SRAJ,2.5713551041398817,0,,0.31420000000000003,-0.2509,0.2361,0.3889,0,0,0,0,0,0,0,0,0,0,0,0,0
6610,2014,0,7.13,-29.55,1.19,1.13,0.5595801335394809,15.44,15.71,22.93,37.22,-0.1407976640207841,4.466427765090352,2.1742514416113585,0.5,0.0,34,SRAJ,2.6867275658248255,0,0.0,0.0713,-0.2955,0.2293,0.3722,0,0,0,0,0,0,0,0,0,0,0,0,0
6609,2015,0,12.51,-29.52,0.69,0.64,0.3751336570021641,15.01,16.83,20.86,34.36,-0.15693297720337665,6.104708222521927,2.927343363520888,0.3333333333333333,0.5,36,SRAJ,2.910360884749709,0,0.0,0.1251,-0.2952,0.2086,0.3436,0,0,0,0,0,0,0,0,0,0,0,0,0
6608,2016,0,18.87,-16.92,2.17,2.12,1.2378994440376152,12.22,20.11,9.21,12.3,-0.15366705682130918,15.85350722415004,1.5451637984404853,0.5,0.0,37,SRAJ,8.130081300813007,0,0.0,0.1887,-0.16920000000000002,0.09210000000000002,0.12300000000000001,0,0,0,0,0,0,0,0,0,0,0,0,0
6607,2017,0,17.71,-16.03,1.37,1.32,0.4636726707657454,8.89,20.52,4.43,5.88,-0.1718584480579263,31.48607013855595,1.6260325716872766,0.6,0.6666666666666666,37,SRAJ,17.006802721088437,0,0.0,0.1771,-0.1603,0.0443,0.0588,0,0,0,0,0,0,0,0,0,0,0,0,0
6606,2018,0,23.24,-11.86,0.71,0.67,0.2506486018052014,7.58,21.86,4.99,7.41,-0.09518670888620237,15.92551180939271,1.6541737416596805,0.6666666666666666,0.0,38,SRAJ,13.49527665317139,0,0.0,0.2324,-0.1186,0.0499,0.0741,0,0,0,0,0,0,0,0,0,0,0,0,0
6605,2019,0,27.97,-7.56,0.39,0.35,0.17413719246866952,7.15,20.79,8.09,14.16,-0.045020498752692574,8.588870983926617,1.81028009591667,0.5,0.0,40,SRAJ,7.062146892655367,0,0.0,0.2797,-0.0756,0.0809,0.1416,0,0,0,0,0,0,0,0,0,0,0,0,0
6604,2020,0,32.65,-1.13,0.58,0.53,0.23066332150818256,6.75,15.09,24.67,61.11,0.01202410387031198,2.9068753501517004,1.3951634492226852,0.5,0.4,37,SRAJ,1.6363933889707085,0,0.0,0.3265,-0.0113,0.24670000000000003,0.6111,0,0,0,0,0,0,0,0,0,0,0,0,0
6603,2021,0,36.64,8.61,0.38,0.36,0.23805236805101393,8.14,16.81,17.37,43.9,0.07692030876151339,7.757524596970504,1.9301721357006316,0.5,0.0,38,SRAJ,2.277904328018223,0,0.0,0.3664,0.0861,0.17370000000000002,0.439,0,0,0,0,0,0,0,0,0,0,0,0,0
6602,2022,0,28.8,-2.28,0.56,0.54,0.2901194781629051,7.57,22.95,30.01,91.04,0.008046206382949114,2.5140565875689327,4.1476987766119,0.5,0.8,34,SRAJ,1.0984182776801406,0,0.0,0.28800000000000003,-0.022799999999999997,0.30010000000000003,0.9104000000000001,0,0,0,0,0,0,0,0,0,0,0,0,0
6601,2023,0,28.68,-1.53,0.47,0.45,0.1374253968033794,7.44,36.22,29.44,88.84,0.0283450800969048,2.130315802028591,1.9382476329196314,0.3333333333333333,0.3333333333333333,34,SRAJ,1.1256190904997747,0,0.0,0.2868,-0.015300000000000001,0.2944,0.8884000000000001,0,0,0,0,0,0,0,0,0,0,0,0,0
6635,2013,0,21.54,6.98,1.05,0.4,0.03334614786702936,9.52,3.06,0.5851176948688112,1.4103221266180355,0.24148217925707205,3.232434283452019,1.968495607326523,0.8,0.0,32,SRIL,70.90578677922387,0,,0.21539999999999998,0.0698,0.005851176948688111,0.014103221266180355,0,0,0,0,0,0,0,0,0,0,0,0,0
6634,2014,0,22.0,9.1,5.06,3.36,1.2654772380994015,5.81,3.77,0.6688452338633478,2.019736093991009,0.19590270517520864,1.574348760269057,1.0577644114179363,0.3333333333333333,0.2,34,SRIL,49.51141899058677,0,0.0,0.22,0.091,0.006688452338633478,0.020197360939910092,0,0,0,0,0,0,0,0,0,0,0,0,0
6633,2015,0,21.41,8.95,4.81,2.79,1.1486294937885604,5.38,3.98,0.6467194392960574,1.8306114494593526,0.18985626909223857,1.6297440657135989,1.8959021067655824,0.6,0.0,36,SRIL,54.626556623762895,0,0.0,0.2141,0.0895,0.006467194392960574,0.018306114494593528,0,0,0,0,0,0,0,0,0,0,0,0,0
6632,2016,0,21.12,8.73,3.06,1.87,0.4896650392340515,5.4,3.78,0.6504221951945655,1.8605935109540856,0.18652919126472514,1.672259477511386,0.958816375044763,0.3333333333333333,0.0,37,SRIL,53.74629085356825,0,0.0,0.2112,0.0873,0.006504221951945654,0.018605935109540856,0,0,0,0,0,0,0,0,0,0,0,0,0
6631,2017,0,22.55,8.96,3.68,2.16,0.7262601265520758,4.49,2.84,0.6293415673929789,1.6979016583179107,0.17771884741106503,1.7682313696190752,1.295761394001207,0.3333333333333333,0.14285714285714285,37,SRIL,58.896226121287086,0,0.0,0.2255,0.08960000000000001,0.006293415673929789,0.01697901658317911,0,0,0,0,0,0,0,0,0,0,0,0,0
6630,2018,0,17.77,8.18,3.08,1.64,0.5593810394151921,5.37,2.84,0.6215948620173525,1.642670248430551,0.15987828489307243,1.8339093314652488,0.9866354710433183,0.5,0.2727272727272727,38,SRIL,60.8764906380587,0,0.0,0.1777,0.0818,0.006215948620173525,0.01642670248430551,0,0,0,0,0,0,0,0,0,0,0,0,0
6629,2019,0,17.16,7.42,4.9,2.92,0.9223077775277821,5.12,2.83,0.6199018490121885,1.630899406906262,0.19420871529921283,1.7559143719628956,0.6464149955347893,0.5,0.5,40,SRIL,61.31586017907457,0,0.0,0.1716,0.0742,0.006199018490121885,0.01630899406906262,0,0,0,0,0,0,0,0,0,0,0,0,0
6628,2020,0,17.7,6.65,2.89,1.65,0.47105023948960784,4.17,2.47,0.6369216301540997,1.754226313245885,0.14992266611346752,1.8607204639851498,0.5675903206181236,0.5,0.0,37,SRIL,57.005187554716194,0,0.0,0.177,0.0665,0.0063692163015409975,0.017542263132458852,0,0,0,0,0,0,0,0,0,0,0,0,0
6627,2021,0,-99.77,-126.77,0.38,0.13,0.00556176755882986,3.93,3.87,1.31564522556816,-4.1681138157562945,-0.6014595000949713,-6.5023156086038245,-0.5380549470649081,0.42857142857142855,0.0,38,SRIL,-23.99166731531664,1,0.0,-0.9976999999999999,-1.2677,0.013156452255681602,-0.04168113815756294,0,0,0,0,0,0,0,0,0,0,0,0,0
6626,2022,1,-51.0,-75.41,2.57,1.16,0.15346153232185183,8.35,2.99,2.0215374875213046,-1.9789165960286352,-0.17051069198418733,0.45731791124379834,-0.24563028410153978,0.6,0.6666666666666666,34,SRIL,-50.532700671005436,1,1.0,-0.51,-0.7541,0.020215374875213046,-0.01978916596028635,0,0,0,0,0,0,0,0,0,0,0,0,0
6625,2023,1,-24.55,-53.78,1.74,1.11,0.021837719130210473,6.68,3.65,2.471252726791933,-1.679692877905824,-0.07479992873237228,0.359519470207571,-0.20313684560068926,0.0,0.0,34,SRIL,-59.534693106918525,1,1.0,-0.2455,-0.5378000000000001,0.02471252726791933,-0.01679692877905824,0,0,0,0,0,0,0,0,0,0,0,0,0
6659,2013,0,22.0,4.08,3.28,1.02,0.0959345486450373,5.27,1.47,17.49,23.41,0.3312104136390987,19.975732840569883,0.9574533374937066,0.25,0.0,32,SRSN,4.271678769756514,0,,0.22,0.0408,0.17489999999999997,0.2341,0,0,0,0,0,0,0,0,0,0,0,0,0
6658,2014,0,20.38,3.09,2.87,1.31,0.20124966364877891,5.36,1.95,20.6,29.56,0.2747149988504389,14.543881469986045,0.9289257233553094,0.3333333333333333,0.0,34,SRSN,3.3829499323410017,0,0.0,0.20379999999999998,0.030899999999999997,0.20600000000000002,0.2956,0,0,0,0,0,0,0,0,0,0,0,0,0
6657,2015,0,21.53,2.92,2.17,1.07,0.07582915519183557,5.01,2.06,30.84,52.06,0.15046403985670062,12.108790877041553,0.885086288973628,0.3333333333333333,0.2,36,SRSN,1.9208605455243948,0,0.0,0.21530000000000002,0.0292,0.3084,0.5206000000000001,0,0,0,0,0,0,0,0,0,0,0,0,0
6656,2016,0,17.92,2.21,1.74,0.79,0.01441530150783946,4.25,1.69,36.54,65.18,0.06321061045537442,11.37429737057997,0.7486563366037287,0.5,0.25,37,SRSN,1.5342129487572873,0,0.0,0.17920000000000003,0.022099999999999998,0.3654,0.6518,0,0,0,0,0,0,0,0,0,0,0,0,0
6655,2017,0,21.87,3.39,2.13,0.8,0.03926439818336488,4.87,1.54,28.26,44.39,0.17432321579384213,11.653031808527098,0.7246317915934088,0.5,0.0,37,SRSN,2.2527596305474207,0,0.0,0.2187,0.0339,0.2826,0.4439,0,0,0,0,0,0,0,0,0,0,0,0,0
6654,2018,0,23.78,6.45,2.45,1.18,0.04991139770664958,5.37,1.84,22.78,32.75,0.3106176613580429,19.20840210404164,0.7937829901535245,0.5,0.0,38,SRSN,3.0534351145038165,0,0.0,0.2378,0.0645,0.2278,0.3275,0,0,0,0,0,0,0,0,0,0,0,0,0
6653,2019,0,25.27,6.26,2.47,1.16,0.12610991465676163,4.83,1.98,23.63,35.78,0.2702352360534652,11.955340240327883,0.7954907736857645,0.3333333333333333,0.0,40,SRSN,2.794857462269424,0,0.0,0.2527,0.0626,0.23629999999999998,0.3578,0,0,0,0,0,0,0,0,0,0,0,0,0
6652,2020,0,21.46,4.96,2.17,0.96,0.1519120328495261,5.3,2.3,28.82,44.45,0.25564554360957,12.279029407874523,0.5909767946071877,0.75,0.0,37,SRSN,2.249718785151856,0,0.0,0.2146,0.0496,0.2882,0.4445,0,0,0,0,0,0,0,0,0,0,0,0,0
6651,2021,0,18.48,2.92,2.48,0.88,0.11553577489274987,5.97,2.23,22.44,31.74,0.22031537476382732,16.619888266515083,0.5443866430384997,0.375,0.5,38,SRSN,3.1505986137366104,0,0.0,0.1848,0.0292,0.22440000000000002,0.31739999999999996,0,0,0,0,0,0,0,0,0,0,0,0,0
6650,2022,0,18.99,3.44,2.82,1.36,0.08114768507793696,6.44,2.56,19.02,25.33,0.2317648523133011,25.31877749630772,0.4727636124148395,0.4,0.5,34,SRSN,3.9478878799842088,0,0.0,0.18989999999999999,0.0344,0.1902,0.25329999999999997,0,0,0,0,0,0,0,0,0,0,0,0,0
6649,2023,0,23.18,5.65,2.89,1.35,0.09122807625799795,5.62,2.66,16.9,22.27,0.39799261538385877,35.24691961476407,0.5676148097844443,0.3333333333333333,0.0,34,SRSN,4.49034575662326,0,0.0,0.2318,0.0565,0.16899999999999998,0.2227,0,0,0,0,0,0,0,0,0,0,0,0,0
6683,2013,0,28.32,16.29,2.01,1.76,0.9140585953186907,5.01,10.55,22.66,50.46,0.26515181887790684,2.936200818070145,1.0088696468437401,0.3333333333333333,0.25,32,SSIA,1.9817677368212443,0,,0.2832,0.1629,0.2266,0.5046,0,0,0,0,0,0,0,0,0,0,0,0,0
6682,2014,0,23.21,11.55,1.68,1.48,0.6795546217859201,4.34,8.47,21.34,42.52,0.16849623859018528,3.392661027496175,1.6733415923436252,0.3333333333333333,0.25,34,SSIA,2.3518344308560675,0,0.0,0.2321,0.1155,0.2134,0.4252,0,0,0,0,0,0,0,0,0,0,0,0,0
6681,2015,0,23.86,7.87,1.56,1.31,0.4977521039355989,4.82,8.97,21.31,41.26,0.16935096224636917,3.6301529148166005,1.0078651292921261,0.3333333333333333,0.25,36,SSIA,2.423654871546292,0,0.0,0.2386,0.0787,0.21309999999999998,0.41259999999999997,0,0,0,0,0,0,0,0,0,0,0,0,0
6680,2016,0,27.91,2.66,1.78,1.58,0.8025184118407048,3.31,6.31,34.15,73.29,0.10233412777176899,2.7226956673124243,0.6090616093932231,0.42857142857142855,0.0,37,SSIA,1.3644426251876107,0,0.0,0.2791,0.026600000000000002,0.34149999999999997,0.7329000000000001,0,0,0,0,0,0,0,0,0,0,0,0,0
6679,2017,0,26.18,37.91,1.93,1.77,0.44704021913510417,1.46,6.0,25.66,50.72,0.051564048453099184,3.580941032903246,0.5412760971778099,0.3333333333333333,0.25,37,SSIA,1.971608832807571,0,0.0,0.2618,0.3791,0.2566,0.5072,0,0,0,0,0,0,0,0,0,0,0,0,0
6678,2018,0,26.42,2.44,1.7,1.47,0.7789392597737818,1.61,6.18,20.35,34.36,0.08451234242437305,5.447129195213318,0.5365156946937493,0.3333333333333333,0.5,38,SSIA,2.910360884749709,0,0.0,0.2642,0.024399999999999998,0.20350000000000001,0.3436,0,0,0,0,0,0,0,0,0,0,0,0,0
6677,2019,0,27.18,3.4,2.37,2.12,1.0025517238741302,2.87,6.59,22.94,41.45,0.10539282970350923,3.3555804327003647,0.6882122853556335,0.3333333333333333,0.0,40,SSIA,2.4125452352231602,0,0.0,0.2718,0.034,0.22940000000000002,0.41450000000000004,0,0,0,0,0,0,0,0,0,0,0,0,0
6676,2020,0,21.75,-2.62,1.61,1.35,0.5157157425088321,1.98,5.06,27.38,49.32,0.03817721912026906,3.7722685894515955,0.6394400170281146,0.3333333333333333,0.25,37,SSIA,2.02757502027575,0,0.0,0.2175,-0.0262,0.2738,0.4932,0,0,0,0,0,0,0,0,0,0,0,0,0
6675,2021,0,22.29,-8.12,2.07,1.69,0.5993463700903398,1.64,3.51,31.16,59.63,0.023373972291214816,2.8004234477939156,0.5622296184013943,0.25,0.0,38,SSIA,1.6770082173402647,0,0.0,0.2229,-0.0812,0.3116,0.5963,0,0,0,0,0,0,0,0,0,0,0,0,0
6674,2022,0,25.36,5.75,1.82,1.61,0.6768699977213652,2.41,5.81,31.97,62.22,0.0739856148111799,2.9372039822100033,0.3026759331214069,0.3333333333333333,0.5,34,SSIA,1.6072002571520412,0,0.0,0.2536,0.0575,0.3197,0.6222,0,0,0,0,0,0,0,0,0,0,0,0,0
6673,2023,0,29.16,5.1,2.13,1.92,0.8865488907842565,3.01,9.32,31.01,58.74,0.140000224025721,2.8119853217810795,0.45956998484993844,0.3,0.25,34,SSIA,1.7024174327545114,0,0.0,0.2916,0.051,0.31010000000000004,0.5874,0,0,0,0,0,0,0,0,0,0,0,0,0
6707,2013,0,51.62,32.19,2.81,2.74,1.8582563951715327,6.4,13.11,30.29,48.41,0.6575385516997174,4.364137053492021,3.3720158008243843,0.5,0.0,32,SSMS,2.065688907250568,0,,0.5162,0.32189999999999996,0.3029,0.4841,0,0,0,0,0,0,0,0,0,0,0,0,0
6706,2014,0,50.44,25.43,1.05,1.02,0.7017966872420844,3.81,19.01,27.57,66.88,0.2516970514263846,3.043037981642905,5.687303432779626,0.3333333333333333,0.25,34,SSMS,1.4952153110047848,0,0.0,0.5044,0.25429999999999997,0.2757,0.6688,0,0,0,0,0,0,0,0,0,0,0,0,0
6705,2015,0,52.58,24.03,1.38,1.25,0.4005602576329921,2.55,8.83,45.59,105.49,0.22641324396914994,2.1339229327952824,6.156791496959654,0.5,0.3333333333333333,36,SSMS,0.9479571523367144,0,0.0,0.5257999999999999,0.2403,0.4559,1.0549,0,0,0,0,0,0,0,0,0,0,0,0,0
6704,2016,0,53.85,21.73,1.48,1.27,0.12358381136118224,2.14,5.83,41.53,85.18,0.2618374586223481,2.465598856116523,3.742910357294697,0.4,0.0,37,SSMS,1.1739845034045548,0,0.0,0.5385,0.2173,0.4153,0.8518000000000001,0,0,0,0,0,0,0,0,0,0,0,0,0
6703,2017,0,53.24,25.02,4.36,4.01,1.960733102090177,1.83,4.58,47.83,111.78,0.21346188538378014,1.9356855505827537,3.4164331777795063,0.3333333333333333,0.16666666666666666,37,SSMS,0.8946144211844695,0,0.0,0.5324,0.2502,0.4783,1.1178,0,0,0,0,0,0,0,0,0,0,0,0,0
6702,2018,0,43.13,2.34,5.28,4.99,2.0100901957728805,1.48,5.81,52.73,146.38,0.12037451287012307,1.670326843377661,2.9259563714090255,0.3333333333333333,0.25,38,SSMS,0.6831534362617844,0,0.0,0.4313,0.023399999999999997,0.5273,1.4638,0,0,0,0,0,0,0,0,0,0,0,0,0
6701,2019,0,30.8,0.37,2.51,2.17,1.6826637352800362,2.04,5.88,53.74,156.45,0.02744096277545542,1.6290570157509319,1.9782455252469031,0.0,0.0,40,SSMS,0.6391818472355386,0,0.0,0.308,0.0037,0.5374,1.5644999999999998,0,0,0,0,0,0,0,0,0,0,0,0,0
6700,2020,0,44.81,14.48,2.37,1.99,1.3261196359790968,8.71,4.44,49.7,130.35,0.15082270866248582,1.753236496978473,2.4444204638313827,0.5,0.0,37,SSMS,0.7671653241273495,0,0.0,0.4481,0.1448,0.49700000000000005,1.3034999999999999,0,0,0,0,0,0,0,0,0,0,0,0,0
6699,2021,0,42.38,29.35,1.71,1.3,0.7337965030778141,6.38,3.57,70.72,520.09,0.18168985197699067,1.22242470178913,6.314303890004757,0.3333333333333333,0.0,38,SSMS,0.19227441404372317,0,0.0,0.4238,0.29350000000000004,0.7071999999999999,5.200900000000001,0,0,0,0,0,0,0,0,0,0,0,0,0
6698,2022,0,38.29,13.12,1.11,0.85,0.4330560424895532,9.34,6.22,64.31,350.32,0.3324523707204854,1.4155400006613303,6.8484829310603645,0.5,0.0,34,SSMS,0.28545329984014617,0,0.0,0.3829,0.13119999999999998,0.6431,3.5032,0,0,0,0,0,0,0,0,0,0,0,0,0
6697,2023,0,26.15,3.21,1.06,0.83,0.2602159822795199,7.5,7.29,69.26,411.05,0.11546202628753445,1.3928365783585208,5.001916971221049,0.6,0.2,34,SSMS,0.24327940639824838,0,0.0,0.2615,0.0321,0.6926000000000001,4.1105,0,0,0,0,0,0,0,0,0,0,0,0,0
6731,2013,0,4.08,-2.31,1.31,0.22,0.008671375958768922,10.97,1.5,0.661152857654358,1.951183218124788,-0.006572375248233666,2.2676168373100674,0.34044304073469384,0.2,0.0,32,SSTM,51.25095330417326,0,,0.0408,-0.0231,0.0066115285765435804,0.019511832181247878,0,0,0,0,0,0,0,0,0,0,0,0,0
6730,2014,0,0.74,-2.47,1.2,0.15,0.004349729511551212,9.03,1.49,0.6653973070105619,1.9886191024516506,-0.04397773681417647,2.4201501843847293,0.46588527247061856,0.3333333333333333,0.0,34,SSTM,50.28615076497853,0,0.0,0.0074,-0.024700000000000003,0.006653973070105619,0.019886191024516508,0,0,0,0,0,0,0,0,0,0,0,0,0
6729,2015,0,0.27,-2.07,1.14,0.16,0.005270449361839951,10.27,1.5,0.6618689205437708,1.9574329624125812,-0.04678824394421075,2.670348492739393,0.2494445082271359,0.0,0.0,36,SSTM,51.08731789044142,0,0.0,0.0027,-0.0207,0.006618689205437708,0.01957432962412581,0,0,0,0,0,0,0,0,0,0,0,0,0
6728,2016,0,0.49,-3.61,1.17,0.19,0.008605547377079354,8.73,1.45,0.6337430579934583,1.7303236752178879,-0.05196191446159958,2.824416754822793,1.771566689092783,0.5,0.0,37,SSTM,57.79265546222598,0,0.0,0.0049,-0.0361,0.006337430579934583,0.017303236752178878,0,0,0,0,0,0,0,0,0,0,0,0,0
6727,2017,0,1.06,-6.9,1.71,0.1,0.013063381743892806,10.55,1.19,0.6491900904865306,1.850546614881641,-0.05481266363760654,2.008111864941865,2.094817143197367,0.3333333333333333,0.0,37,SSTM,54.03808755522535,0,0.0,0.0106,-0.069,0.006491900904865306,0.01850546614881641,0,0,0,0,0,0,0,0,0,0,0,0,0
6726,2018,0,2.86,0.27,2.23,0.14,0.02520241931319801,26.14,1.4,0.6171109738881998,1.611722801655874,-0.03516147543484701,2.0011355714129557,2.458769577791554,0.5,0.0,38,SSTM,62.04540873732171,0,0.0,0.0286,0.0027,0.006171109738881998,0.01611722801655874,0,0,0,0,0,0,0,0,0,0,0,0,0
6725,2019,0,3.85,-4.59,1.59,0.1,0.011015071637031776,23.4,1.3,0.6107959156985756,1.5693461100103367,-0.031431804417507994,2.351907013102814,3.097505339595774,0.4,0.0,40,SSTM,63.72080662266485,0,0.0,0.0385,-0.045899999999999996,0.0061079591569857565,0.01569346110010337,0,0,0,0,0,0,0,0,0,0,0,0,0
6724,2020,0,2.83,-6.96,1.49,0.09,0.010788034234287229,15.7,0.9,0.6134728627418109,1.5871404712392865,-0.03602032824933176,2.42483386009691,3.581889722089713,0.5,0.0,37,SSTM,63.00639534566025,0,0.0,0.028300000000000002,-0.0696,0.006134728627418109,0.015871404712392866,0,0,0,0,0,0,0,0,0,0,0,0,0
6723,2021,0,2.65,25.02,2.29,0.12,0.01918684148174963,19.7,0.93,0.48140497439601204,0.9282869110349408,-0.0572215146977368,3.126843403923131,3.8859519479974605,0.4,0.0,38,SSTM,107.7253151059845,0,0.0,0.0265,0.2502,0.00481404974396012,0.009282869110349408,0,0,0,0,0,0,0,0,0,0,0,0,0
6722,2022,0,2.2,-2.32,1.43,0.02,0.010504596518020597,48.88,1.07,0.4602036903434736,0.8525506420293723,-0.06197875950419253,7.075000279671813,3.8538019331914772,0.4,0.4,34,SSTM,117.2950849722717,0,0.0,0.022000000000000002,-0.0232,0.004602036903434736,0.008525506420293722,0,0,0,0,0,0,0,0,0,0,0,0,0
6721,2023,0,1.1,-2.78,1.48,0.03,0.01555408145870653,183.61,0.98,0.44353954473291385,0.7970728926640918,-0.06722428319527557,7.715239839218762,2.4722637096098286,0.3333333333333333,0.0,34,SSTM,125.45904009577542,0,0.0,0.011000000000000001,-0.0278,0.004435395447329138,0.007970728926640918,0,0,0,0,0,0,0,0,0,0,0,0,0
6755,2013,0,4.08,-2.31,1.31,0.22,0.008671375958768922,10.97,1.5,0.661152857654358,1.951183218124788,-0.012823908287572268,2.2676168373100674,0.34044304073469384,0.5,0.375,32,STAR,51.25095330417326,0,,0.0408,-0.0231,0.0066115285765435804,0.019511832181247878,0,0,0,0,0,0,0,0,0,0,0,0,0
6754,2014,0,0.74,-2.47,1.2,0.15,0.004349729511551212,9.03,1.49,0.6653973070105619,1.9886191024516506,-0.08745496751126253,2.4201501843847293,0.46588527247061856,0.0,0.0,34,STAR,50.28615076497853,0,0.0,0.0074,-0.024700000000000003,0.006653973070105619,0.019886191024516508,0,0,0,0,0,0,0,0,0,0,0,0,0
6753,2015,0,0.27,-2.07,1.14,0.16,0.005270449361839951,10.27,1.5,0.6618689205437708,1.9574329624125812,-0.09158485094979896,2.670348492739393,0.2494445082271359,0.6666666666666666,0.6666666666666666,36,STAR,51.08731789044142,0,0.0,0.0027,-0.0207,0.006618689205437708,0.01957432962412581,0,0,0,0,0,0,0,0,0,0,0,0,0
6752,2016,0,0.49,-3.61,1.17,0.19,0.008605547377079354,8.73,1.45,0.6337430579934583,1.7303236752178879,-0.08991093080255251,2.824416754822793,1.771566689092783,0.5,0.0,37,STAR,57.79265546222598,0,0.0,0.0049,-0.0361,0.006337430579934583,0.017303236752178878,0,0,0,0,0,0,0,0,0,0,0,0,0
6751,2017,0,1.06,-6.9,1.71,0.1,0.013063381743892806,10.55,1.19,0.6491900904865306,1.850546614881641,-0.1014333891472188,2.008111864941865,2.094817143197367,0.4,0.2,37,STAR,54.03808755522535,0,0.0,0.0106,-0.069,0.006491900904865306,0.01850546614881641,0,0,0,0,0,0,0,0,0,0,0,0,0
6750,2018,0,2.86,0.27,2.23,0.14,0.02520241931319801,26.14,1.4,0.6171109738881998,1.611722801655874,-0.05667055169820582,2.0011355714129557,2.458769577791554,0.4,0.0,38,STAR,62.04540873732171,0,0.0,0.0286,0.0027,0.006171109738881998,0.01611722801655874,0,0,0,0,0,0,0,0,0,0,0,0,0
6749,2019,0,3.85,-4.59,1.59,0.1,0.011015071637031776,23.4,1.3,0.6107959156985756,1.5693461100103367,-0.049327379993221884,2.351907013102814,3.097505339595774,0.5,0.0,40,STAR,63.72080662266485,0,0.0,0.0385,-0.045899999999999996,0.0061079591569857565,0.01569346110010337,0,0,0,0,0,0,0,0,0,0,0,0,0
6748,2020,0,2.83,-6.96,1.49,0.09,0.010788034234287229,15.7,0.9,0.6134728627418109,1.5871404712392865,-0.05716932075183819,2.42483386009691,3.581889722089713,0.4,0.0,37,STAR,63.00639534566025,0,0.0,0.028300000000000002,-0.0696,0.006134728627418109,0.015871404712392866,0,0,0,0,0,0,0,0,0,0,0,0,0
6747,2021,0,2.65,25.02,2.29,0.12,0.01918684148174963,19.7,0.93,0.48140497439601204,0.9282869110349408,-0.05311798312350255,3.126843403923131,3.8859519479974605,0.5,0.0,38,STAR,107.7253151059845,0,0.0,0.0265,0.2502,0.00481404974396012,0.009282869110349408,0,0,0,0,0,0,0,0,0,0,0,0,0
6746,2022,0,2.2,-2.32,1.43,0.02,0.010504596518020597,48.88,1.07,0.4602036903434736,0.8525506420293723,-0.052840031207483394,7.075000279671813,3.8538019331914772,0.5,0.0,34,STAR,117.2950849722717,0,0.0,0.022000000000000002,-0.0232,0.004602036903434736,0.008525506420293722,0,0,0,0,0,0,0,0,0,0,0,0,0
6745,2023,0,1.1,-2.78,1.48,0.03,0.01555408145870653,183.61,0.98,0.44353954473291385,0.7970728926640918,-0.053582653863728395,7.715239839218762,2.4722637096098286,0.3333333333333333,0.0,34,STAR,125.45904009577542,0,0.0,0.011000000000000001,-0.0278,0.004435395447329138,0.007970728926640918,0,0,0,0,0,0,0,0,0,0,0,0,0
6779,2013,0,18.29,6.75,1.14,0.62,0.04549842549925015,7.77,4.97,0.5278228814952476,1.1178493425660043,0.24474108416884777,4.922912690539729,2.925251255172618,0.3333333333333333,0.25,32,STTP,89.45749323468911,0,,0.18289999999999998,0.0675,0.0052782288149524756,0.011178493425660043,0,0,0,0,0,0,0,0,0,0,0,0,0
6778,2014,0,18.38,5.7,1.48,0.88,0.048070684301630494,8.39,5.52,0.5203453090214912,1.0848331493641237,0.2557141211430178,3.3565472979637123,4.626302532820272,0.75,0.5,34,STTP,92.18007401287021,0,0.0,0.1838,0.057,0.005203453090214912,0.010848331493641237,0,0,0,0,0,0,0,0,0,0,0,0,0
6777,2015,0,20.89,7.3,1.58,1.01,0.031002960828558024,8.52,6.29,0.4744601812878288,0.9028053905610571,0.33805003468369615,3.8316062901602295,3.9151596428482844,0.3333333333333333,0.6666666666666666,36,STTP,110.76584283336415,0,0.0,0.2089,0.073,0.004744601812878288,0.009028053905610572,0,0,0,0,0,0,0,0,0,0,0,0,0
6776,2016,0,20.87,6.62,1.65,1.09,0.3991839019428018,7.66,6.68,0.5000391321168246,1.0001565407102786,0.24858093601319423,2.911998344601862,3.5762572465294875,0.4,0.25,37,STTP,99.98434837908799,0,0.0,0.2087,0.0662,0.005000391321168246,0.010001565407102786,0,0,0,0,0,0,0,0,0,0,0,0,0
6775,2017,0,21.39,7.65,2.62,1.77,0.6532406596884465,7.44,7.22,0.408831587702798,0.691565346183049,0.3635353210872546,3.312976703242408,4.125794305113551,0.5,0.0,37,STTP,144.5994952637942,0,0.0,0.2139,0.0765,0.00408831587702798,0.0069156534618304896,0,0,0,0,0,0,0,0,0,0,0,0,0
6774,2018,0,21.75,9.02,1.85,1.28,0.6047967460269144,6.79,6.43,0.37428005358107236,0.5981590577751648,0.36163283379274985,6.343189693150669,2.983804642824678,0.3333333333333333,0.0,38,STTP,167.17961334890938,0,0.0,0.2175,0.0902,0.0037428005358107236,0.005981590577751648,0,0,0,0,0,0,0,0,0,0,0,0,0
6773,2019,0,27.13,13.74,2.85,2.06,0.5550364418448023,6.72,7.22,0.25456880678956134,0.3415054388764965,0.8516809360400559,7.607920067393998,2.7444044540356023,0.42857142857142855,0.0,40,STTP,292.82110507225167,0,0.0,0.2713,0.1374,0.0025456880678956136,0.003415054388764965,0,0,0,0,0,0,0,0,0,0,0,0,0
6772,2020,0,27.97,16.34,2.41,1.93,1.1464528362587465,7.11,8.89,0.22490518173342602,0.2901647339565566,1.0253169566797853,18.873743540898488,4.632203060325891,0.3333333333333333,0.0,37,STTP,344.631818748077,0,0.0,0.2797,0.1634,0.0022490518173342603,0.002901647339565566,0,0,0,0,0,0,0,0,0,0,0,0,0
6771,2021,0,24.34,14.56,4.16,3.39,2.2819254734924823,8.47,9.61,0.15778428470370306,0.18734426565312134,1.2031461196215922,24.079160509203128,2.99950472889037,0.5,0.0,38,STTP,533.7766792667983,0,0.0,0.2434,0.1456,0.0015778428470370307,0.0018734426565312134,0,0,0,0,0,0,0,0,0,0,0,0,0
6770,2022,0,20.88,12.66,4.85,4.09,3.1236447114427808,9.57,10.07,0.14427725947929493,0.16860281098934288,1.0973314190402983,30.84080628443815,2.5363735584937612,0.25,0.42857142857142855,34,STTP,593.1099215559392,0,0.0,0.20879999999999999,0.1266,0.0014427725947929492,0.0016860281098934288,0,0,0,0,0,0,0,0,0,0,0,0,0
6769,2023,0,30.12,19.25,6.95,6.09,5.15123769491792,9.87,7.95,0.11577820029950209,0.13093796187617116,1.6388129254126151,37.71892740683527,2.533516488866529,0.3333333333333333,0.16666666666666666,34,STTP,763.7204563682656,0,0.0,0.3012,0.1925,0.001157782002995021,0.0013093796187617116,0,0,0,0,0,0,0,0,0,0,0,0,0
6803,2013,1,16.56,-183.65,0.29,0.13,0.02050231378523909,2.85,1.29,1.3952606463856108,-3.529976128775578,-0.0824962550670646,0.2047442220412212,-0.6169119515532425,0.42857142857142855,0.0,32,SULI,-28.32880346833575,1,,0.1656,-1.8365,0.013952606463856107,-0.03529976128775578,0,0,0,0,0,0,0,0,0,0,0,0,0
6802,2014,1,9.23,0.46,0.77,0.34,0.08196224891490865,10.42,3.29,1.4069204129196735,-3.457483007119137,-0.0046280841030772926,0.583886955485032,-0.5236326275864516,0.3333333333333333,0.2,34,SULI,-28.922774108822747,1,1.0,0.09230000000000001,0.0046,0.014069204129196735,-0.03457483007119137,0,0,0,0,0,0,0,0,0,0,0,0,0
6801,2015,1,17.3,0.48,0.89,0.3,0.09304380545526447,13.92,2.98,1.2541832184947646,-4.93417002869762,0.05580884211654088,0.6882028615470841,-0.53288448311514,0.4,0.0,36,SULI,-20.26683300704883,1,1.0,0.17300000000000001,0.0048,0.012541832184947645,-0.0493417002869762,0,0,0,0,0,0,0,0,0,0,0,0,0
6800,2016,1,17.7,0.52,0.88,0.28,0.09542568580158843,16.0,2.65,1.1686356852519935,-6.929942992230228,0.06757193570324528,0.7728205558083321,-2.8420423442904625,0.5,0.5,37,SULI,-14.430133135599938,1,1.0,0.177,0.0052,0.011686356852519935,-0.06929942992230229,0,0,0,0,0,0,0,0,0,0,0,1,1
6799,2017,0,10.85,2.04,0.96,0.3,0.10264307185733311,19.04,2.71,0.9894847174531846,94.09967949485569,-0.013462337427054188,1.0167902471098305,64.35033756327093,0.5,0.25,37,SULI,1.0627028756826624,0,0.0,0.1085,0.0204,0.009894847174531846,0.9409967949485569,0,0,0,0,0,0,0,0,0,0,0,0,0
6798,2018,0,15.72,3.48,0.46,0.22,0.06449107148578548,14.13,3.86,0.9507292105376123,19.296001155628407,0.10262740106741422,1.8303595413349418,5.549050965175012,0.3333333333333333,0.16666666666666666,38,SULI,5.182420916824584,0,0.0,0.1572,0.0348,0.009507292105376123,0.19296001155628406,0,0,0,0,0,0,0,0,0,0,0,0,0
6797,2019,0,3.45,-14.04,0.34,0.11,0.022824144144966405,8.65,2.93,0.9565484527722377,22.01414020444994,-0.054381753155159404,1.9246037035611472,3.137676234176795,0.3333333333333333,0.16666666666666666,40,SULI,4.5425348921774376,0,0.0,0.0345,-0.1404,0.009565484527722377,0.22014140204449942,0,0,0,0,0,0,0,0,0,0,0,0,0
6796,2020,0,-5.85,-40.09,0.17,0.07,0.00974224526035644,13.62,3.5,1.2125958418329112,-5.703760860882428,-0.10953727899294388,-3.3075182801699885,-0.7848003781800889,0.3333333333333333,0.125,37,SULI,-17.532291840252398,1,0.0,-0.058499999999999996,-0.40090000000000003,0.012125958418329112,-0.057037608608824286,0,0,0,0,0,0,0,0,0,0,0,0,0
6795,2021,1,13.09,4.81,0.26,0.16,0.012240380107648862,16.3,6.13,1.161918328775547,-7.1759530719107865,0.1124247512206082,-3.104403452640074,-0.9620731798678901,0.4,0.0,38,SULI,-13.935431154286015,1,1.0,0.1309,0.0481,0.01161918328775547,-0.07175953071910786,0,0,0,0,0,0,0,0,0,0,0,0,0
6794,2022,0,20.5,64.14,0.55,0.15,0.04630242139559485,15.34,3.62,0.6377804436929047,1.760756515178835,0.9390373283923952,12.087722613725091,1.8679923727017322,0.5,0.5,34,SULI,56.793769688163444,0,0.0,0.205,0.6414,0.006377804436929047,0.017607565151788348,0,0,0,0,0,0,0,0,0,0,0,0,0
6793,2023,0,-1.02,-91.09,0.26,0.13,0.01807491042767221,9.05,1.52,0.8309758275735433,4.916313540152882,-0.37213031544316644,7.083836556550638,4.13620758036723,0.5,0.0,34,SULI,20.340443949164868,0,0.0,-0.0102,-0.9109,0.008309758275735433,0.04916313540152882,0,0,0,0,0,0,0,0,0,0,0,0,0
6827,2013,0,79.21,23.52,2.44,2.35,0.934542355280928,2.13,3.84,46.98,129.34,0.16976618613021172,1.6632091114282945,2.8239124582722495,0.3333333333333333,0.0,32,SUPR,0.7731560228854182,0,,0.7920999999999999,0.2352,0.4698,1.2934,0,0,0,0,0,0,0,0,0,0,0,0,0
6826,2014,0,80.54,-35.45,0.4,0.39,0.2124690240317193,3.27,3.43,74.66,517.2,0.043400287618480464,1.3856894339437982,4.704770073989845,0.0,0.2,34,SUPR,0.1933488012374323,0,0.0,0.8054000000000001,-0.35450000000000004,0.7465999999999999,5.172000000000001,0,0,0,0,0,0,0,0,0,0,0,0,0
6825,2015,0,81.85,7.66,2.18,2.12,0.2756591719105918,4.71,5.18,59.06,168.54,0.1491106608752303,1.5949530269283279,1.984753974879407,0.3333333333333333,0.0,36,SUPR,0.5933309600094933,0,0.0,0.8184999999999999,0.0766,0.5906,1.6854,0,0,0,0,0,0,0,0,0,0,0,0,0
6824,2016,0,80.32,13.02,2.35,2.3,0.16905913359432972,1.77,6.99,56.45,168.79,0.1396376130516745,1.569210607915216,1.6984653744232554,0.25,0.2,37,SUPR,0.5924521594881214,0,0.0,0.8031999999999999,0.13019999999999998,0.5645,1.6879,0,0,0,0,0,0,0,0,0,0,0,0,0
6823,2017,0,77.01,17.34,2.48,2.44,0.34116250182668423,1.49,10.23,60.81,187.33,0.15377428564115173,1.5319226903833905,1.889754983351289,0.3333333333333333,0.0,37,SUPR,0.5338173277104574,0,0.0,0.7701,0.1734,0.6081,1.8733000000000002,0,0,0,0,0,0,0,0,0,0,0,0,0
6822,2018,0,74.46,-64.42,1.35,1.33,0.09571590838820125,1.64,13.26,66.12,259.83,0.14340901108156517,1.41454160769961,2.6046428914056174,0.5,0.0,38,SUPR,0.3848670284416734,0,0.0,0.7445999999999999,-0.6442,0.6612,2.5983,0,0,0,0,0,0,0,0,0,0,0,0,0
6821,2019,0,71.78,12.92,1.13,1.1,0.23071891378943948,1.67,13.67,65.01,244.1,0.13175537633850706,1.4488786773585818,1.2548314552334678,0.5,0.0,40,SUPR,0.40966816878328555,0,0.0,0.7178,0.1292,0.6501,2.441,0,0,0,0,0,0,0,0,0,0,0,0,0
6820,2020,0,61.73,9.96,0.84,0.81,0.13781153817771702,2.3,17.75,66.94,411.56,0.10273153252215153,1.2381285247922031,2.570168332123765,0.4,0.0,37,SUPR,0.24297793760326564,0,0.0,0.6173,0.09960000000000001,0.6694,4.1156,0,0,0,0,0,0,0,0,0,0,0,0,0
6819,2021,0,71.15,-3.33,0.72,0.7,0.21973743262518497,2.24,12.79,60.07,217.7,0.15428077159199843,1.560892468053764,5.483197186068778,0.5,0.0,38,SUPR,0.45934772622875514,0,0.0,0.7115,-0.0333,0.6007,2.177,0,0,0,0,0,0,0,0,0,0,0,0,0
6818,2022,0,76.53,49.59,0.34,0.34,0.001100288423763434,2.43,15.61,37.07,77.69,0.2603941088828868,2.5936174942314496,8.442933095834492,0.4,0.0,34,SUPR,1.2871669455528383,0,0.0,0.7653,0.4959,0.37070000000000003,0.7768999999999999,0,0,0,0,1,0,0,0,0,0,0,0,1
6817,2023,0,75.41,59.63,0.28,0.28,0.001561661086545099,2.86,65.98,26.24,45.42,0.31734122229561423,8.049616949742473,7.946817101365998,0.3333333333333333,0.3333333333333333,34,SUPR,2.2016732716864817,0,0.0,0.7541,0.5963,0.26239999999999997,0.4542,0,0,0,0,1,0,0,0,0,0,0,0,1
6851,2013,0,16.88,9.07,4.98,3.34,1.8453037542698796,6.15,4.24,0.20240368368958792,0.25376707433389845,0.6089453119276369,15.716127884456155,2.584493560810024,0.4,0.25,32,TALF,394.06215429044687,0,,0.16879999999999998,0.0907,0.0020240368368958793,0.0025376707433389847,0,0,0,0,0,0,0,0,0,0,0,0,0
6850,2014,0,18.71,10.37,3.69,2.4,1.4342146662810777,7.57,4.8,0.26434740981435756,0.35933729227766237,0.6408470701668785,10.763599673611607,2.204463454306966,0.5,0.0,34,TALF,278.2900693834174,0,0.0,0.18710000000000002,0.10369999999999999,0.0026434740981435756,0.003593372922776624,0,0,0,0,0,0,0,0,0,0,0,0,0
6849,2015,0,15.08,7.08,4.38,2.81,1.5066995256681008,6.07,3.75,0.19347385043213997,0.23988540301613784,0.46384670202964284,25.965165503826345,1.5458905550248085,0.42857142857142855,0.16666666666666666,36,TALF,416.86571480663497,0,0.0,0.1508,0.0708,0.0019347385043213996,0.0023988540301613783,0,0,0,0,0,0,0,0,0,0,0,0,0
6848,2016,0,13.12,5.29,2.92,1.66,0.6625448402490474,6.3,3.95,0.1471946332683499,0.17260050066578345,0.272627083487942,41.82564149231368,0.7565745924363646,0.3333333333333333,0.0,37,TALF,579.3725951794074,0,0.0,0.13119999999999998,0.0529,0.0014719463326834988,0.0017260050066578345,0,0,0,0,0,0,0,0,0,0,0,0,0
6847,2017,0,10.75,3.32,2.7,1.44,0.28998606099818813,5.01,3.56,0.18761679053289848,0.230946169669991,0.16763786050105942,18.94150843465339,0.6808905715426525,0.3333333333333333,0.0,37,TALF,433.0013359515524,0,0.0,0.1075,0.0332,0.0018761679053289847,0.00230946169669991,0,0,0,0,0,0,0,0,0,0,0,0,0
6846,2018,0,14.03,5.52,2.59,1.34,0.2631678027609514,5.28,3.88,0.20181632982757783,0.2528444734831293,0.33537041078355223,21.99140601628434,0.49765006275250034,0.25,0.25,38,TALF,395.5000424665101,0,0.0,0.14029999999999998,0.0552,0.002018163298275778,0.0025284447348312925,0,0,0,0,0,0,0,0,0,0,0,0,0
6845,2019,0,11.69,2.97,2.7,1.34,0.1914848629623579,4.76,3.52,0.24136324017810637,0.3181538951985027,0.14592525818130697,7.849168351478532,0.36510712231534737,0.3333333333333333,0.0,40,TALF,314.3132977756188,0,0.0,0.11689999999999999,0.0297,0.002413632401781064,0.0031815389519850266,0,0,0,0,0,0,0,0,0,0,0,0,0
6844,2020,0,9.88,1.81,1.86,1.03,0.21024947218601725,5.02,4.04,0.3081015040687423,0.4452987047674594,0.08309338016784448,6.3453563621102544,0.3449305674192491,0.3333333333333333,0.0,37,TALF,224.56836035986507,0,0.0,0.09880000000000001,0.0181,0.0030810150406874234,0.004452987047674595,0,0,0,0,0,0,0,0,0,0,0,0,0
6843,2021,0,9.72,2.14,1.96,0.94,0.10049569224872924,4.89,3.87,0.33265553848294116,0.4984765105066174,0.08328735322984597,5.0958946234621605,0.384966852026376,0.3333333333333333,0.0,38,TALF,200.61125828851362,0,0.0,0.09720000000000001,0.021400000000000002,0.0033265553848294115,0.004984765105066174,0,0,0,0,0,0,0,0,0,0,0,0,0
6842,2022,0,10.63,3.36,1.68,0.83,0.05121682103020021,5.29,4.06,0.3398884601271679,0.5148954981042235,0.1206121173665211,5.827256665712101,0.34451734221186886,0.3333333333333333,0.0,34,TALF,194.21416650210898,0,0.0,0.1063,0.0336,0.0033988846012716787,0.005148954981042235,0,0,0,0,0,0,0,0,0,0,0,0,0
6841,2023,0,11.33,3.04,2.02,1.23,0.06311423491457067,4.35,4.31,0.2978986881166161,0.4242958716563341,0.11557135318415614,5.81662127611901,0.3135240297416348,0.6,0.2,34,TALF,235.68459341738958,0,0.0,0.1133,0.0304,0.0029789868811661607,0.004242958716563341,0,0,0,0,0,0,0,0,0,0,0,0,0
6875,2013,0,45.06,19.31,1.04,1.01,0.54873098677939,6.3,30.46,0.626983138096082,1.6808439567474054,0.16496050536715537,2.0422011131648885,3.9297093526760447,0.3333333333333333,0.0,32,TAXI,59.49392244209844,0,,0.4506,0.1931,0.006269831380960819,0.016808439567474055,0,0,0,0,0,0,0,0,0,0,0,0,0
6874,2014,0,44.76,13.36,1.31,1.28,0.4205193196976177,4.19,35.64,0.7056015825743001,2.3967573900168104,0.13342134257093208,1.5500300060486567,2.8314464159792205,0.5,0.0,34,TAXI,41.723038141669655,0,0.0,0.4476,0.1336,0.007056015825743001,0.023967573900168106,0,0,0,0,0,0,0,0,0,0,0,0,0
6873,2015,0,35.16,3.33,1.45,1.42,0.32059028123085265,2.77,44.65,0.6806361111922143,2.131224396512363,0.1222266604718148,1.5991910729696868,0.24461665293121126,0.16666666666666666,0.0,36,TAXI,46.92138479816802,0,0.0,0.35159999999999997,0.0333,0.006806361111922144,0.02131224396512363,0,0,0,0,0,0,0,0,0,0,0,0,0
6872,2016,0,11.99,-29.88,4.08,4.02,0.09298203326389679,1.2,45.44,0.7119135340816198,2.471180073705084,-0.014387857859391775,1.4476324109155512,0.49510744630539305,0.5,0.5,37,TAXI,40.46649657953425,0,0.0,0.1199,-0.2988,0.007119135340816199,0.024711800737050843,0,0,0,0,0,0,0,0,0,0,0,0,0
6871,2017,0,-58.54,-161.5,0.85,0.83,0.01524520822446329,0.59,56.08,0.877357661481007,7.153791032328818,-0.21703424091366508,1.2006804667979964,0.4351905672233612,0.4,0.0,37,TAXI,13.978602331000207,0,0.0,-0.5854,-1.615,0.00877357661481007,0.07153791032328818,0,0,0,0,0,0,0,0,0,0,0,0,0
6870,2018,0,-79.27,-346.27,0.31,0.31,0.004699281860751272,0.65,62.03,1.46065846569322,-3.170805649897596,-0.16236543015440288,-1.3348584137712016,-0.33032546043682653,0.3333333333333333,0.0,38,TAXI,-31.537726067578316,1,0.0,-0.7927,-3.4627,0.0146065846569322,-0.031708056498975956,0,0,0,0,0,0,0,0,0,0,0,0,0
6869,2019,1,-118.93,-205.64,0.29,0.29,0.027238953929528697,0.57,68.75,1.947413717684495,-2.0555050885731605,-0.2817581202010166,-1.1382697752700783,-0.6767349579407836,0.0,0.0,40,TAXI,-48.64984307551168,1,1.0,-1.1893,-2.0564,0.01947413717684495,-0.020555050885731604,0,0,0,0,0,0,0,0,0,0,0,0,0
6868,2020,1,-343.03,-247.07,0.27,0.27,0.038542753721686425,0.19,62.35,3.1386009733346625,-1.4675954104896562,-0.1206920508114099,-1.8799816193179217,-0.59055214317221,0.25,0.16666666666666666,37,TAXI,-68.13867043004412,1,1.0,-3.4303,-2.4707,0.031386009733346626,-0.014675954104896562,1,0,0,0,0,0,0,0,0,0,0,0,1
6867,2021,0,-209.37,2596.9,7.2,7.12,1.4119409096211115,0.1,22.22,0.16445686065305334,0.19682629526656328,-1.6743862672731404,21.954964666097165,6.720047902764597,0.42857142857142855,0.0,38,TAXI,508.06219699745543,0,0.0,-2.0937,25.969,0.0016445686065305334,0.0019682629526656327,1,1,0,0,0,0,0,0,0,1,0,0,3
6866,2022,0,-193.0,-505.47,7.68,7.59,1.0903370786005762,0.05,9.66,0.15958747246843472,0.1898918295960798,-1.2445448783603785,22.39703624851567,8.321777885482751,0.6666666666666666,0.16666666666666666,34,TAXI,526.6156011699433,0,0.0,-1.93,-5.0547,0.0015958747246843472,0.001898918295960798,1,0,0,0,0,0,0,0,0,0,0,0,1
6865,2023,0,-63.05,-83.48,7.57,7.48,0.7971759647187758,0.09,9.89,0.16769262957909406,0.20147920772861863,-0.37740155498004774,20.04085618825134,8.922484770859471,0.5,0.0,34,TAXI,496.329130570607,0,0.0,-0.6305,-0.8348,0.0016769262957909406,0.002014792077286186,0,0,0,0,0,0,0,0,0,0,0,0,0
6899,2013,0,85.29,50.23,0.66,0.58,0.1648674280486868,3.67,1.42,69.35,315.53,0.1405166608102938,1.3854171487458136,6.762175067907718,0.3333333333333333,0.16666666666666666,32,TBIG,0.31692707508002416,0,,0.8529000000000001,0.5023,0.6934999999999999,3.1552999999999995,0,0,0,0,0,0,0,0,0,0,0,0,0
6898,2014,0,84.58,22.43,0.36,0.32,0.0988683598670861,3.14,1.39,74.26,763.46,0.12640597374598908,1.202273959008244,22.11468137466045,0.3333333333333333,0.125,34,TBIG,0.13098263170303617,0,0.0,0.8458,0.2243,0.7426,7.634600000000001,0,0,0,0,0,0,0,0,0,0,0,0,0
6897,2015,0,86.88,42.24,1.36,1.2,0.15511619246199737,2.86,1.26,81.05,1161.7,0.12485702329802971,1.0824488596031498,17.71414525755031,0.3,0.0,36,TBIG,0.08608074373762589,0,0.0,0.8687999999999999,0.4224,0.8105,11.617,0,0,0,0,0,0,0,0,0,0,0,0,0
6896,2016,0,88.75,35.07,0.68,0.6,0.12680520229300346,3.63,1.59,80.05,1164.18,0.1353832943128258,1.0850506494128092,13.894334022037484,0.5,0.0,37,TBIG,0.08589736982253604,0,0.0,0.8875,0.3507,0.8005,11.6418,0,0,0,0,0,0,0,0,0,0,0,0,0
6895,2017,0,83.4,58.14,0.99,0.98,0.20611411170944238,4.68,5.62,79.62,639.85,0.1350285053504564,1.1559587247117566,9.140820414818467,0.42857142857142855,0.0,37,TBIG,0.15628662967883097,0,0.0,0.8340000000000001,0.5814,0.7962,6.3985,0,0,0,0,0,0,0,0,0,0,0,0,0
6894,2018,0,81.84,16.27,0.32,0.31,0.0345674984828645,3.97,36.46,78.52,621.3,0.12395098847684584,1.193567130099065,4.433415254357512,0.2,0.0,38,TBIG,0.16095284081764044,0,0.0,0.8184,0.16269999999999998,0.7852,6.212999999999999,0,0,0,0,0,0,0,0,0,0,0,0,0
6893,2019,0,80.77,18.43,0.53,0.52,0.11670225891706064,3.72,44.69,74.37,415.69,0.13290190089120327,1.2650989308610214,5.045568780701843,0.75,0.0,40,TBIG,0.24056388173879573,0,0.0,0.8077,0.1843,0.7437,4.1569,0,0,0,0,0,0,0,0,0,0,0,0,0
6892,2020,0,79.48,20.02,0.23,0.23,0.06875813078880953,3.86,16.07,66.57,261.33,-0.140204129958466,1.6922710210855407,3.969427358403059,0.75,0.0,37,TBIG,0.3826579420655876,0,0.0,0.7948000000000001,0.2002,0.6657,2.6132999999999997,0,0,0,0,0,0,0,0,0,0,0,0,0
6891,2021,0,76.17,25.91,0.36,0.33,0.07460783819601123,4.79,8.54,70.28,300.59,0.13421927492294006,1.4139427620174105,6.827717168869528,0.42857142857142855,0.0,38,TBIG,0.33267906450647067,0,0.0,0.7617,0.2591,0.7028,3.0058999999999996,0,0,0,0,0,0,0,0,0,0,0,0,0
6890,2022,0,72.67,25.89,0.41,0.34,0.1107201935065057,6.08,4.21,68.66,271.23,0.1329151508313965,1.464867211209139,4.771911271198089,0.4,0.16666666666666666,34,TBIG,0.3686907790436161,0,0.0,0.7267,0.2589,0.6866,2.7123000000000004,0,0,0,0,0,0,0,0,0,0,0,0,0
6889,2023,0,71.35,24.42,0.34,0.31,0.05285127581446812,3.42,3.28,63.91,242.82,0.12235278968719339,1.6388849737177014,3.83084098433326,0.4,0.0,34,TBIG,0.4118276912939626,0,0.0,0.7134999999999999,0.24420000000000003,0.6391,2.4282,0,0,0,0,0,0,0,0,0,0,0,0,0
6923,2013,0,25.63,2.34,1.12,0.77,0.2900070444593939,9.08,3.82,49.73,171.82,0.11199430951310319,1.8384054956922682,1.3263067816108576,0.3333333333333333,0.0,32,TBLA,0.5820044232336166,0,,0.2563,0.023399999999999997,0.49729999999999996,1.7182,0,0,0,0,0,0,0,0,0,0,0,0,0
6922,2014,0,20.4,6.89,1.1,0.74,0.20442587482027944,10.95,5.76,46.37,137.9,0.1634884196182485,2.0837985460910255,1.6802069886468078,1.0,0.0,34,TBLA,0.7251631617113851,0,0.0,0.204,0.0689,0.4637,1.379,0,0,0,0,0,0,0,0,0,0,0,0,0
6921,2015,0,21.95,3.77,1.16,0.73,0.1129897269645117,6.86,3.96,50.52,162.95,0.09427555127021413,1.7785275069746183,0.9717117260586068,0.3333333333333333,0.0,36,TBLA,0.613685179502915,0,0.0,0.2195,0.0377,0.5052,1.6295,0,0,0,0,0,0,0,0,0,0,0,0,0
6920,2016,0,24.95,9.53,1.1,0.54,0.029838641934769494,6.59,2.63,45.89,168.98,0.1203323725516714,1.7447575879766353,1.5873073595888458,0.3333333333333333,0.25,37,TBLA,0.5917860101787193,0,0.0,0.2495,0.0953,0.45890000000000003,1.6898,0,0,0,0,0,0,0,0,0,0,0,0,0
6919,2017,0,26.16,10.91,1.05,0.65,0.02716527453762198,6.39,2.98,40.21,135.61,0.17347033261761666,1.7796653632112736,1.5783298481130954,0.5,0.0,37,TBLA,0.7374087456677235,0,0.0,0.2616,0.1091,0.4021,1.3561,0,0,0,0,0,0,0,0,0,0,0,0,0
6918,2018,0,26.73,8.87,1.88,1.11,0.06796673618845292,4.67,2.86,45.81,156.49,0.14660280539619083,1.579434995838005,0.9917217287069029,0.3333333333333333,0.0,38,TBLA,0.6390184676337145,0,0.0,0.2673,0.08869999999999999,0.4581,1.5649000000000002,0,0,0,0,0,0,0,0,0,0,0,0,0
6917,2019,0,24.55,7.75,1.63,0.98,0.09948777973908028,4.38,2.5,46.32,149.97,0.11718789517969007,1.6726601118063995,1.0175399504468086,0.4,0.16666666666666666,40,TBLA,0.666800026672001,0,0.0,0.2455,0.0775,0.4632,1.4997,0,0,0,0,0,0,0,0,0,0,0,0,0
6916,2020,0,24.15,6.27,1.49,0.98,0.08905752526682792,4.45,3.08,49.86,164.51,0.13476318922510033,1.7219024857393497,0.870784534804383,0.42857142857142855,0.0,37,TBLA,0.6078657832350617,0,0.0,0.2415,0.06269999999999999,0.4986,1.6451,0,0,0,0,0,0,0,0,0,0,0,0,0
6915,2021,0,19.63,4.96,1.5,1.01,0.11116807891517408,4.92,4.47,46.18,149.96,0.13646545976287966,1.7744225010192667,0.6715756912654485,0.3333333333333333,0.3333333333333333,38,TBLA,0.6668444918644971,0,0.0,0.1963,0.0496,0.4618,1.4996,0,0,0,0,0,0,0,0,0,0,0,0,0
6914,2022,0,20.96,4.83,1.2,0.64,0.06226019266815241,4.71,3.16,45.14,156.4,0.1309010943858026,1.9288391132282987,0.5578945301975898,0.3333333333333333,0.0,34,TBLA,0.639386189258312,0,0.0,0.2096,0.0483,0.4514,1.564,0,0,0,0,0,0,0,0,0,0,0,0,0
6913,2023,0,19.07,4.0,1.38,0.74,0.059954984229527185,4.12,2.27,50.55,159.5,0.10624606239190401,1.926573615362389,0.5164875754048163,0.2857142857142857,0.16666666666666666,34,TBLA,0.6269592476489029,0,0.0,0.1907,0.04,0.5055,1.595,0,0,0,0,0,0,0,0,0,0,0,0,0
6947,2013,0,1.24,-0.7,0.82,0.66,0.035162693933061935,6.6,19.12,54.91,610.37,-0.02496479333022596,1.2513888888888889,6.348266662592789,0.375,0.0,32,TBMS,0.1638350508707833,0,,0.0124,-0.006999999999999999,0.5490999999999999,6.1037,0,0,0,0,0,0,0,0,0,0,0,0,0
6946,2014,0,2.41,0.71,0.79,0.65,0.0766240037984401,6.63,24.76,53.25,478.68,0.042766304982343295,40.20667520403367,5.772523266242256,0.5,0.25,34,TBMS,0.20890782986546333,0,0.0,0.0241,0.0070999999999999995,0.5325,4.7868,0,0,0,0,0,0,0,0,0,0,0,0,0
6945,2015,0,3.32,0.42,0.89,0.72,0.21033016331876625,7.17,24.77,29.88,179.98,0.049382841187749375,42.504749504519516,2.9462632332966634,0.5,0.3333333333333333,36,TBMS,0.55561729081009,0,0.0,0.0332,0.0042,0.2988,1.7997999999999998,0,0,0,0,0,0,0,0,0,0,0,0,0
6944,2016,0,4.39,1.55,0.99,0.83,0.110522977768932,7.34,26.36,32.24,144.63,0.12780661513640834,70.24892838423557,6.0698356976229375,0.3333333333333333,0.0,37,TBMS,0.6914194842010648,0,0.0,0.043899999999999995,0.0155,0.3224,1.4463,0,0,0,0,0,0,0,0,0,0,0,0,0
6943,2017,0,3.7,1.22,1.04,0.79,0.0731073865787822,7.66,25.04,31.48,142.06,0.11651074775429465,114.31236663676974,5.33920986963747,0.3333333333333333,0.16666666666666666,37,TBMS,0.7039279177812192,0,0.0,0.037000000000000005,0.012199999999999999,0.3148,1.4206,0,0,0,0,0,0,0,0,0,0,0,0,0
6942,2018,0,3.14,0.87,1.0,0.85,0.07698120522263682,7.3,26.03,32.18,143.26,0.09999689969363076,137.535380485706,4.289279329981579,0.3333333333333333,0.16666666666666666,38,TBMS,0.6980315510261065,0,0.0,0.031400000000000004,0.0087,0.3218,1.4325999999999999,0,0,0,0,0,0,0,0,0,0,0,0,0
6941,2019,0,3.39,1.02,1.08,0.79,0.06575884614634067,6.28,21.04,31.54,101.45,0.12873267316938378,244.1735852890379,3.6709034000219893,0.3333333333333333,0.0,40,TBMS,0.9857072449482505,0,0.0,0.0339,0.0102,0.3154,1.0145,0,0,0,0,0,0,0,0,0,0,1,0,1
6940,2020,0,3.26,1.0,1.2,1.03,0.3632178021417885,6.41,17.69,31.65,96.53,0.07633955132832239,378.2531070710628,3.826343020863914,0.4,0.0,37,TBMS,1.035947373873407,0,0.0,0.0326,0.01,0.3165,0.9653,0,0,0,0,0,0,0,0,0,0,1,0,1
6939,2021,0,2.31,0.97,1.32,1.0,0.33186678963641064,11.54,30.02,25.13,64.43,0.12258882426001429,489.577513907082,6.211181638846712,0.4,0.0,38,TBMS,1.5520720161415487,0,0.0,0.0231,0.0097,0.25129999999999997,0.6443000000000001,0,0,0,0,0,0,0,0,0,0,1,0,1
6938,2022,0,2.05,0.72,1.51,1.14,0.4189448280057079,13.46,25.48,19.79,43.37,0.12050124456325789,850.7473495428874,4.968232165678,0.3333333333333333,0.2,34,TBMS,2.3057412958266084,0,0.0,0.020499999999999997,0.0072,0.1979,0.4337,0,0,0,0,0,0,0,0,0,0,1,0,1
6937,2023,0,2.39,0.83,1.54,1.17,0.32066056641466045,13.26,26.08,27.0,58.04,0.14817360767423432,749.2257042770663,7.661545158319752,0.0,0.0,34,TBMS,1.7229496898690557,0,0.0,0.0239,0.0083,0.27,0.5804,0,0,0,0,0,0,0,0,0,0,1,0,1
6971,2013,0,38.32,7.9,3.57,1.95,0.3894865392243544,6.99,4.23,0.1930224740406883,0.23919188308199424,0.7983021297942767,15.854005182028867,2.022580023331294,0.3333333333333333,0.0,32,TCID,418.07438743947813,0,,0.3832,0.079,0.001930224740406883,0.002391918830819942,0,0,0,0,0,0,0,0,0,0,0,0,0
6970,2014,0,38.87,7.62,1.8,0.93,0.20802759473804402,7.56,3.76,0.3281190598699394,0.48835893425764265,0.41947953447148734,10.98103364021553,2.8140672866292307,0.46153846153846156,0.42857142857142855,34,TCID,204.76742204381006,0,0.0,0.3887,0.0762,0.0032811905986993937,0.004883589342576426,0,0,0,0,0,0,0,0,0,0,0,0,0
6969,2015,0,37.92,23.52,4.99,3.27,0.9988590575483581,5.73,3.58,0.176372857439021,0.21414162832299188,0.5954932140745601,12.884503695096104,1.9346056238052154,0.5,0.0,36,TCID,466.98066500722143,0,0.0,0.37920000000000004,0.2352,0.00176372857439021,0.002141416283229919,0,0,0,0,0,0,0,0,0,0,0,0,0
6968,2016,0,38.92,6.41,5.26,3.05,1.350527055934511,5.98,3.53,0.18394688564584596,0.22541043273928904,0.5867845110650721,10.982001069431163,1.4094839730559467,0.3333333333333333,0.0,37,TCID,443.6351893067015,0,0.0,0.3892,0.0641,0.0018394688564584596,0.0022541043273928904,0,0,0,0,0,0,0,0,0,0,0,0,0
6967,2017,0,37.21,6.62,4.91,3.29,1.6727894600500492,7.14,3.71,0.21317610313969382,0.2709324208254714,0.4475255477004699,8.626280529830147,1.9367391338991224,0.5,0.2,37,TCID,369.09573130938713,0,0.0,0.3721,0.0662,0.0021317610313969382,0.002709324208254714,0,0,0,0,0,0,0,0,0,0,0,0,0
6966,2018,0,36.36,6.53,5.76,3.42,1.6085535489418548,6.69,3.49,0.193313948395624,0.2396396318135809,0.391645156833989,9.179522130296125,1.7584105331081417,0.3333333333333333,0.3333333333333333,38,TCID,417.2932467105084,0,0.0,0.3636,0.0653,0.0019331394839562398,0.002396396318135809,0,0,0,0,0,0,0,0,0,0,0,0,0
6965,2019,0,33.17,5.18,5.4,2.82,1.0938138696197683,6.6,3.01,0.21063792332418077,0.26684576007403893,0.3493471799844629,8.454969009714803,1.0806530648018464,0.5,0.0,40,TCID,374.74831892496263,0,0.0,0.3317,0.0518,0.0021063792332418076,0.0026684576007403892,0,0,0,0,0,0,0,0,0,0,0,0,0
6964,2020,0,16.71,-5.34,9.22,5.61,3.189241653974419,4.68,2.54,0.2007963759778699,0.2512455774016689,-0.24360206368275938,6.809945451303156,0.6979612455981372,0.42857142857142855,0.0,37,TCID,398.0169562950315,0,0.0,0.1671,-0.053399999999999996,0.002007963759778699,0.002512455774016689,0,0,0,0,0,0,0,0,0,0,0,0,0
6963,2021,0,16.52,-4.13,8.13,5.31,3.1551117419679087,5.18,3.0,0.20903822682866308,0.264283602468588,-0.2069314427033935,6.984007890069522,0.5910967603987107,0.16666666666666666,0.25,38,TCID,378.381401895283,0,0.0,0.16519999999999999,-0.041299999999999996,0.0020903822682866308,0.00264283602468588,0,0,0,0,0,0,0,0,0,0,0,0,0
6962,2022,0,20.12,0.89,7.21,4.39,2.5957112228127257,5.45,2.91,0.2208927201760626,0.2835202877672647,0.011119460062108512,7.084094427679686,1.3658920160302068,0.3333333333333333,0.2,34,TCID,352.708445619552,0,0.0,0.20120000000000002,0.0089,0.002208927201760626,0.0028352028776726466,0,0,0,0,0,0,0,0,0,0,0,0,0
6961,2023,0,19.83,1.86,9.35,6.61,4.168602962089375,5.15,2.97,0.21148446933990195,0.2682058388410686,0.0016083555464362204,6.7060849444259105,0.5821568430701932,0.5,0.6666666666666666,34,TCID,372.84796047731555,0,0.0,0.19829999999999998,0.018600000000000002,0.0021148446933990195,0.0026820583884106857,0,0,0,0,0,0,0,0,0,0,0,0,0
6995,2013,0,5.99,2.81,1.4,1.08,0.24390249936787187,10.84,21.01,0.5986755568701074,1.4917495485724506,0.2167872700104949,30.08616494672372,2.4467629223659997,0.0,0.0,32,TELE,67.03538143899311,0,,0.0599,0.0281,0.005986755568701074,0.014917495485724505,0,0,0,0,0,0,0,0,0,0,0,0,0
6994,2014,0,5.61,2.13,1.8,1.42,0.25865573757194016,8.25,17.11,0.5021279894585006,1.0085483393862056,0.213454494508892,47.239297414351554,2.6214647812540153,0.4,0.0,34,TELE,99.15241153523608,0,0.0,0.056100000000000004,0.0213,0.005021279894585006,0.010085483393862055,0,0,0,0,0,0,0,0,0,0,0,0,0
6993,2015,0,5.48,1.68,5.06,3.56,0.9331606242351814,9.9,14.67,0.6050564217937112,1.5320072414943164,0.17992518911379657,1.9211498206084068,1.9475209596258634,0.5,0.0,36,TELE,65.27384289806635,0,0.0,0.0548,0.0168,0.006050564217937112,0.015320072414943164,0,0,0,0,0,0,0,0,0,0,0,0,0
6992,2016,0,5.79,1.72,5.99,3.66,0.8560708188732779,10.18,10.73,0.609838669214864,1.5630423137722622,0.20108428583917584,1.851940023835672,1.9157607409956376,0.3333333333333333,0.0,37,TELE,63.97779453497902,0,0.0,0.0579,0.0172,0.0060983866921486395,0.015630423137722622,0,0,0,0,0,0,0,0,0,0,0,0,0
6991,2017,0,5.55,1.5,3.88,2.17,0.4219196610059704,9.49,8.17,0.5950333476308078,1.469339127431015,0.19800991890590483,2.1292865629477786,2.0614094496181044,0.4,0.3333333333333333,37,TELE,68.05780784919236,0,0.0,0.0555,0.015,0.005950333476308078,0.014693391274310151,0,0,0,0,0,0,0,0,0,0,0,0,0
6990,2018,0,5.36,1.51,5.19,2.79,0.2851967738350358,9.56,7.86,0.5336854103297903,1.1444750435692506,0.22470299619274284,2.303243331104643,1.7651591536211788,0.4,0.0,38,TELE,87.37630458776285,0,0.0,0.0536,0.0151,0.0053368541032979035,0.011444750435692506,0,0,0,0,0,0,0,0,0,0,0,0,0
6989,2019,0,1.32,-19.59,0.31,0.2,0.11204554845096812,16.34,14.21,1.5565237802432106,-2.7968684097613625,-1.4511060312383204,-1.3813897347427897,-1.3313624962167852,0.5,0.18181818181818182,40,TELE,-35.75427419144553,1,0.0,0.0132,-0.1959,0.015565237802432106,-0.027968684097613626,0,0,0,0,0,0,0,0,0,0,0,0,0
6988,2020,1,-1.11,-61.02,0.05,0.03,0.007474976449241882,26.4,17.18,13.74254724227992,-1.078477244854309,-0.19562541140191464,-6.936459515475578,-0.21305820399357425,0.3333333333333333,0.25,37,TELE,-92.72332863500422,1,1.0,-0.0111,-0.6102000000000001,0.1374254724227992,-0.01078477244854309,0,0,0,0,0,0,0,0,1,0,0,0,1
6987,2021,1,0.83,-8.06,0.23,0.11,0.02845995742156786,65.81,30.92,19.947880284901043,-1.0527763520227045,-0.01387373105035943,-0.05134914342361355,-0.20642208455878833,0.5,0.5,38,TELE,-94.98693602669694,1,1.0,0.0083,-0.0806,0.19947880284901043,-0.010527763520227044,0,0,0,0,0,0,0,0,1,0,0,0,1
6986,2022,1,0.81,-11.94,0.1,0.04,0.007122200840688461,164.81,58.63,35.175142164458514,-1.0292610340927852,-0.06219622003933911,-0.15230926375343853,-0.07875258349858955,0.4,0.4,34,TELE,-97.15708327396493,1,1.0,0.008100000000000001,-0.11939999999999999,0.3517514216445851,-0.010292610340927853,0,0,0,0,0,0,0,0,1,0,0,0,1
6985,2023,1,0.84,-2.94,0.02,0.01,0.0010111951038463286,113.16,72.62,35.78658559165747,-1.0287467132226917,-0.014077368405476225,-4.391186271032554,-0.0778280058869242,0.5,0.5,34,TELE,-97.2056568586607,1,1.0,0.0084,-0.0294,0.3578658559165747,-0.010287467132226917,0,0,1,0,1,0,0,0,1,0,0,0,3
7019,2013,0,-0.46,-3.08,1.61,0.74,0.030894476447721055,7.75,5.49,1.0738634140989978,0.23718590596600922,-0.09076576855986843,62.29581021369829,0.6761200934286622,0.6666666666666666,0.4,32,TFCO,421.6102115879131,0,,-0.0046,-0.0308,0.010738634140989977,0.002371859059660092,0,0,0,0,0,0,0,0,0,0,0,0,0
7018,2014,0,1.27,-1.63,1.84,0.93,0.017603208580096716,8.41,5.57,1.105408045606677,0.1827324617306832,-0.07783658546940884,58.38959437384941,1.2122094132822718,0.3333333333333333,0.0,34,TFCO,547.2481410959325,0,0.0,0.0127,-0.0163,0.01105408045606677,0.001827324617306832,0,0,0,0,0,0,0,0,0,0,0,0,0
7017,2015,0,0.89,-0.89,3.03,1.37,0.04669975369490621,6.64,4.44,1.2678906971143449,0.103876718047928,-0.007321744867116889,46.562333976847,1.1038210892899052,0.3333333333333333,0.5,36,TFCO,962.6796252251701,0,0.0,0.0089,-0.0089,0.012678906971143449,0.00103876718047928,0,0,0,0,0,0,0,0,0,0,0,0,0
7016,2016,0,4.2,3.34,3.23,1.88,0.7000506657850938,8.03,4.77,1.1572324172424568,0.10516554249878039,0.13574294278539215,70.9850106855683,1.252406695636267,0.4,0.0,37,TFCO,950.8817966793611,0,0.0,0.042,0.0334,0.011572324172424568,0.001051655424987804,0,0,0,0,0,0,0,0,0,0,0,0,0
7015,2017,0,5.51,1.51,3.39,2.16,1.213214942847435,9.49,5.51,1.1628239127452196,0.12372079149327952,0.1494678910033854,58.72355601519149,0.953105393361135,0.5,0.0,37,TFCO,808.2715830785157,0,0.0,0.055099999999999996,0.0151,0.011628239127452195,0.0012372079149327953,0,0,0,0,0,0,0,0,0,0,0,0,0
7014,2018,0,2.39,-0.22,4.62,2.69,1.2194299643407165,9.76,5.46,1.2172656360188683,0.09283711362238378,-0.014892444167856258,61.3493631081677,0.7482239930067028,0.5,0.0,38,TFCO,1077.1554187558152,0,0.0,0.0239,-0.0022,0.012172656360188683,0.0009283711362238379,0,0,0,0,0,0,0,0,0,0,0,0,0
7013,2019,0,-1.04,-2.78,5.51,3.51,2.303029074099755,8.56,4.84,1.3263486448647086,0.08204715236068282,-0.21199313721333476,50.53502333316297,0.566729645390394,0.3333333333333333,0.0,40,TFCO,1218.8113435112982,0,0.0,-0.0104,-0.0278,0.013263486448647086,0.0008204715236068282,0,0,0,0,0,0,0,0,1,0,0,0,1
7012,2020,0,2.78,-0.58,5.19,3.82,2.718405345035809,8.0,4.36,1.2768710787146302,0.09819905071276455,-0.014864972593372652,47.96368516843529,0.5628179772675855,0.3333333333333333,0.0,37,TFCO,1018.3397830647394,0,0.0,0.0278,-0.0058,0.012768710787146302,0.0009819905071276455,0,0,0,0,0,0,0,0,0,0,0,0,0
7011,2021,0,9.59,6.33,5.49,4.12,1.9892332225410563,9.86,5.92,1.218868073330318,0.10178925400403832,0.5440343089498654,55.710710530544944,0.7905159442788577,0.0,0.14285714285714285,38,TFCO,982.4219754673973,0,0.0,0.0959,0.0633,0.01218868073330318,0.0010178925400403831,0,0,0,0,0,0,0,0,0,0,0,0,0
7010,2022,0,3.77,1.51,4.77,2.72,0.6060765942448239,9.93,5.35,1.1968821632863749,0.08814237973525772,0.1646067836226861,69.97000389507295,0.6559860797618196,0.3333333333333333,0.0,34,TFCO,1134.528025001793,0,0.0,0.0377,0.0151,0.011968821632863749,0.0008814237973525772,0,0,0,0,0,0,0,0,0,0,0,0,0
7009,2023,0,2.44,1.68,5.86,3.61,0.7294862576894441,10.01,4.27,1.301443636876838,0.08058000166357933,0.011863816396054118,54.57867526943865,0.676300633945584,0.5,0.4,34,TFCO,1241.0027045854251,0,0.0,0.024399999999999998,0.0168,0.013014436368768381,0.0008058000166357933,0,0,0,0,0,0,0,0,1,0,0,0,1
7043,2013,0,10.62,1.63,1.44,0.94,0.043847914315456836,6.55,8.88,32.13,123.89,0.12018834901327119,3.4165907221008687,4.298771423411039,0.6666666666666666,0.25,32,TGKA,0.8071676487206392,0,,0.10619999999999999,0.0163,0.32130000000000003,1.2389000000000001,0,0,0,0,0,0,0,0,0,0,0,0,0
7042,2014,0,10.23,1.74,1.55,0.93,0.025271927282063858,7.14,9.97,30.06,101.06,0.16777700695231582,3.7202112475263,3.6243929993992863,0.3333333333333333,0.0,34,TGKA,0.9895111814763508,0,0.0,0.1023,0.0174,0.3006,1.0106,0,0,0,0,0,0,0,0,0,0,0,0,0
7041,2015,0,11.31,2.06,1.6,0.97,0.01843050078873706,7.09,9.05,28.21,88.58,0.18627321184339649,3.923306149511205,2.996576406838944,0.3333333333333333,0.0,36,TGKA,1.1289230074508918,0,0.0,0.1131,0.0206,0.2821,0.8858,0,0,0,0,0,0,0,0,0,0,0,0,0
7040,2016,0,10.94,2.2,1.72,1.1,0.019203232764256697,6.69,9.2,19.9,56.64,0.17150995499288357,4.193795734671507,3.1916080334937016,0.3333333333333333,0.6666666666666666,37,TGKA,1.7655367231638417,0,0.0,0.1094,0.022000000000000002,0.19899999999999998,0.5664,0,0,0,0,0,0,0,0,0,0,0,0,0
7039,2017,0,11.07,2.54,1.78,1.09,0.0403660876726383,6.6,9.1,3.03,8.23,0.1842291862096406,4.437706862127033,2.216727743589138,0.5,0.5,37,TGKA,12.150668286755772,0,0.0,0.1107,0.0254,0.030299999999999997,0.0823,0,0,0,0,0,0,0,0,0,0,0,0,0
7038,2018,0,10.88,2.46,1.71,0.98,0.12961565301310063,8.29,9.38,12.42,34.7,0.195625443041906,5.038893643914784,2.4657968032267474,0.3333333333333333,0.0,38,TGKA,2.881844380403458,0,0.0,0.10880000000000001,0.0246,0.1242,0.34700000000000003,0,0,0,0,0,0,0,0,0,0,0,0,0
7037,2019,0,12.53,3.2,2.16,1.56,0.4802437652718325,9.36,10.8,0.83,1.8,0.33455180577184646,5.312537106613127,3.2002104082101868,0.3333333333333333,0.25,40,TGKA,55.55555555555555,0,0.0,0.1253,0.032,0.0083,0.018000000000000002,0,0,0,0,0,0,0,0,0,0,0,0,0
7036,2020,0,13.43,3.83,2.18,1.72,0.7941753639007479,9.68,15.24,1.53,3.21,0.33512593292836945,5.47816592724084,4.179740310795885,0.3333333333333333,0.3333333333333333,37,TGKA,31.152647975077883,0,0.0,0.1343,0.0383,0.015300000000000001,0.0321,0,0,0,0,0,0,0,0,0,0,0,0,0
7035,2021,0,12.67,4.03,2.33,1.64,0.5740988443028264,8.97,13.3,1.34,2.58,0.35866353511114574,6.438732965492153,3.651870391278218,0.5,0.09090909090909091,38,TGKA,38.75968992248062,0,0.0,0.1267,0.0403,0.0134,0.0258,0,0,0,0,0,0,0,0,0,0,0,0,0
7034,2022,0,10.84,3.69,2.06,1.5,0.5930646087842976,8.71,12.03,1.23,2.5,0.27598775597645925,7.259357871445753,3.188448441760553,0.3333333333333333,0.0,34,TGKA,40.0,0,0.0,0.1084,0.0369,0.0123,0.025,0,0,0,0,0,0,0,0,0,0,0,0,0
7033,2023,0,9.75,3.1,1.96,1.47,0.6304320151895682,8.95,13.04,3.56,7.39,0.2348534485601022,6.172734645900676,2.6924229566451188,0.42857142857142855,0.3333333333333333,34,TGKA,13.531799729364007,0,0.0,0.0975,0.031,0.0356,0.0739,0,0,0,0,0,0,0,0,0,0,0,0,0
7067,2013,0,24.67,10.42,2.15,1.19,0.252133350276071,7.41,2.23,16.43,25.79,0.2771651626914292,10.523009677407659,1.5330449176416163,0.3333333333333333,0.5,32,TINS,3.8774718883288095,0,,0.24670000000000003,0.1042,0.1643,0.2579,0,0,0,0,0,0,0,0,0,0,0,0,0
7066,2014,0,21.49,8.95,1.85,0.89,0.09899630324803746,5.86,2.06,23.71,51.87,0.1801882366766423,3.45983512909239,2.035809305438174,0.5,0.0,34,TINS,1.9278966647387703,0,0.0,0.21489999999999998,0.0895,0.2371,0.5186999999999999,0,0,0,0,0,0,0,0,0,0,0,0,0
7065,2015,0,9.98,1.48,1.82,0.78,0.16643375204613076,6.99,1.91,22.79,39.37,0.02085060820776669,6.904465614700845,0.700254678263243,0.3333333333333333,0.5,36,TINS,2.54000508001016,0,0.0,0.0998,0.0148,0.2279,0.3937,0,0,0,0,0,0,0,0,0,0,0,0,0
7064,2016,0,15.71,4.06,1.71,0.96,0.18616458994287266,10.2,2.17,18.15,30.66,0.12780305554942226,7.781324291063842,1.4161268204808015,0.3333333333333333,0.0,37,TINS,3.2615786040443577,0,0.0,0.15710000000000002,0.0406,0.1815,0.3066,0,0,0,0,0,0,0,0,0,0,0,0,0
7063,2017,0,16.55,5.52,2.12,1.39,0.41677524444950065,7.75,3.28,31.5,61.07,0.12329764569456056,3.506054827570483,0.954787906046832,0.16666666666666666,0.0,37,TINS,1.6374652038644177,0,0.0,0.1655,0.0552,0.315,0.6107,0,0,0,0,0,0,0,0,0,0,0,0,0
7062,2018,0,9.75,1.67,1.36,0.72,0.11849534882844731,6.37,3.02,40.37,99.93,0.014848881759520953,3.5230135893517525,0.9145627735318343,0.3333333333333333,0.3333333333333333,38,TINS,1.0007004903432402,0,0.0,0.0975,0.0167,0.40369999999999995,0.9993000000000001,0,0,0,0,0,0,0,0,0,0,0,0,0
7061,2019,0,5.91,-3.14,1.03,0.48,0.1338854516801672,10.61,3.37,56.78,219.85,-0.008380127410195398,2.6721547574830953,1.1684905593140886,0.4,0.25,40,TINS,0.4548555833522856,0,0.0,0.0591,-0.031400000000000004,0.5678,2.1985,0,0,0,0,0,0,0,0,0,0,0,0,0
7060,2020,0,7.36,-2.21,1.12,0.63,0.13766177081122186,10.43,2.98,43.06,126.55,0.01525137289607253,2.330712566186986,2.238787328767872,0.3333333333333333,0.0,37,TINS,0.7902015013828526,0,0.0,0.0736,-0.022099999999999998,0.43060000000000004,1.2655,0,0,0,0,0,0,0,0,0,0,0,0,0
7059,2021,0,23.51,8.92,1.31,0.75,0.313467135890144,9.3,3.71,27.84,64.83,0.2520733202434719,3.3394159785417004,1.7177805655885308,0.3333333333333333,0.2857142857142857,38,TINS,1.5424957581366652,0,0.0,0.2351,0.0892,0.2784,0.6483,0,0,0,0,0,0,0,0,0,0,0,0,0
7058,2022,0,20.2,8.33,2.21,1.05,0.48516959050552283,8.59,3.27,21.24,39.41,0.24322842229463443,3.0247525236435235,1.2374313507556125,0.3333333333333333,0.25,34,TINS,2.5374270489723423,0,0.0,0.20199999999999999,0.0833,0.21239999999999998,0.39409999999999995,0,0,0,0,0,0,0,0,0,0,0,0,0
7057,2023,0,5.55,-5.36,1.39,0.72,0.3890577217557346,8.3,2.82,27.13,55.86,-0.07702715866819303,3.3747031786984065,0.7695502090366944,0.3333333333333333,0.0,34,TINS,1.7901897601145722,0,0.0,0.0555,-0.0536,0.2713,0.5586,0,0,0,0,0,0,0,0,0,0,0,0,0
7091,2013,0,34.55,-4.91,1.2,0.61,0.0658834029698649,4.28,2.2,35.2,91.12,0.008005483933709957,7.839284513720584,1.1049335301020984,0.5,0.8,32,TIRA,1.0974539069359086,0,,0.3455,-0.049100000000000005,0.35200000000000004,0.9112,0,0,0,0,0,0,0,0,0,0,0,0,0
7090,2014,0,34.55,0.55,1.26,0.67,0.07615781896268556,4.54,2.44,29.71,82.16,0.07574510987491789,4.629289546265507,1.0550920921120799,0.4,0.0,34,TIRA,1.2171372930866602,0,0.0,0.3455,0.0055000000000000005,0.29710000000000003,0.8216,0,0,0,0,0,0,0,0,0,0,0,0,0
7089,2015,0,34.21,0.47,1.3,0.66,0.06807628711460728,4.42,2.36,19.55,51.63,0.06564757590090094,4.016658453728462,1.0173757277153934,0.3333333333333333,0.14285714285714285,36,TIRA,1.936858415649816,0,0.0,0.3421,0.004699999999999999,0.1955,0.5163,0,0,0,0,0,0,0,0,0,0,0,0,0
7088,2016,0,34.36,0.43,1.35,0.77,0.06101073304132063,4.03,2.47,21.97,44.07,0.042953861048111434,4.7278291615638715,1.1806593093913036,0.0,0.25,37,TIRA,2.269117313365101,0,0.0,0.3436,0.0043,0.21969999999999998,0.4407,0,0,0,0,0,0,0,0,0,0,0,0,0
7087,2017,0,34.09,-4.42,1.35,0.72,0.07615837122165901,3.38,2.1,22.85,49.32,-0.007912370667464435,4.152540435252268,0.9656995137495937,0.3333333333333333,0.25,37,TIRA,2.02757502027575,0,0.0,0.34090000000000004,-0.044199999999999996,0.2285,0.4932,0,0,0,0,0,0,0,0,0,0,0,0,0
7086,2018,0,33.99,-0.14,1.43,0.75,0.14070206048470243,4.57,2.17,24.84,53.02,0.06476782069502408,4.379428480181027,0.7888838794418853,0.3333333333333333,0.5714285714285714,38,TIRA,1.8860807242549982,0,0.0,0.33990000000000004,-0.0014000000000000002,0.2484,0.5302,0,0,0,0,0,0,0,0,0,0,0,0,0
7085,2019,0,35.2,0.45,1.47,0.79,0.0485771653540632,4.3,2.04,24.0,48.99,0.08239631684922528,4.5887204556020915,0.882312281250203,0.6666666666666666,0.16666666666666666,40,TIRA,2.0412329046744233,0,0.0,0.35200000000000004,0.0045000000000000005,0.24,0.4899,0,0,0,0,0,0,0,0,0,0,0,0,0
7084,2020,0,35.92,0.94,1.36,0.74,0.06574966047182337,3.72,1.94,30.34,64.53,0.01317845553569861,3.857154939250712,0.9379790897180993,0.3333333333333333,0.3333333333333333,37,TIRA,1.549666821633349,0,0.0,0.3592,0.009399999999999999,0.3034,0.6453,0,0,0,0,0,0,0,0,0,0,0,0,0
7083,2021,0,36.02,-1.42,1.24,0.63,0.0750346520975239,3.79,1.87,32.43,68.85,0.0561002151946937,4.605861588561516,1.5721280105472133,0.4,0.0,38,TIRA,1.4524328249818448,0,0.0,0.3602,-0.014199999999999999,0.3243,0.6884999999999999,0,0,0,0,0,0,0,0,0,0,0,0,0
7082,2022,0,34.62,0.78,1.24,0.65,0.09181477510827042,4.46,2.24,28.8,60.4,0.08652123947132954,4.565242142207245,1.3899183645155517,0.6666666666666666,0.3333333333333333,34,TIRA,1.6556291390728477,0,0.0,0.34619999999999995,0.0078000000000000005,0.28800000000000003,0.604,0,0,0,0,0,0,0,0,0,0,0,0,0
7081,2023,0,35.8,0.48,1.22,0.52,0.04973216326308338,4.69,1.95,24.4,50.28,0.05671390783629172,4.339519722191808,1.289184148023037,0.3333333333333333,0.0,34,TIRA,1.988862370723946,0,0.0,0.358,0.0048,0.244,0.5028,0,0,0,0,0,0,0,0,0,0,0,0,0
7115,2013,0,-1.94,-18.62,0.98,0.28,0.08703357470435494,27.81,2.23,0.9183964206064549,11.254364421655515,-0.16272396734019406,1.2314936039414386,0.8915245172480043,0.3333333333333333,0.0,32,TIRT,8.885441794259052,0,,-0.0194,-0.1862,0.009183964206064548,0.11254364421655515,0,0,0,0,0,0,0,0,0,0,0,0,0
7114,2014,0,18.94,2.56,1.1,0.37,0.05241115568084404,22.75,2.15,0.8969656914607167,8.705505032032473,0.10082784758364927,1.3741171777937844,1.1786616004700448,0.3333333333333333,0.0,34,TIRT,11.486984342900667,0,0.0,0.1894,0.0256,0.008969656914607167,0.08705505032032473,0,0,0,0,0,0,0,0,0,0,0,0,0
7113,2015,0,18.69,-0.1,1.09,0.38,0.03569321872512796,19.45,2.08,0.880549159407462,7.371644728823014,0.0886811925468103,1.4736284665651125,0.5549379986404976,0.3333333333333333,0.3333333333333333,36,TIRT,13.565493682705785,0,0.0,0.1869,-0.001,0.00880549159407462,0.07371644728823014,0,0,0,0,0,0,0,0,0,0,0,0,0
7112,2016,0,18.26,3.44,1.12,0.37,0.03378788819722752,23.27,1.93,0.8445974338892742,5.434900175892144,0.07306479060391423,1.6582722872687963,0.9973482905687957,0.3333333333333333,0.2,37,TIRT,18.39960197310982,0,0.0,0.1826,0.0344,0.008445974338892742,0.05434900175892144,0,0,0,0,0,0,0,0,0,0,0,0,0
7111,2017,0,12.29,0.13,1.15,0.39,0.0760464294211033,18.0,1.83,0.8559030831011231,5.939773741105748,-0.0016737438322206332,1.5583587523491345,0.727449587662759,0.3333333333333333,0.1111111111111111,37,TIRT,16.835658117405664,0,0.0,0.1229,0.0013,0.00855903083101123,0.05939773741105748,0,0,0,0,0,0,0,0,0,0,0,0,0
7110,2018,0,10.9,-3.5,1.08,0.33,0.04726669226868272,20.44,2.22,0.905253845139286,9.554518032632531,0.011024436299271691,1.3697945067587152,0.7170341655080323,0.3333333333333333,0.2,38,TIRT,10.46625268364764,0,0.0,0.109,-0.035,0.00905253845139286,0.09554518032632531,0,0,0,0,0,0,0,0,0,0,0,0,0
7109,2019,0,5.68,-8.01,1.02,0.19,0.0364364276308808,12.96,1.28,0.9598672465544174,23.917303545815876,-0.053271073027842605,1.1417141975417127,1.489111185334697,0.6,0.0,40,TIRT,4.181073330797531,0,0.0,0.056799999999999996,-0.0801,0.009598672465544173,0.23917303545815877,0,0,0,0,0,0,0,0,0,0,0,0,0
7108,2020,0,-173.69,-245.38,0.34,0.07,0.021368704083375833,6.06,1.51,1.9888460612188728,-2.0112797525009425,-0.4767232302564577,-0.0795491095224095,-0.13154374061801344,0.3333333333333333,0.2,37,TIRT,-49.719587678270095,1,0.0,-1.7368999999999999,-2.4537999999999998,0.019888460612188727,-0.020112797525009427,1,0,0,0,0,0,0,0,0,0,0,0,1
7107,2021,1,-598.13,-807.07,0.27,0.1,0.020758546108027652,26.64,1.48,2.8210407941886904,-1.549136517559632,-0.13498440867226544,0.14050971348128247,-0.22014258274634121,0.5,0.0,38,TIRT,-64.55209006210173,1,1.0,-5.9813,-8.0707,0.028210407941886905,-0.01549136517559632,1,1,0,0,0,0,0,0,0,0,0,0,2
7106,2022,1,-2941.32,-9333.12,0.33,0.1,0.014115633514256197,9.94,0.85,3.3875416531065814,-1.4188408603045048,-0.03962541230085718,0.15535061366135516,-0.08573015290930133,0.5,0.0,34,TIRT,-70.48006777767768,1,1.0,-29.413200000000003,-93.33120000000001,0.033875416531065815,-0.01418840860304505,1,1,0,0,0,0,0,0,0,0,0,0,2
7105,2023,1,-130563.18,-149188.86,83.43,6.95,3.1864163403647767,0.27,0.97,3.940037168428025,-1.340131754366452,-0.04221399407292237,0.2534790201615478,-0.07959404314025358,0.4,0.3333333333333333,34,TIRT,-74.61952876959852,1,1.0,-1305.6317999999999,-1491.8885999999998,0.039400371684280254,-0.013401317543664519,1,1,1,0,0,0,0,0,0,0,0,0,3
7139,2013,0,12.23,2.21,2.22,1.53,0.21351774192055248,8.42,2.97,52.12,170.09,0.01482822374751687,1.6302493474584434,0.24687393571712435,0.3333333333333333,0.3333333333333333,32,TKIM,0.5879240402140044,0,,0.1223,0.022099999999999998,0.5212,1.7009,0,0,0,0,0,0,0,0,0,0,0,0,0
7138,2014,0,11.6,1.72,1.9,1.34,0.2533767849483226,9.73,3.06,17.32,50.4,0.011844653098389354,1.765285963651299,0.19584637977505784,0.0,0.4,34,TKIM,1.9841269841269842,0,0.0,0.11599999999999999,0.0172,0.1732,0.504,0,0,0,0,0,0,0,0,0,0,0,0,0
7137,2015,0,10.41,0.14,1.43,0.96,0.08701808919397315,9.95,3.22,57.27,160.76,0.0073197842144006875,1.832363958947626,0.10036532368482717,0.3333333333333333,0.0,36,TKIM,0.6220452848967405,0,0.0,0.1041,0.0014000000000000002,0.5727,1.6076,0,0,0,0,0,0,0,0,0,0,0,0,0
7136,2016,0,11.05,0.77,1.47,0.85,0.27444626783538384,12.64,3.37,55.18,146.51,0.00694885465968312,1.8187156321590587,0.15414959464549893,0.3333333333333333,0.25,37,TKIM,0.6825472663981982,0,0.0,0.1105,0.0077,0.5518,1.4650999999999998,0,0,0,0,0,0,0,0,0,0,0,0,0
7135,2017,0,10.79,3.16,1.44,0.96,0.25455650308524913,10.4,3.72,55.53,143.68,0.016239631389876767,1.9123829586088794,0.6715576397603649,0.3333333333333333,0.0,37,TKIM,0.6959910913140311,0,0.0,0.1079,0.0316,0.5553,1.4368,0,0,0,0,0,0,0,0,0,0,0,0,0
7134,2018,0,10.93,23.27,1.7,1.1,0.27617424453976963,8.66,3.33,52.72,126.55,0.022672940400799993,2.05131790836945,1.9221579395407589,0.4,0.0,38,TKIM,0.7902015013828526,0,0.0,0.1093,0.2327,0.5272,1.2655,0,0,0,0,0,0,0,0,0,0,0,0,0
7133,2019,0,10.23,15.9,1.63,1.16,0.3374823730582605,9.11,3.23,48.56,107.34,0.015917028568114625,2.218785686258294,1.6588299212108963,0.3333333333333333,0.0,40,TKIM,0.931619154089808,0,0.0,0.1023,0.159,0.48560000000000003,1.0734000000000001,0,0,0,0,0,0,0,0,0,0,0,0,0
7132,2020,0,13.8,17.12,1.38,0.95,0.2659517895599096,9.87,2.91,42.33,86.0,0.02661739188485839,2.58345538775617,1.4440780055176257,0.3333333333333333,0.0,37,TKIM,1.1627906976744187,0,0.0,0.138,0.17120000000000002,0.4233,0.86,0,0,0,0,0,0,0,0,0,0,0,0,0
7131,2021,0,13.71,24.24,1.19,0.77,0.30318790955782515,17.38,3.25,35.85,64.56,0.0347990494208401,3.4108900287779265,0.9352675377044943,0.3333333333333333,0.0,38,TKIM,1.5489467162329615,0,0.0,0.1371,0.24239999999999998,0.35850000000000004,0.6456000000000001,0,0,0,0,0,0,0,0,0,0,0,0,0
7130,2022,0,13.81,40.52,1.23,0.82,0.5632574109974564,15.65,3.48,29.08,46.47,0.044715587384069784,4.509264092270802,0.6319139606937244,0.3333333333333333,0.5,34,TKIM,2.1519259737465033,0,0.0,0.1381,0.4052,0.2908,0.4647,0,0,0,0,0,0,0,0,0,0,0,0,0
7129,2023,0,13.22,16.02,1.24,0.88,0.616982313867049,12.6,3.71,27.27,41.27,0.051150883363514414,4.862267266781077,0.618816202253411,0.5,0.0,34,TKIM,2.42306760358614,0,0.0,0.1322,0.1602,0.2727,0.4127,0,0,0,0,0,0,0,0,0,0,0,0,0
7163,2013,0,51.74,24.46,1.16,1.15,0.75844850019341,13.52,73.6,15.83,26.16,0.5560393453005323,4.50493435943866,2.7991319521078735,0.3333333333333333,0.25,32,TLKM,3.8226299694189603,0,,0.5174,0.2446,0.1583,0.2616,0,0,0,0,0,0,0,0,0,0,0,0,0
7162,2014,0,50.6,23.72,1.06,1.05,0.6333622130082307,12.72,90.16,16.54,27.23,0.5247185159911649,4.685865890709914,3.3527833016311606,0.4,0.5,34,TLKM,3.6724201248622843,0,0.0,0.506,0.2372,0.1654,0.2723,0,0,0,0,0,0,0,0,0,0,0,0,0
7161,2015,0,50.97,22.75,1.35,1.34,0.8735492615706096,13.13,100.27,20.83,37.05,0.44627122138978625,3.5026250937533483,3.350002021042942,0.5,0.2,36,TLKM,2.699055330634278,0,0.0,0.5097,0.2275,0.20829999999999999,0.3705,0,0,0,0,0,0,0,0,0,0,0,0,0
7160,2016,0,54.43,25.08,1.2,1.18,0.7856244655701423,14.16,95.35,17.7,30.13,0.5298851040274346,4.076636058883545,3.801106511710756,0.5,0.2,37,TLKM,3.318951211417192,0,0.0,0.5443,0.25079999999999997,0.177,0.3013,0,0,0,0,0,0,0,0,0,0,0,0,0
7159,2017,0,53.19,25.5,1.05,1.03,0.6020363187588152,13.53,98.82,17.87,31.63,0.5081640688329435,3.736346332178242,3.991367020565415,0.6666666666666666,0.3333333333333333,37,TLKM,3.1615554852987673,0,0.0,0.5318999999999999,0.255,0.1787,0.31629999999999997,0,0,0,0,0,0,0,0,0,0,0,0,0
7158,2018,0,46.87,20.63,0.94,0.92,0.405157692224552,11.27,103.09,21.38,37.58,0.43622107477529165,3.751524676299493,3.1668696644587095,0.5,0.0,38,TLKM,2.660989888238425,0,0.0,0.46869999999999995,0.20629999999999998,0.2138,0.37579999999999997,0,0,0,0,0,0,0,0,0,0,0,0,0
7157,2019,0,48.01,20.35,0.71,0.7,0.3220202504754236,10.5,108.27,23.55,44.42,0.4086265607264472,3.57189234245103,3.354174839249467,0.3333333333333333,0.0,40,TLKM,2.2512381809995494,0,0.0,0.48009999999999997,0.20350000000000001,0.23550000000000001,0.44420000000000004,0,0,0,0,0,0,0,0,0,0,0,0,0
7156,2020,0,49.52,21.66,0.67,0.66,0.3168483059065318,10.29,87.87,26.51,54.15,0.3458121122693449,3.122311757167185,2.712371985424646,0.5,0.14285714285714285,37,TLKM,1.8467220683287167,0,0.0,0.49520000000000003,0.21660000000000001,0.2651,0.5415,0,0,0,0,0,0,0,0,0,0,0,0,0
7155,2021,0,47.54,23.71,0.89,0.88,0.561311133934125,11.38,85.28,24.92,47.51,0.334491785863338,3.32066587927347,2.752504178598202,0.3333333333333333,0.25,38,TLKM,2.104820037886761,0,0.0,0.4754,0.2371,0.2492,0.47509999999999997,0,0,0,0,0,0,0,0,0,0,0,0,0
7154,2022,0,44.68,18.79,0.78,0.77,0.47303517645053134,12.57,84.76,22.91,42.24,0.3634003017549432,3.687371718699363,2.4888003125376854,0.6666666666666666,0.0,34,TLKM,2.3674242424242427,0,0.0,0.4468,0.18789999999999998,0.2291,0.4224,0,0,0,0,0,0,0,0,0,0,0,0,0
7153,2023,0,47.23,21.58,0.78,0.76,0.42851553767046724,11.05,73.56,23.73,43.51,0.3461679950950337,3.6575570342205324,2.499302228957218,0.5,0.14285714285714285,34,TLKM,2.2983222247759136,0,0.0,0.47229999999999994,0.2158,0.2373,0.4351,0,0,0,0,0,0,0,0,0,0,0,0,0
7187,2013,0,14.25,14.25,0.52,0.47,0.09503010929748526,8.94,40.03,57.89,287.61,0.10166955341838896,1.438444659635323,71.26041651293666,0.5,0.0,32,TMAS,0.3476930565696603,0,,0.1425,0.1425,0.5789,2.8761,0,0,0,0,0,0,0,0,0,0,0,0,0
7186,2014,0,25.18,25.18,0.49,0.45,0.07010898147180043,8.14,41.9,48.67,148.3,0.2970137478213033,2.1184760727985474,473.39462669040915,0.3333333333333333,0.0,34,TMAS,0.6743088334457181,0,0.0,0.2518,0.2518,0.4867,1.483,0,0,0,0,0,0,0,0,0,0,0,1,1
7185,2015,0,27.69,27.69,0.59,0.54,0.05468836576072463,8.54,47.32,43.33,94.78,0.4082815798579381,2.6164993280277913,273.11918667295487,0.3333333333333333,0.0,36,TMAS,1.0550749103186325,0,0.0,0.27690000000000003,0.27690000000000003,0.43329999999999996,0.9478,0,0,0,0,0,0,0,0,0,0,0,1,1
7184,2016,0,26.26,26.26,0.42,0.35,0.05189812695376198,10.39,35.31,52.37,132.98,0.1967194266411329,2.131629549622106,200.74909514712652,0.3333333333333333,0.25,37,TMAS,0.7519927808693038,0,0.0,0.2626,0.2626,0.5236999999999999,1.3297999999999999,0,0,0,0,0,0,0,0,0,0,0,0,0
7183,2017,0,13.38,13.38,0.51,0.4,0.02212184251090134,10.97,26.09,54.31,154.94,0.08045144395246145,1.9501562599719666,127.71754278779355,0.4,0.2857142857142857,37,TMAS,0.6454111268878276,0,0.0,0.1338,0.1338,0.5431,1.5493999999999999,0,0,0,0,0,0,0,0,0,0,0,0,0
7182,2018,0,9.63,9.63,0.43,0.34,0.04847626192483488,11.16,25.05,46.16,122.46,0.07579601904050424,2.3175465814361123,85.35738302357501,0.4,0.0,38,TMAS,0.8165931732810714,0,0.0,0.09630000000000001,0.09630000000000001,0.46159999999999995,1.2246,0,0,0,0,0,0,0,0,0,0,0,0,0
7181,2019,0,14.29,14.29,0.53,0.43,0.047677574066625594,12.03,23.96,52.1,143.83,0.11597056928632536,2.0746798868965493,49.18411504136814,0.5,0.2,40,TMAS,0.6952652436904678,0,0.0,0.1429,0.1429,0.521,1.4383000000000001,0,0,0,0,0,0,0,0,0,0,0,0,0
7180,2020,0,15.1,15.1,0.45,0.39,0.1401930442911925,12.57,28.67,60.33,191.17,0.09463519027300993,1.7026908304256319,65.01622286726482,0.3333333333333333,0.0,37,TMAS,0.5230946278181723,0,0.0,0.151,0.151,0.6033,1.9117,0,0,0,0,0,0,0,0,0,0,0,0,0
7179,2021,0,20.99,20.99,1.14,1.03,0.6889949561762019,13.03,30.96,47.27,124.2,0.21763267498379327,2.0194023930719904,506.8613533932103,0.3333333333333333,0.0,38,TMAS,0.8051529790660226,0,0.0,0.20989999999999998,0.20989999999999998,0.4727,1.242,0,0,0,0,0,0,0,0,0,0,0,1,1
7178,2022,0,35.71,35.71,1.76,1.63,1.290616539149414,15.18,25.61,34.59,68.45,0.7083604949878713,2.904588547202525,498.59750146705574,0.4,0.0,34,TMAS,1.4609203798392987,0,0.0,0.35710000000000003,0.35710000000000003,0.34590000000000004,0.6845,0,0,0,0,0,0,0,0,0,0,0,1,1
7177,2023,0,25.42,25.42,2.22,1.98,1.4008201454924256,12.93,22.53,28.88,45.49,0.6311314417411228,4.038285509283492,3.445560354372593,0.3333333333333333,0.0,34,TMAS,2.198285337436799,0,0.0,0.25420000000000004,0.25420000000000004,0.2888,0.4549,0,0,0,0,0,0,0,0,0,0,0,0,0
7211,2013,0,47.04,2.81,2.61,2.38,0.406881411911436,3.96,10.51,24.92,49.93,0.13534727334035093,2.738211107509206,0.9282319336700546,0.3333333333333333,0.0,32,TMPO,2.002803925495694,0,,0.4704,0.0281,0.2492,0.4993,0,0,0,0,0,0,0,0,0,0,0,0,0
7210,2014,0,35.82,4.89,2.08,1.86,0.24848872147098439,4.49,13.64,31.08,69.27,0.08311631642403519,2.447457478090818,0.6058315524298198,0.3333333333333333,0.0,34,TMPO,1.4436263894904,0,0.0,0.3582,0.0489,0.31079999999999997,0.6927,0,0,0,0,0,0,0,0,0,0,0,0,0
7209,2015,0,44.62,1.04,1.88,1.58,0.1995407343463839,3.43,7.13,32.39,74.14,0.08075514701487847,2.2384920956596974,0.3304666853013912,0.4,0.2857142857142857,36,TMPO,1.348799568384138,0,0.0,0.4462,0.0104,0.3239,0.7414000000000001,0,0,0,0,0,0,0,0,0,0,0,0,0
7208,2016,0,42.03,-5.86,2.21,1.99,0.16321485021964408,3.57,7.23,32.54,80.62,-0.02527433029788736,2.0434692523115396,0.7838490761719094,0.5,0.0,37,TMPO,1.2403870007442321,0,0.0,0.4203,-0.058600000000000006,0.32539999999999997,0.8062,0,0,0,0,0,0,0,0,0,0,0,0,0
7207,2017,0,38.21,-0.15,1.54,1.41,0.09444849146207654,3.99,11.27,27.5,70.55,0.0675390474069383,2.324819619519012,1.3023089839519477,0.5,0.5,37,TMPO,1.4174344436569808,0,0.0,0.3821,-0.0015,0.275,0.7055,0,0,0,0,0,0,0,0,0,0,0,0,0
7206,2018,0,37.46,1.03,2.44,2.13,0.1437000953614703,2.98,8.86,19.49,31.78,0.048901830518158454,4.157917096808685,0.736909862903731,0.3333333333333333,0.25,38,TMPO,3.146633102580239,0,0.0,0.3746,0.0103,0.1949,0.3178,0,0,0,0,0,0,0,0,0,0,0,0,0
7205,2019,0,35.9,0.41,2.35,1.99,0.12814259610929027,2.78,7.25,20.3,31.62,0.06510923365213064,4.817304885110867,0.6602282903626902,0.42857142857142855,0.16666666666666666,40,TMPO,3.162555344718532,0,0.0,0.359,0.0040999999999999995,0.203,0.31620000000000004,0,0,0,0,0,0,0,0,0,0,0,0,0
7204,2020,0,29.57,-26.13,1.83,1.58,0.18001264956103055,1.9,5.26,20.0,39.31,-0.21631175173999295,3.0670366549155665,0.8110199397143926,0.5,0.0,37,TMPO,2.543881963876876,0,0.0,0.2957,-0.2613,0.2,0.3931,0,0,0,0,0,0,0,0,0,0,0,0,0
7203,2021,0,39.66,2.51,1.67,1.44,0.1303928238614886,2.0,5.0,17.66,34.35,0.05496159609607806,3.407458515451915,0.7555449928628937,0.3333333333333333,0.16666666666666666,38,TMPO,2.911208151382824,0,0.0,0.39659999999999995,0.025099999999999997,0.1766,0.3435,0,0,0,0,0,0,0,0,0,0,0,0,0
7202,2022,0,36.49,-1.43,1.49,1.29,0.062315373653421886,2.16,5.7,18.04,35.96,0.009530675802956766,3.7036830108679015,0.5715275327016318,0.75,0.6666666666666666,34,TMPO,2.7808676307007785,0,0.0,0.3649,-0.0143,0.1804,0.35960000000000003,0,0,0,0,0,0,0,0,0,0,0,0,0
7201,2023,0,39.1,0.57,1.49,1.24,0.057094996537727996,1.93,4.36,14.12,28.38,0.0043182389967300295,4.11953617882204,0.44944511159393363,0.8333333333333334,0.0,34,TMPO,3.5236081747709656,0,0.0,0.391,0.005699999999999999,0.1412,0.2838,0,0,0,0,0,0,0,0,0,0,0,0,0
7235,2013,0,18.86,8.2,0.9,0.67,0.43520736564650836,17.92,11.26,17.92,42.81,0.2369491508148571,4.653399411222554,0.9355300615423379,0.5,0.2,32,TOBA,2.3359028264424198,0,,0.1886,0.08199999999999999,0.17920000000000003,0.42810000000000004,0,0,0,0,0,0,0,0,0,0,0,0,0
7234,2014,0,17.24,7.11,1.23,0.77,0.5267302506243656,24.14,11.13,19.33,40.96,0.33807719963586425,3.0882437173890143,1.048108806923449,0.5,0.6666666666666666,34,TOBA,2.44140625,0,0.0,0.1724,0.0711,0.19329999999999997,0.4096,0,0,0,0,0,0,0,0,0,0,0,0,0
7233,2015,0,20.23,7.38,1.4,1.08,0.6604598517722747,15.92,8.74,22.67,41.26,0.33348572914953745,3.660883951389291,0.6355149162434915,0.3333333333333333,0.25,36,TOBA,2.423654871546292,0,0.0,0.2023,0.0738,0.2267,0.41259999999999997,0,0,0,0,0,0,0,0,0,0,0,0,0
7232,2016,0,20.63,5.65,0.97,0.75,0.5155410147296575,13.15,10.97,19.62,34.73,0.26049121005901754,4.614727583927163,1.2589975004796843,0.4,0.0,37,TOBA,2.8793550244745183,0,0.0,0.20629999999999998,0.0565,0.1962,0.34729999999999994,0,0,0,0,0,0,0,0,0,0,0,0,0
7231,2017,0,30.29,13.31,1.53,1.15,0.8809566985381403,24.81,10.75,28.95,57.68,0.3643476016305751,2.622102543397752,1.75688971111032,0.5,0.0,37,TOBA,1.7337031900138697,0,0.0,0.3029,0.1331,0.2895,0.5768,0,0,0,0,0,0,0,0,0,0,0,0,0
7230,2018,0,28.3,15.53,1.22,0.79,0.49491133779851665,19.73,8.44,33.43,77.8,0.2985483762337338,2.2661372317085946,1.038819064238095,0.4,0.14285714285714285,38,TOBA,1.2853470437017995,0,0.0,0.28300000000000003,0.1553,0.3343,0.778,0,0,0,0,0,0,0,0,0,0,0,0,0
7229,2019,0,17.45,8.32,0.92,0.45,0.2275197391015545,21.38,9.3,40.69,97.77,0.19147518341765243,1.9481964252735373,0.7837972616202178,0.5,0.0,40,TOBA,1.0228086325048584,0,0.0,0.1745,0.0832,0.4069,0.9777,0,0,0,0,0,0,0,0,0,0,0,0,0
7228,2020,0,10.77,10.79,0.73,0.48,0.2601598113612461,21.11,8.78,50.35,133.58,0.03242317758986033,1.7559421246346216,1.0248618177087523,0.3333333333333333,0.0,37,TOBA,0.7486150621350501,0,0.0,0.10769999999999999,0.1079,0.5035000000000001,1.3358,0,0,0,0,0,0,0,0,0,0,0,0,0
7227,2021,0,16.82,14.18,1.74,1.62,0.5730251292655009,7.0,20.14,45.44,110.08,0.10289417028851945,1.9229837652249775,1.7524080416816308,0.4,0.0,38,TOBA,0.9084302325581395,0,0.0,0.16820000000000002,0.1418,0.45439999999999997,1.1008,0,0,0,0,0,0,0,0,0,0,0,0,0
7226,2022,0,21.39,14.77,1.98,1.8,0.7982543849124601,5.67,26.47,40.88,86.78,0.17088412520232732,2.2327428786776764,0.7401465438744017,0.4,0.0,34,TOBA,1.1523392486748099,0,0.0,0.2139,0.1477,0.40880000000000005,0.8678,0,0,0,0,0,0,0,0,0,0,0,0,0
7225,2023,0,12.73,4.16,1.6,1.44,0.33886973706220136,4.21,18.35,42.52,95.13,0.024770865840264104,2.127461981953225,0.37782633490396084,0.75,0.0,34,TOBA,1.0511931041732367,0,0.0,0.1273,0.0416,0.4252,0.9512999999999999,0,0,0,0,0,0,0,0,0,0,0,0,0
7259,2013,0,18.89,9.32,1.57967655942352,0.8741571037239466,0.5289769705748039,2.6451661749277884,11.393248826094505,0.6321489340568386,1.7184915107858223,0.17105051167066146,5.505376732241368,2.0818314588079243,0.3333333333333333,0.0,32,TOTL,58.190569678329425,0,,0.1889,0.0932,0.006321489340568386,0.017184915107858224,0,0,0,0,0,0,0,0,0,0,0,0,0
7258,2014,0,14.6,7.85,1.2984215505860062,0.6343447265844286,0.4145728618298822,2.035948932639829,14.659030923062447,0.6908502705647611,2.2346785547146384,0.08870533232495804,5.860518484996501,4.973891199615066,0.3333333333333333,0.0,34,TOTL,44.749165283312834,0,0.0,0.146,0.0785,0.006908502705647611,0.022346785547146385,0,0,0,0,0,0,0,0,0,0,0,0,0
7257,2015,0,15.11,8.44,1.2583313340817126,0.6666744965412849,0.45499058870342224,2.1553858589496033,13.341572252114835,0.695619055382912,2.285356779669642,0.06949097259900705,5.271809496271924,2.420771789280994,0.3333333333333333,0.0,36,TOTL,43.75684395959191,0,0.0,0.15109999999999998,0.08439999999999999,0.00695619055382912,0.02285356779669642,0,0,0,0,0,0,0,0,0,0,0,0,0
7256,2016,0,17.66,9.3,1.2806731281766448,0.6479651490820479,0.4305958197768833,2.107450211146908,13.17784559284285,0.6805317227532373,2.130201247579843,0.09886074034068644,5.212267789878147,2.767474556706835,0.3333333333333333,0.0,37,TOTL,46.94392143165425,0,0.0,0.1766,0.09300000000000001,0.006805317227532372,0.021302012475798427,0,0,0,0,0,0,0,0,0,0,0,0,0
7255,2017,0,14.99,7.88,1.2607635843986416,0.6038445199952555,0.4203830951310606,2.241679046739895,16.78688168231882,0.6885384229292183,2.2106689030626194,0.09944070412219284,5.226509339496447,2.228098416269309,0.3333333333333333,0.0,37,TOTL,45.2351773987782,0,0.0,0.1499,0.0788,0.006885384229292183,0.022106689030626195,0,0,0,0,0,0,0,0,0,0,0,0,0
7254,2018,0,16.12,7.34,1.3725438419995932,0.5967564650135939,0.42896775919355884,1.8441408468215739,17.149856319504693,0.6741398022868678,2.068800691271721,0.10855060394859814,5.554275028498666,1.8150180706691144,0.5,0.0,38,TOTL,48.33718415790386,0,0.0,0.1612,0.07339999999999999,0.0067413980228686774,0.020688006912717213,0,0,0,0,0,0,0,0,0,0,0,0,0
7253,2019,0,15.04,7.09,1.4226159242526466,0.6386794778530335,0.5327341422427369,1.9673876005063515,18.760241293575103,0.6365485017276451,1.7513987554142452,0.0869475165400727,4.82740810811464,1.3805866722629536,0.75,0.3333333333333333,40,TOTL,57.097219973956044,0,0.0,0.15039999999999998,0.0709,0.006365485017276451,0.017513987554142452,0,0,0,0,0,0,0,0,0,0,0,0,0
7252,2020,0,12.44,4.74,1.4909371551978454,0.6032060333857627,0.524692034059588,1.7487428620599965,20.651811011981597,0.6056973093991455,1.5361226890847715,0.05305385770675442,5.172182578277389,1.1075665742493055,0.3333333333333333,0.0,37,TOTL,65.09896684071533,0,0.0,0.1244,0.047400000000000005,0.006056973093991455,0.015361226890847714,0,0,0,0,0,0,0,0,0,0,0,0,0
7251,2021,0,12.88,5.82,1.5837723456687016,0.8240507245558801,0.7483368993420018,1.773755184479157,18.27877132250138,0.5483147123451959,1.2139308658736743,0.054991309726652185,7.1473311504100945,0.8747249513575492,0.3333333333333333,0.3333333333333333,38,TOTL,82.37701405510381,0,0.0,0.1288,0.0582,0.0054831471234519594,0.012139308658736742,0,0,0,0,0,0,0,0,0,0,0,0,0
7250,2022,0,12.75,4.03,1.4850050575500533,0.8180540317358752,0.7474629518444462,2.1827029516083356,22.48394019076377,0.58528484223251,1.4112935861405143,0.06035604281010144,7.6589273963766935,0.8303824526671922,0.3333333333333333,0.0,34,TOTL,70.85697900283917,0,0.0,0.1275,0.0403,0.0058528484223251,0.014112935861405142,0,0,0,0,0,0,0,0,0,0,0,0,0
7249,2023,0,12.57,5.71,1.3295127081887752,0.5752379951939796,0.5115112388396325,2.1302306854644635,39.107737458492366,0.6593641089953745,1.9356859520901775,0.07216080271198987,6.879204970009352,1.2015747549196472,0.3333333333333333,0.0,34,TOTL,51.66127278653791,0,0.0,0.1257,0.0571,0.006593641089953745,0.019356859520901774,0,0,0,0,0,0,0,0,0,0,0,0,0
7283,2013,0,28.48,13.82,2.19,1.47,0.5085471084058566,3.89,3.54,8.31,14.01,0.3321647675759947,5.838754425471857,3.6829725065687575,0.5,0.0,32,TOTO,7.137758743754461,0,,0.2848,0.1382,0.08310000000000001,0.1401,0,0,0,0,0,0,0,0,0,0,0,0,0
7282,2014,0,25.86,14.41,2.11,1.25,0.15892720064185933,4.07,3.75,6.87,12.58,0.3519600240454717,3.761756471215403,3.497753164544898,0.3333333333333333,0.0,34,TOTO,7.94912559618442,0,0.0,0.2586,0.1441,0.0687,0.1258,0,0,0,0,0,0,0,0,0,0,0,0,0
7281,2015,0,25.02,12.52,2.41,1.33,0.29816506926366715,4.17,3.24,7.59,12.41,0.2727428552526944,4.845386122945296,4.808711776312648,0.5,0.0,36,TOTO,8.058017727639001,0,0.0,0.2502,0.1252,0.0759,0.1241,0,0,0,0,0,0,0,0,0,0,0,0,0
7280,2016,0,21.44,8.15,2.19,1.09,0.25222371830353796,4.03,2.6,9.74,16.5,0.17997611314663164,4.253246126792263,3.372561148637998,0.5,0.0,37,TOTO,6.0606060606060606,0,0.0,0.2144,0.0815,0.0974,0.165,0,0,0,0,0,0,0,0,0,0,0,0,0
7279,2017,0,24.61,12.82,2.3,1.21,0.2530352577153084,4.31,2.58,6.85,11.44,0.2208554354278007,4.029408276049501,2.4866116764829926,0.3333333333333333,0.5,37,TOTO,8.741258741258742,0,0.0,0.24609999999999999,0.1282,0.06849999999999999,0.1144,0,0,0,0,0,0,0,0,0,0,0,0,0
7278,2018,0,26.38,15.56,2.95,1.4,0.3539187008624627,4.62,2.47,4.2,6.31,0.20307710080607524,4.751890163355511,1.861312529614566,0.375,0.3333333333333333,38,TOTO,15.84786053882726,0,0.0,0.2638,0.15560000000000002,0.042,0.06309999999999999,0,0,0,0,0,0,0,0,0,0,0,0,0
7277,2019,0,18.73,6.84,3.66,2.07,0.6279840511759462,4.32,2.6,3.14,4.77,0.08265280063141936,4.064043633690179,1.5660232947658212,0.6666666666666666,0.16666666666666666,40,TOTO,20.9643605870021,0,0.0,0.1873,0.0684,0.031400000000000004,0.04769999999999999,0,0,0,0,0,0,0,0,0,0,0,0,0
7276,2020,0,12.49,-1.89,4.33,2.89,1.5237072906357798,3.51,2.76,12.51,20.21,0.009439232639421553,3.2045834149699957,1.2705458726468297,1.0,0.6666666666666666,37,TOTO,4.948045522018803,0,0.0,0.1249,-0.0189,0.1251,0.2021,0,0,0,0,0,0,0,0,0,0,0,0,0
7275,2021,0,18.61,8.56,3.62,2.11,0.9109186782817056,4.15,2.8,9.39,14.29,0.08730420741092197,4.034099769131704,1.0669970694400777,0.8,0.0,38,TOTO,6.997900629811057,0,0.0,0.1861,0.08560000000000001,0.09390000000000001,0.1429,0,0,0,0,0,0,0,0,0,0,0,0,0
7274,2022,0,25.77,15.02,3.57,2.11,0.9476126219519755,4.38,2.49,7.82,11.23,0.16531567783521942,5.010245855362167,1.210025466988288,0.42857142857142855,0.16666666666666666,34,TOTO,8.904719501335707,0,0.0,0.2577,0.1502,0.0782,0.11230000000000001,0,0,0,0,0,0,0,0,0,0,0,0,0
7273,2023,0,22.44,11.4,3.64,2.11,0.8115901350213375,4.31,2.65,7.35,10.42,0.12290233767713502,5.042685150953573,1.0006645756621642,0.42857142857142855,0.0,34,TOTO,9.596928982725528,0,0.0,0.22440000000000002,0.114,0.0735,0.1042,0,0,0,0,0,0,0,0,0,0,0,0,0
7307,2013,0,64.5,5.15,0.9151481466176288,0.6367064754741931,0.6222352163312533,4.744930624917446,92.6411578916867,0.7654583381721578,3.2636348365861667,0.13987407625193765,1.3846974507295486,7.701085843725675,0.3,0.25,32,TOWR,30.640682860403025,0,,0.645,0.051500000000000004,0.007654583381721578,0.03263634836586167,0,0,0,0,0,0,0,0,0,0,0,0,0
7306,2014,0,85.96,26.76,1.295688898935599,1.014736954627499,0.9854219185108292,7.1665622387484005,71.08659522531724,0.7271263519673702,2.6646997876483165,0.2243309573622344,1.4479798896656102,8.978854053703303,0.5,0.5,34,TOWR,37.527679652143185,0,0.0,0.8595999999999999,0.2676,0.007271263519673702,0.026646997876483166,0,0,0,0,0,0,0,0,0,0,0,0,0
7305,2015,0,87.21,66.33,1.7867429358546933,1.5484069485734167,1.5103655672124747,9.483483725597944,70.3393447266547,0.6414697047991827,1.7891645793555258,0.24051536703942375,1.6529029566741122,6.311603515981361,0.6,0.25,36,TOWR,55.89200745077402,0,0.0,0.8721,0.6633,0.006414697047991827,0.017891645793555257,0,0,0,0,0,0,0,0,0,0,0,0,0
7304,2016,0,72.4,34.92,1.088284056201846,0.9813966415497409,0.879609210185313,14.312980818254948,15.030122040815112,0.68276184195188,2.152205920475418,0.2298390953960332,1.6257785491651848,6.128712629572377,0.4,0.4,37,TOWR,46.46395544619178,0,0.0,0.7240000000000001,0.3492,0.0068276184195188005,0.021522059204754182,0,0,0,0,0,0,0,0,0,0,0,0,0
7303,2017,0,78.04,39.34,1.3672875026843914,1.0774960804523854,1.0528364433417456,8.25825680408926,97.04814282857299,0.6215087629276406,1.6420690944789864,0.2936564981367156,1.7530142307764491,5.746660148142474,0.6666666666666666,0.0,37,TOWR,60.89877724160511,0,0.0,0.7804000000000001,0.3934,0.0062150876292764055,0.016420690944789863,0,0,0,0,0,0,0,0,0,0,0,0,0
7302,2018,0,73.72,37.49,0.4788479147169673,0.26470363552682447,0.20274060298400542,5.766536192560519,19.929152685133612,0.6501126456023789,1.858062709130019,0.25141806382784576,1.789547475231551,4.381783188187142,0.375,0.25,38,TOWR,53.819496784810845,0,0.0,0.7372,0.3749,0.006501126456023789,0.018580627091300192,0,0,0,0,0,0,0,0,0,0,0,0,0
7301,2019,0,71.99,36.46,0.5420224818536445,0.24023067163420592,0.1300660401165012,4.684801093988507,13.003660760156746,0.6833399269383978,2.1579604916135513,0.20517454731994172,1.6109232446092983,4.687655489833427,0.3333333333333333,0.0,40,TOWR,46.34005135340914,0,0.0,0.7199,0.36460000000000004,0.006833399269383978,0.021579604916135513,0,0,0,0,0,0,0,0,0,0,0,0,0
7300,2020,0,72.34,38.33,0.4155368690752407,0.23895225978894943,0.19966636162270102,5.835627346951892,26.69577875861871,0.7026516260797587,2.3630585794568133,0.19823812526329182,1.6047421681092169,4.8088972086541615,0.4,0.4,37,TOWR,42.318036831311474,0,0.0,0.7234,0.3833,0.0070265162607975875,0.023630585794568133,0,0,0,0,0,0,0,0,0,0,0,0,0
7299,2021,0,72.9,39.93,0.3381192292743817,0.2382867044017385,0.21701584587827644,3.9532577475711443,18.63350962710738,0.816766524373043,4.457518046734476,0.10081758109775624,1.3782810158189749,4.758031586510912,0.3333333333333333,0.0,38,TOWR,22.434009004912227,0,0.0,0.7290000000000001,0.3993,0.00816766524373043,0.04457518046734476,0,0,0,0,0,0,0,0,0,0,0,0,0
7298,2022,0,73.59,31.68,0.25274212720900696,0.07167388753934976,0.023722899576106578,4.218960923674374,15.931631557064652,0.7800791757597272,3.5470909972011455,0.13900614387155444,1.3927516465552108,3.8882198471848004,0.375,0.0,34,TOWR,28.192115758774058,0,0.0,0.7359,0.31679999999999997,0.007800791757597272,0.03547090997201145,0,0,0,0,0,0,0,0,0,0,0,0,0
7297,2023,0,69.95,28.14,0.18218410480484487,0.052742601707983054,0.021281822307323284,3.7326713282355573,15.658595302559451,0.7586682495810444,3.14367358735013,0.13773955646531444,1.5980682134003836,3.058715266371699,0.4,0.0,34,TOWR,31.809918307801208,0,0.0,0.6995,0.2814,0.007586682495810444,0.0314367358735013,0,0,0,0,0,0,0,0,0,0,0,0,0
7331,2013,0,3.91,0.44,1.31,0.84,0.39157097550748826,14.5,8.49,18.73,41.78,0.025559318954526934,2.968903079076277,80.5508859425709,0.3333333333333333,0.3333333333333333,32,TPIA,2.3934897079942554,0,,0.0391,0.0044,0.1873,0.4178,0,0,0,0,0,0,0,0,0,0,0,0,0
7330,2014,0,4.77,0.74,1.39,0.94,0.43509893034700947,16.6,9.18,25.5,56.43,0.04550691129513536,2.508194673375553,78.5062056045168,0.6666666666666666,0.5,34,TPIA,1.77210703526493,0,0.0,0.04769999999999999,0.0074,0.255,0.5643,0,0,0,0,0,0,0,0,0,0,0,0,0
7329,2015,0,10.58,1.91,1.1,0.63,0.25634475437653703,17.37,6.21,29.41,61.76,0.0788442147848972,2.4835484880065977,79.35628356113753,0.4,0.0,36,TPIA,1.6191709844559588,0,0.0,0.1058,0.0191,0.29410000000000003,0.6175999999999999,0,0,0,0,0,0,0,0,0,0,0,0,0
7328,2016,0,25.61,15.55,1.53,1.09,0.6581813615555095,20.24,7.6,19.96,37.22,0.42369419627953636,3.1392410044240076,378.14617303044247,0.4,0.0,37,TPIA,2.6867275658248255,0,0.0,0.2561,0.1555,0.1996,0.3722,0,0,0,0,0,0,0,0,0,0,0,1,1
7327,2017,0,22.53,13.2,2.43,2.03,1.4349000466641915,13.93,8.58,21.12,37.81,0.3473882934177709,3.281968746410541,404.9586802789349,0.5,0.1,37,TPIA,2.6448029621793174,0,0.0,0.2253,0.132,0.2112,0.37810000000000005,0,0,0,0,0,0,0,0,0,0,0,1,1
7326,2018,0,15.35,7.17,2.05,1.67,1.0683042998897465,13.85,8.65,19.16,34.35,0.2220138114320202,3.4477009896855324,355.77679538347024,0.375,0.6,38,TPIA,2.911208151382824,0,0.0,0.1535,0.0717,0.1916,0.3435,0,0,0,0,0,0,0,0,0,0,0,1,1
7325,2019,0,9.1,1.26,1.77,1.4,0.842079080363589,11.4,6.18,22.83,44.74,0.0521540781199656,2.943148577059267,648.5306901691318,0.3333333333333333,0.0,40,TPIA,2.235136343316942,0,0.0,0.091,0.0126,0.22829999999999998,0.4474,0,0,0,0,0,0,0,0,0,0,0,1,1
7324,2020,0,9.14,2.85,1.74,1.44,1.063791584521187,11.95,5.95,23.49,46.61,0.04723666135998188,2.97214607199082,545.1898050295598,0.6,0.14285714285714285,37,TPIA,2.145462347135808,0,0.0,0.09140000000000001,0.0285,0.2349,0.4661,0,0,0,0,0,0,0,0,0,0,0,1,1
7323,2021,0,13.37,5.89,3.14,2.75,2.1690600655291536,16.25,7.15,21.56,36.71,0.12339857400573688,3.597892077261561,242.6347173038897,0.3333333333333333,0.0,38,TPIA,2.7240533914464726,0,0.0,0.13369999999999999,0.058899999999999994,0.21559999999999999,0.3671,0,0,0,0,0,0,0,0,0,0,0,0,0
7322,2022,0,-0.46,-6.27,3.75,3.23,2.3103707031462126,15.05,7.01,29.84,52.37,-0.05226650836979667,2.8565457787482766,5.084988083606963,0.5,0.0,34,TPIA,1.9094901661256447,0,0.0,-0.0046,-0.06269999999999999,0.2984,0.5236999999999999,0,0,0,0,0,0,0,0,0,0,0,0,0
7321,2023,0,3.79,-1.46,3.47,2.98,2.5542613559894387,12.51,5.79,31.0,58.14,-0.010520253250834,2.660298464422176,9.854086913673695,0.3333333333333333,0.0,34,TPIA,1.719986240110079,0,0.0,0.0379,-0.0146,0.31,0.5814,0,0,0,0,0,0,0,0,0,0,0,0,0
7355,2013,0,28.91,13.62,0.52,0.51,0.1280230348221726,5.28,0.0,54.43,132.93,0.1461346814251402,2.1918495636819726,1.262771361219631,0.3333333333333333,0.0,32,TPMA,0.7522756337922214,0,,0.2891,0.1362,0.5443,1.3293000000000001,0,0,0,0,0,0,0,0,0,0,0,0,0
7354,2014,0,28.36,16.54,0.41,0.39,0.0362785225126184,6.26,140.26,49.92,108.37,0.22480825693111497,2.59181267428916,1.4647272719961713,0.4,0.0,34,TPMA,0.9227646027498384,0,0.0,0.2836,0.1654,0.49920000000000003,1.0837,0,0,0,0,0,0,0,0,0,0,0,0,0
7353,2015,0,20.24,3.84,0.52,0.5,0.05021907486745902,3.97,67.72,44.52,90.14,0.10350404863330923,2.899607255683363,0.7026464720775654,0.4,0.0,36,TPMA,1.1093854004881296,0,0.0,0.2024,0.0384,0.44520000000000004,0.9014,0,0,0,0,0,0,0,0,0,0,0,0,0
7352,2016,0,22.77,4.47,0.51,0.49,0.0931891440452269,2.69,45.4,40.39,73.91,0.08053578112852842,3.4943388783150584,0.932627468837185,0.4,0.2857142857142857,37,TPMA,1.3529968881071575,0,0.0,0.22769999999999999,0.0447,0.4039,0.7391,0,0,0,0,0,0,0,0,0,0,0,0,0
7351,2017,0,28.52,12.94,0.59,0.58,0.15343287820560297,3.67,54.78,33.34,54.63,0.16669304730555629,4.364633618748049,0.45627769115169825,0.5,0.16666666666666666,37,TPMA,1.8304960644334614,0,0.0,0.2852,0.1294,0.33340000000000003,0.5463,0,0,0,0,0,0,0,0,0,0,0,0,0
7350,2018,0,31.81,17.34,0.74,0.72,0.1927358743657276,4.02,67.7,25.45,37.51,0.28798212123814976,7.393771540563068,0.5932252275023697,0.3333333333333333,0.4,38,TPMA,2.6659557451346307,0,0.0,0.3181,0.1734,0.2545,0.3751,0,0,0,0,0,0,0,0,0,0,0,0,0
7349,2019,0,30.18,17.28,0.84,0.82,0.2095646226625766,3.78,75.07,21.85,30.85,0.3309117915614685,8.899835975560709,0.6077772239075362,0.25,0.0,40,TPMA,3.2414910858995136,0,0.0,0.3018,0.1728,0.21850000000000003,0.3085,0,0,0,0,0,0,0,0,0,0,0,0,0
7348,2020,0,19.66,5.24,1.09,1.07,0.3405220098301854,3.18,87.82,19.7,26.54,0.1640203414343996,8.70558870131531,0.852490199080601,1.0,0.0,37,TPMA,3.7678975131876418,0,0.0,0.1966,0.0524,0.19699999999999998,0.26539999999999997,0,0,0,0,0,0,0,0,0,0,0,0,0
7347,2021,0,22.34,9.42,1.37,1.32,0.671556093595211,3.94,63.69,16.55,21.32,0.24945986690552238,11.930814149752493,0.9293946779301689,0.4,0.25,38,TPMA,4.690431519699812,0,0.0,0.2234,0.0942,0.1655,0.2132,0,0,0,0,0,0,0,0,0,0,0,0,0
7346,2022,0,33.66,22.76,1.66,1.6,0.9730384493780952,6.56,51.42,10.81,13.06,0.8914179352045052,34.8689632664017,0.8798934518217713,0.3333333333333333,0.0,34,TPMA,7.656967840735069,0,0.0,0.33659999999999995,0.22760000000000002,0.1081,0.1306,0,0,0,0,0,0,0,0,0,0,0,0,0
7345,2023,0,37.43,29.58,1.78,1.74,0.9592111725403197,6.28,55.94,14.9,18.91,0.7896250711112205,11.342350338146064,1.3033321815303485,0.3333333333333333,0.0,34,TPMA,5.288207297726071,0,0.0,0.3743,0.2958,0.149,0.1891,0,0,0,0,0,0,0,0,0,0,0,0,0
7379,2013,0,14.09,4.82,1.7,1.07,0.11299247043953756,5.12,4.05,0.7538190909036495,3.062053404834162,0.12509855297828065,2.37096464288081,3.0270214616987237,0.3,0.25,32,TRIO,32.65782361670335,0,,0.1409,0.0482,0.0075381909090364956,0.03062053404834162,0,0,0,0,0,0,0,0,0,0,0,0,0
7378,2014,0,14.58,2.99,2.59,1.99,0.1876995513117046,3.87,3.75,0.7380551304959017,2.817597198563359,0.18510749304951082,1.6929833680346216,2.5575250335413164,0.3333333333333333,0.0,34,TRIO,35.49123347048618,0,0.0,0.1458,0.029900000000000003,0.007380551304959016,0.028175971985633593,0,0,0,0,0,0,0,0,0,0,0,0,0
7377,2015,0,2.67,-135.76,0.08,0.05,0.0059462333074600405,4.14,6.19,8.907629450494083,-1.1264601491820703,-1.1466178312713016,-0.8519845941151303,-1.4953389457450768,0.3333333333333333,0.16666666666666666,36,TRIO,-88.77366862255235,1,0.0,0.026699999999999998,-1.3576,0.08907629450494083,-0.011264601491820703,0,0,0,0,0,0,0,0,1,0,0,0,1
7376,2016,1,5.56,-29.4,0.05,0.02,0.004763597931822587,27.22,14.99,16.834419719164842,-1.0631535615283503,-0.05423665037576144,-1.2433868988539907,-1.3985264052901034,0.3333333333333333,0.16666666666666666,37,TRIO,-94.05978930855831,1,1.0,0.0556,-0.294,0.16834419719164842,-0.010631535615283502,0,0,0,0,0,0,0,0,1,0,0,0,1
7375,2017,1,7.79,-9.36,0.26,0.13,0.022367829469713718,74.9,16.83,14.408656282134872,-1.0745786884948612,-0.019801513293520038,-0.12780467829712233,-2.6687697661043237,0.3333333333333333,0.6666666666666666,37,TRIO,-93.0597275664082,1,1.0,0.0779,-0.09359999999999999,0.1440865628213487,-0.010745786884948611,0,0,0,0,0,0,0,0,1,0,0,0,1
7374,2018,1,7.03,-1.02,0.15,0.08,0.013662755897431916,103.11,20.31,19.51132809557628,-1.0540209754206344,-0.013726648010921962,-0.2155243655526137,-1.712087854550246,0.5,0.0,38,TRIO,-94.8747722597194,1,1.0,0.0703,-0.0102,0.19511328095576277,-0.010540209754206345,0,0,0,0,0,0,0,0,1,0,0,0,1
7373,2019,1,8.48,-11.14,0.13,0.06,0.010102847547177331,77.16,14.7,28.120050664638228,-1.0368730874571668,-0.009179912428192152,-0.22228544425141808,-2.9943109355401614,0.4,0.0,40,TRIO,-96.44381864056336,1,1.0,0.0848,-0.1114,0.2812005066463823,-0.010368730874571668,0,0,0,0,0,0,0,0,1,0,0,1,2
7372,2020,1,5.64,-55.94,0.07,0.02,0.013378034210059776,59.16,9.12,36.69573827604597,-1.0280145487471557,-0.014151469874677153,-0.2766533532896538,-2.788779389021709,0.5,0.5,37,TRIO,-97.27488791075018,1,1.0,0.0564,-0.5594,0.36695738276045975,-0.010280145487471557,0,0,0,0,0,0,0,0,1,0,0,0,1
7371,2021,1,10.52,-32.49,0.05,0.03,0.014647184017155443,55.1,10.77,43.47094342988892,-1.0235455094528523,-0.005589649485823715,-0.4109530144261995,-2.6864534895360497,0.42857142857142855,0.0,38,TRIO,-97.69961284228204,1,1.0,0.1052,-0.3249,0.4347094342988892,-0.010235455094528523,0,0,0,0,0,0,0,0,1,0,0,0,1
7370,2022,1,8.98,67.92,0.04,0.01,0.00774712718067326,61.84,15.64,44.097347397333714,-1.0232032842017063,-0.005264346922443229,-0.7446319121988353,-2.980314827146173,0.42857142857142855,0.0,34,TRIO,-97.73228990172669,1,1.0,0.0898,0.6792,0.44097347397333714,-0.010232032842017062,0,0,0,0,0,0,0,0,1,0,0,1,2
7369,2023,1,8.29,-16.05,0.04,0.01,0.004767795965335269,85.33,16.29,37.63819637566783,-1.0272939199775708,-0.005107627245030294,-0.8574145933161801,-2.8865159285009074,0.42857142857142855,0.0,34,TRIO,-97.34312454821433,1,1.0,0.08289999999999999,-0.1605,0.3763819637566783,-0.010272939199775708,0,0,0,0,0,0,0,0,1,0,0,1,2
7403,2013,0,26.15,7.32,2.38,1.49,0.4502029187974769,6.65,4.24,20.3,31.88,0.36769978543357296,18.78578560208322,1.3251765421662798,0.3333333333333333,0.14285714285714285,32,TRIS,3.136762860727729,0,,0.2615,0.0732,0.203,0.3188,0,0,0,0,0,0,0,0,0,0,0,0,0
7402,2014,0,24.88,4.89,2.02,1.15,0.2529510611098706,5.72,3.68,26.33,44.53,0.2500720162092099,15.24541915965556,1.204272105133894,0.3333333333333333,0.0,34,TRIS,2.2456770716370986,0,0.0,0.2488,0.0489,0.2633,0.44530000000000003,0,0,0,0,0,0,0,0,0,0,0,0,0
7401,2015,0,26.55,5.14,1.95,1.06,0.2977661460233164,6.18,3.47,22.52,38.52,0.28486202151757317,18.890010701335605,0.9284300424917677,0.3333333333333333,0.4,36,TRIS,2.5960539979231565,0,0.0,0.2655,0.051399999999999994,0.22519999999999998,0.38520000000000004,0,0,0,0,0,0,0,0,0,0,0,0,0
7400,2016,0,23.55,2.8,1.64,0.97,0.3142439390371423,6.49,3.59,31.89,58.84,0.15141556367370207,31.6531020105613,1.0133936792076461,0.3333333333333333,0.0,37,TRIS,1.699524133242692,0,0.0,0.23550000000000001,0.027999999999999997,0.3189,0.5884,0,0,0,0,0,0,0,0,0,0,0,0,0
7399,2017,0,23.46,1.83,1.92,0.9,0.17575686062344628,6.23,3.14,24.25,37.09,0.16440510256749533,114.81753107298533,0.9057503530681155,0.375,0.3333333333333333,37,TRIS,2.6961445133459154,0,0.0,0.2346,0.0183,0.2425,0.3709,0,0,0,0,0,0,0,0,0,0,0,0,0
7398,2018,0,24.09,3.21,1.6,0.76,0.19492731367173635,8.28,3.55,26.83,49.18,0.15765584491271403,16.72520275596772,0.36479376536283226,0.3333333333333333,0.0,38,TRIS,2.03334688897926,0,0.0,0.2409,0.0321,0.2683,0.4918,0,0,0,0,0,0,0,0,0,0,0,0,0
7397,2019,0,23.29,2.81,1.82,0.83,0.20040844089543525,6.79,2.78,29.25,50.8,0.18095015495730885,10.444274348848614,1.2649209589695063,0.5,0.0,40,TRIS,1.968503937007874,0,0.0,0.2329,0.0281,0.2925,0.508,0,0,0,0,0,0,0,0,0,0,0,0,0
7396,2020,0,20.21,-0.35,1.89,0.91,0.2949976273677249,5.92,2.39,30.53,50.62,0.07496005068871855,11.37886754282924,1.0135316417919624,0.3333333333333333,0.0,37,TRIS,1.9755037534571316,0,0.0,0.2021,-0.0034999999999999996,0.3053,0.5062,0,0,0,0,0,0,0,0,0,0,0,0,0
7395,2021,0,20.53,1.64,2.05,1.08,0.2667311306587285,5.27,2.54,22.3,35.92,0.10743935569048164,12.526589191952889,1.0206926515391619,0.5,0.0,38,TRIS,2.7839643652561246,0,0.0,0.2053,0.016399999999999998,0.223,0.3592,0,0,0,0,0,0,0,0,0,0,0,0,0
7394,2022,0,22.23,4.31,1.99,1.03,0.25055360940195104,5.8,3.2,21.3,35.23,0.2142320405943622,13.702041462309557,1.041229949232722,0.3333333333333333,0.125,34,TRIS,2.8384899233607723,0,0.0,0.2223,0.0431,0.213,0.35229999999999995,0,0,0,0,0,0,0,0,0,0,0,0,0
7393,2023,0,24.37,4.63,2.1,1.13,0.2877544088835276,5.33,2.91,20.73,33.45,0.21373355813227427,13.010436242065174,0.9015985664013094,0.3333333333333333,0.14285714285714285,34,TRIS,2.9895366218236172,0,0.0,0.2437,0.0463,0.2073,0.3345,0,0,0,0,0,0,0,0,0,0,0,0,0
7427,2013,0,11.61,1.62,1.14,0.61,0.044811621993812674,4.54,3.82,26.88,51.27,0.07738509790759185,4.377682597607496,0.4106038405871629,0.3333333333333333,0.0,32,TRST,1.9504583577140626,0,,0.1161,0.016200000000000003,0.2688,0.5127,0,0,0,0,0,0,0,0,0,0,0,0,0
7426,2014,0,8.6,1.21,1.24,0.7,0.10734013205218453,4.83,4.29,24.64,45.76,0.055510165718440786,4.195449297899306,0.607501399931022,0.0,0.0,34,TRST,2.1853146853146854,0,0.0,0.086,0.0121,0.2464,0.4576,0,0,0,0,0,0,0,0,0,0,0,0,0
7425,2015,0,8.62,1.03,1.31,0.64,0.08486643782734661,5.15,4.11,22.37,38.38,0.05430182582231506,4.68602938614293,0.44482129726869973,0.5,0.0,36,TRST,2.6055237102657633,0,0.0,0.0862,0.0103,0.2237,0.38380000000000003,0,0,0,0,0,0,0,0,0,0,0,0,0
7424,2016,0,8.77,1.5,1.3,0.61,0.05882988239652674,5.03,3.41,19.62,33.4,0.043247508305538446,5.308851949089616,0.43594469948938774,0.0,0.125,37,TRST,2.9940119760479047,0,0.0,0.0877,0.015,0.1962,0.33399999999999996,0,0,0,0,0,0,0,0,0,0,0,0,0
7423,2017,0,8.3,1.62,1.23,0.58,0.0361757822080749,5.24,3.45,19.28,32.53,0.02912441220770889,6.079689999588575,0.5315894992984502,0.42857142857142855,0.0,37,TRST,3.074085459575776,0,0.0,0.083,0.016200000000000003,0.1928,0.32530000000000003,0,0,0,0,0,0,0,0,0,0,0,0,0
7422,2018,0,8.37,2.4,1.14,0.57,0.0941262219286016,5.59,3.5,28.36,54.31,0.03988654623952321,4.050526651661265,0.502014714818151,0.3333333333333333,0.2,38,TRST,1.8412815319462346,0,0.0,0.0837,0.024,0.2836,0.5431,0,0,0,0,0,0,0,0,0,0,0,0,0
7421,2019,0,7.93,1.52,1.07,0.52,0.02135027555668744,4.96,3.22,31.3,62.61,0.02317061997111543,3.487407595047675,0.49071472482989675,0.4,0.0,40,TRST,1.5971889474524836,0,0.0,0.0793,0.0152,0.313,0.6261,0,0,0,0,0,0,0,0,0,0,0,0,0
7420,2020,0,11.46,2.45,1.15,0.58,0.028669522388187707,5.51,3.84,29.06,53.87,0.0856889809291615,3.9368375743918125,0.5177953931435879,0.4,0.0,37,TRST,1.8563207722294415,0,0.0,0.11460000000000001,0.0245,0.29059999999999997,0.5387,0,0,0,0,0,0,0,0,0,0,0,0,0
7419,2021,0,13.35,5.5,1.17,0.58,0.0257522799031978,5.55,4.03,29.79,55.99,0.11351977106951741,4.979077914025793,0.6613261463081037,0.5,0.0,38,TRST,1.786033220217896,0,0.0,0.1335,0.055,0.2979,0.5599000000000001,0,0,0,0,0,0,0,0,0,0,0,0,0
7418,2022,0,11.69,4.36,1.01,0.43,0.020322060840972933,5.27,3.22,37.21,75.46,0.06685538575011567,4.137513589006755,0.7245350103455854,0.6666666666666666,0.2,34,TRST,1.32520540683806,0,0.0,0.11689999999999999,0.0436,0.3721,0.7545999999999999,0,0,0,0,0,0,0,0,0,0,0,0,0
7417,2023,0,4.07,-8.07,0.95,0.45,0.02943257248303336,4.61,2.91,37.59,75.12,-0.022432600035152607,3.6259083580381755,0.6674016218398149,0.3333333333333333,0.0,34,TRST,1.331203407880724,0,0.0,0.0407,-0.08070000000000001,0.3759,0.7512000000000001,0,0,0,0,0,0,0,0,0,0,0,0,0
7451,2013,0,38.91,9.32,2.96,2.22,1.4429088622010844,8.82,4.74,3.48,4.87,0.4903188904386559,20.555279810743617,3.785964866206528,0.3333333333333333,0.3333333333333333,32,TSPC,20.53388090349076,0,,0.38909999999999995,0.0932,0.0348,0.0487,0,0,0,0,0,0,0,0,0,0,0,0,0
7450,2014,0,38.42,7.78,3.0,2.15,1.3462401389617507,9.11,4.5,1.68,2.31,0.4440477317367742,15.07160786650908,3.1582794450346645,0.5,0.0,34,TSPC,43.29004329004329,0,0.0,0.38420000000000004,0.07780000000000001,0.0168,0.0231,0,0,0,0,0,0,0,0,0,0,0,0,0
7449,2015,0,37.48,6.47,2.54,1.81,1.121369094352685,9.28,4.47,1.45,2.1,0.3552058963169071,18.27246370467153,1.815712250345313,0.3333333333333333,0.0,36,TSPC,47.61904761904761,0,0.0,0.37479999999999997,0.0647,0.014499999999999999,0.021,0,0,0,0,0,0,0,0,0,0,0,0,0
7448,2016,0,37.54,5.97,2.65,1.83,1.0855793402267162,9.75,4.4,2.92,4.15,0.3547151994903101,16.600625170453647,1.9125086542052951,0.6,0.0,37,TSPC,24.096385542168672,0,0.0,0.3754,0.059699999999999996,0.0292,0.0415,0,0,0,0,0,0,0,0,0,0,0,0,0
7447,2017,0,37.85,5.83,2.52,1.78,1.030154439117371,9.26,4.19,3.99,5.84,0.26952537340637833,15.508810942151214,1.5938580474239672,0.25,0.0,37,TSPC,17.123287671232877,0,0.0,0.3785,0.0583,0.039900000000000005,0.0584,0,0,0,0,0,0,0,0,0,0,0,0,0
7446,2018,0,37.72,5.36,2.52,1.78,0.9955399030850556,8.81,4.21,6.22,9.01,0.28828061817944406,14.648590329903518,1.151329821641018,0.3333333333333333,0.4,38,TSPC,11.098779134295228,0,0.0,0.3772,0.0536,0.0622,0.0901,0,0,0,0,0,0,0,0,0,0,0,0,0
7445,2019,0,38.29,5.41,2.78,2.06,1.2430728273815068,9.38,4.64,7.19,10.4,0.3087382128544132,10.219555279381886,1.084002937063304,0.3333333333333333,0.0,40,TSPC,9.615384615384615,0,0.0,0.3829,0.0541,0.0719,0.10400000000000001,0,0,0,0,0,0,0,0,0,0,0,0,0
7444,2020,0,35.55,7.61,2.96,2.22,1.4035768263660557,9.03,4.87,8.05,11.5,0.39438239957965676,9.864679594085208,0.9878888422351996,0.5,0.0,37,TSPC,8.695652173913043,0,0.0,0.3555,0.0761,0.0805,0.115,0,0,0,0,0,0,0,0,0,0,0,0,0
7443,2021,0,35.63,7.81,3.29,2.44,1.46919968267776,8.78,4.67,9.66,13.55,0.3988217764742386,8.868619406861086,0.9839268856743663,0.5,0.0,38,TSPC,7.380073800738007,0,0.0,0.3563,0.0781,0.0966,0.1355,0,0,0,0,0,0,0,0,0,0,0,0,0
7442,2022,0,33.85,8.47,2.48,1.84,1.1665566546395825,8.73,4.51,12.8,19.21,0.19285765011334685,12.042251099407302,0.842155107654979,0.5,0.0,34,TSPC,5.205622071837584,0,0.0,0.3385,0.08470000000000001,0.128,0.19210000000000002,0,0,0,0,0,0,0,0,0,0,0,0,0
7441,2023,0,35.7,9.53,2.69,2.03,1.374401608734519,8.44,4.38,9.87,13.84,0.33224612539248455,19.63101498664913,1.0260319431195373,0.5,0.0,34,TSPC,7.225433526011561,0,0.0,0.35700000000000004,0.0953,0.0987,0.1384,0,0,0,0,0,0,0,0,0,0,0,0,0
7475,2013,0,29.3,9.4,2.47,1.63,0.9650214746813817,10.02,5.63,3.92,5.47,0.5762712198087034,13.387150482764948,6.450011837908111,0.3333333333333333,0.2,32,ULTJ,18.281535648994517,0,,0.293,0.094,0.0392,0.0547,0,0,0,0,0,0,0,0,0,0,0,0,0
7474,2014,0,23.92,7.23,3.34,1.89,0.9965735110623435,9.92,4.78,2.92,3.75,0.5434076931384594,15.775157103487578,4.726499776396537,0.0,0.0,34,ULTJ,26.666666666666668,0,0.0,0.23920000000000002,0.0723,0.0292,0.0375,0,0,0,0,0,0,0,0,0,0,0,0,0
7473,2015,0,31.46,11.91,3.75,2.43,1.5118945482440993,9.93,4.15,3.59,4.55,0.9251510443939643,16.467622401116348,4.073152385271196,0.3333333333333333,0.3333333333333333,36,ULTJ,21.978021978021978,0,0.0,0.3146,0.1191,0.0359,0.0455,0,0,0,0,0,0,0,0,0,0,0,0,0
7472,2016,0,34.85,15.15,4.84,3.56,2.5632790180757974,9.54,4.07,2.31,2.81,1.17563247051972,23.303893624280665,3.783038813466471,0.4,0.25,37,ULTJ,35.587188612099645,0,0.0,0.34850000000000003,0.1515,0.0231,0.0281,0,0,0,0,0,0,0,0,0,0,0,0,0
7471,2017,0,37.62,14.72,4.19,3.36,2.583884234577304,9.36,4.22,1.7,2.09,1.0035013826627888,27.641984006092915,3.5642803327813657,0.0,0.0,37,ULTJ,47.84688995215311,0,0.0,0.3762,0.1472,0.017,0.0209,0,0,0,0,0,0,0,0,0,0,0,0,0
7470,2018,0,35.74,12.82,4.4,3.28,2.2739273979353265,9.96,5.06,2.51,2.92,1.1823770832933163,33.76037707369952,3.2664725706373,0.5,0.3333333333333333,38,ULTJ,34.24657534246575,0,0.0,0.3574,0.1282,0.025099999999999997,0.0292,0,0,0,0,0,0,0,0,0,0,0,0,0
7469,2019,0,37.63,16.65,4.44,3.26,2.4399818728372358,10.26,4.58,0.77,0.91,1.3865557237462538,49.34733134420231,3.432263475751878,0.3333333333333333,0.0,40,ULTJ,109.89010989010988,0,0.0,0.3763,0.16649999999999998,0.0077,0.0091,0,0,0,0,0,0,0,0,0,0,0,0,0
7468,2020,0,37.35,18.6,2.4,2.01,1.7171946158251978,9.12,3.91,34.73,63.58,0.3344751344219673,3.9067603219374605,3.8658848866008313,0.3333333333333333,0.25,37,ULTJ,1.572821642025794,0,0.0,0.3735,0.18600000000000003,0.34729999999999994,0.6358,0,0,0,0,0,0,0,0,0,0,0,0,0
7467,2021,0,35.89,19.3,3.11,2.67,2.2083770467685038,9.85,5.28,20.55,29.62,0.7262499283740242,8.214533741650765,3.530283017582675,0.5,0.0,38,ULTJ,3.3760972316002698,0,0.0,0.3589,0.193,0.20550000000000002,0.2962,0,0,0,0,0,0,0,0,0,0,0,0,0
7466,2022,0,32.09,12.61,3.17,2.05,1.425662606441906,11.15,4.48,8.28,10.49,0.7932922527959138,61.152885390194015,2.926737640869435,0.3333333333333333,0.0,34,ULTJ,9.532888465204957,0,0.0,0.3209,0.1261,0.0828,0.10490000000000001,0,0,0,0,0,0,0,0,0,0,0,0,0
7465,2023,0,32.42,14.29,6.18,4.18,3.047862818951125,11.42,3.66,0.41,0.46,1.7810828829087155,55.10387151583802,2.7644284823854397,0.5,0.25,34,ULTJ,217.3913043478261,0,0.0,0.32420000000000004,0.1429,0.0040999999999999995,0.0046,0,0,0,0,0,0,0,0,0,0,0,0,0
7499,2013,0,10.42,2.35,1.75,0.79,0.12923600091707899,6.54,4.33,24.46,45.29,0.1731678441562275,10.37243650698772,0.4126590758410012,0.5,0.5,32,UNIC,2.20799293442261,0,,0.1042,0.0235,0.2446,0.45289999999999997,0,0,0,0,0,0,0,0,0,0,0,0,0
7498,2014,0,7.07,0.64,2.2,0.95,0.1680381737716775,6.51,3.83,16.54,27.13,0.06745802607894133,7.91355139041218,0.34269832326603006,0.6666666666666666,0.5,34,UNIC,3.6859565057132326,0,0.0,0.0707,0.0064,0.1654,0.2713,0,0,0,0,0,0,0,0,0,0,0,0,0
7497,2015,0,8.03,-0.3,2.53,0.91,0.22592871531579237,6.27,2.78,15.59,24.62,0.053071398671225234,7.986632983395779,0.29237354914613284,0.3333333333333333,0.0,36,UNIC,4.061738424045491,0,0.0,0.0803,-0.003,0.1559,0.2462,0,0,0,0,0,0,0,0,0,0,0,0,0
7496,2016,0,12.4,7.65,2.95,1.2,0.18510174631654236,6.27,2.54,9.57,13.47,0.22848052955188392,12.447579903461184,0.41842890472660893,0.5,0.5,37,UNIC,7.423904974016332,0,0.0,0.124,0.0765,0.09570000000000001,0.13470000000000001,0,0,0,0,0,0,0,0,0,0,0,0,0
7495,2017,0,12.18,3.72,2.56,0.97,0.18090209079091818,6.68,3.02,10.28,14.51,0.2790432416192682,33.48529431057741,0.6102693328001628,0.5,0.5,37,UNIC,6.891798759476223,0,0.0,0.12179999999999999,0.037200000000000004,0.10279999999999999,0.1451,0,0,0,0,0,0,0,0,0,0,0,0,0
7494,2018,0,9.29,4.93,2.65,0.95,0.39869353539461844,8.82,3.04,12.97,18.44,0.200428966197662,48.33932780542157,0.6175173036501007,0.3333333333333333,0.0,38,UNIC,5.422993492407809,0,0.0,0.0929,0.0493,0.1297,0.1844,0,0,0,0,0,0,0,0,0,0,0,0,0
7493,2019,0,10.53,3.54,4.11,1.37,0.31397715326333636,8.81,2.62,3.14,3.92,0.3518186365261175,38.48293892960891,0.601697038097635,0.3333333333333333,0.0,40,UNIC,25.510204081632654,0,0.0,0.10529999999999999,0.0354,0.031400000000000004,0.0392,0,0,0,0,0,0,0,0,0,0,0,0,0
7492,2020,0,17.06,8.4,4.9,2.69,1.6551767259312313,8.51,2.85,1.77,2.16,0.9261608039562856,33.06127662032387,0.6457682884675446,0.3333333333333333,0.3333333333333333,37,UNIC,46.29629629629629,0,0.0,0.17059999999999997,0.084,0.0177,0.0216,0,0,0,0,0,0,0,0,0,0,0,0,0
7491,2021,0,25.32,15.64,4.93,2.62,1.6978655859123641,9.72,2.88,1.45,1.77,1.4081091879450358,57.76323927082852,1.4065371144762413,0.3333333333333333,0.0,38,UNIC,56.497175141242934,0,0.0,0.2532,0.1564,0.014499999999999999,0.0177,0,0,0,0,0,0,0,0,0,0,0,0,0
7490,2022,0,17.83,9.2,6.53,3.21,2.1100899883256083,10.52,2.79,1.25,1.45,1.1496234648477546,101.57956703668633,0.8934685412255208,0.2,0.0,34,UNIC,68.96551724137932,0,0.0,0.1783,0.092,0.0125,0.014499999999999999,0,0,0,0,0,0,0,0,0,0,0,0,0
7489,2023,0,13.43,6.3,6.92,3.21,2.214792048084469,9.02,2.1,2.05,2.36,0.553036000338404,56.682458743019275,0.7031645195752443,,0.2222222222222222,34,UNIC,42.37288135593221,0,0.0,0.1343,0.063,0.020499999999999997,0.0236,0,0,0,0,0,0,0,0,0,0,0,0,0
7523,2013,0,28.46,-123.58,0.54,0.52,0.018400716023408745,3.96,7.38,0.7298302340211225,2.7013764155911586,0.016234749014785728,1.7169514459305097,0.14094831686950693,0.3333333333333333,0.0,32,UNSP,37.01816578498424,0,,0.2846,-1.2358,0.007298302340211224,0.027013764155911585,0,0,0,0,0,0,0,0,0,0,0,0,0
7522,2014,0,27.71,-19.3,0.34,0.32,0.00722050045279202,5.9,12.82,0.7638761504052977,3.2350656306699315,0.02352790629262012,1.7318484008185673,0.16649226339703016,0.3333333333333333,0.0,34,UNSP,30.911273963641833,0,0.0,0.2771,-0.193,0.007638761504052976,0.03235065630669932,0,0,0,0,0,0,0,0,0,0,0,0,0
7521,2015,0,25.6,-49.97,0.18,0.17,0.0054843433822947835,4.69,10.69,0.8910416724541551,8.1778207551804,0.006214196783952453,1.2966180896817838,0.41130077583415986,0.4,0.4,36,UNSP,12.228196605636414,0,0.0,0.256,-0.4997,0.008910416724541551,0.08177820755180401,0,0,0,0,0,0,0,0,0,0,0,0,0
7520,2016,0,30.41,-38.74,0.1,0.09,0.0059033017348373565,3.52,8.89,0.9185263099295218,11.273900925991665,0.00426088158399102,1.373105757869843,0.5727893178048259,0.0,0.0,37,UNSP,8.87004424257914,0,0.0,0.3041,-0.3874,0.009185263099295217,0.11273900925991664,0,0,0,0,0,0,0,0,0,0,0,0,0
7519,2017,0,39.08,-103.57,0.14,0.12,0.0018532868009717056,2.39,5.52,1.0222423016082436,-45.95937595007601,0.010548245559062237,0.8765322584787636,-0.7157170476678134,0.3333333333333333,0.0,37,UNSP,-2.175834591588588,1,0.0,0.3908,-1.0356999999999998,0.010222423016082435,-0.4595937595007601,0,0,0,0,0,0,0,0,0,0,0,0,0
7518,2018,1,14.6,-94.73,0.11,0.1,0.004095287522118583,2.33,7.82,1.107360483790042,-10.314414062772267,-0.010398161451198805,0.15579421693354256,-0.18646093692105026,0.2857142857142857,0.0,38,UNSP,-9.695170214363337,1,1.0,0.146,-0.9473,0.01107360483790042,-0.10314414062772266,0,0,0,0,0,0,0,0,0,0,0,0,0
7517,2019,1,6.43,-246.63,0.11,0.08,0.006526993392758384,2.48,7.48,1.6483929140740645,-2.5422747199945066,-0.2370624932788773,-2.096701800909495,-0.04636381586699939,0.3333333333333333,0.0,40,UNSP,-39.33485205730091,1,1.0,0.0643,-2.4663,0.016483929140740646,-0.025422747199945066,0,0,0,0,0,0,0,0,0,0,0,0,0
7516,2020,1,15.91,-38.06,0.06,0.03,0.006868209530450515,5.79,6.69,1.9253399840814984,-2.0806838753354095,-0.00620749979998696,-2.7857763492492937,-0.04065618345674656,0.3333333333333333,0.0,37,UNSP,-48.061121242591376,1,1.0,0.1591,-0.38060000000000005,0.019253399840814985,-0.020806838753354095,0,0,0,0,0,0,0,0,0,0,0,0,0
7515,2021,1,24.74,2.96,0.11,0.06,0.02085844600983689,35.94,6.27,1.834645503391251,-2.1981134456926883,0.03458287949561692,-2.0218494836728387,-0.03953609193191123,0.3333333333333333,0.0,38,UNSP,-45.493557302947636,1,1.0,0.24739999999999998,0.0296,0.01834645503391251,-0.021981134456926885,0,0,0,0,0,0,0,0,0,0,0,0,0
7514,2022,1,18.76,22.2,0.09,0.04,0.017381025280626624,47.25,6.66,2.3119435667495245,-1.7622279077732002,0.030261918684353375,-1.7182880766006499,-0.05372523008518253,0.3333333333333333,0.0,34,UNSP,-56.74634907261386,1,1.0,0.18760000000000002,0.222,0.023119435667495244,-0.017622279077732003,0,0,0,0,0,0,0,0,0,0,0,0,0
7513,2023,1,19.83,1.09,0.1,0.07,0.016000205870667212,24.15,5.88,2.301146450717971,-1.768552993745017,0.0040425652567358215,-1.120060290647231,-0.047619169958215836,0.0,0.0,34,UNSP,-56.54340036949868,1,1.0,0.19829999999999998,0.0109,0.02301146450717971,-0.01768552993745017,0,0,0,0,0,0,0,0,0,0,0,0,0
7547,2013,0,18.66,9.41,1.91,1.49,0.5656246171191094,4.63,6.22,7.2,11.59,0.31046122509170165,5.983990340965808,1.9880717654722455,0.3333333333333333,0.0,32,UNTR,8.628127696289905,0,,0.1866,0.0941,0.07200000000000001,0.1159,0,0,0,0,0,0,0,0,0,0,0,0,0
7546,2014,0,22.71,9.11,2.06,1.58,0.650995384903106,4.13,5.89,4.31,6.74,0.4071228020292112,8.031834812958406,1.6796896158685084,0.3333333333333333,0.0,34,UNTR,14.836795252225519,0,0.0,0.2271,0.0911,0.0431,0.0674,0,0,0,0,0,0,0,0,0,0,0,0,0
7545,2015,0,23.71,5.66,2.15,1.67,0.8814528876327694,3.83,4.59,3.7,5.82,0.3822080443625514,10.379284116833608,1.610834828888678,0.375,0.0,36,UNTR,17.18213058419244,0,0.0,0.2371,0.056600000000000004,0.037000000000000005,0.0582,0,0,0,0,0,0,0,0,0,0,0,0,0
7544,2016,0,21.21,11.21,2.3,1.89,1.1064573183580604,3.75,4.45,1.74,2.61,0.31382939046255454,15.14442820553154,1.8597315387522337,0.3333333333333333,0.0,37,UNTR,38.31417624521073,0,0.0,0.2121,0.1121,0.0174,0.026099999999999998,0,0,0,0,0,0,0,0,0,0,0,0,0
7543,2017,0,22.44,11.89,1.8,1.52,0.7481249490336426,4.26,6.39,5.69,9.84,0.30976874665506743,8.489110855336643,2.777714505090409,0.3333333333333333,0.0,37,UNTR,10.16260162601626,0,0.0,0.22440000000000002,0.1189,0.056900000000000006,0.0984,0,0,0,0,0,0,0,0,0,0,0,0,0
7542,2018,0,24.94,13.59,1.14,0.84,0.2754530649914004,4.15,5.58,8.86,18.07,0.28313784061134345,6.4622061956861625,1.7882205393138266,0.42857142857142855,0.1,38,UNTR,5.534034311012729,0,0.0,0.2494,0.1359,0.0886,0.1807,0,0,0,0,0,0,0,0,0,0,0,0,0
7541,2019,0,25.15,13.19,1.56,1.21,0.37104387656250726,3.79,4.9,12.61,23.06,0.32814086575103074,4.391655416663059,1.3138776235551604,0.5,0.0,40,UNTR,4.336513443191674,0,0.0,0.2515,0.1319,0.1261,0.2306,0,0,0,0,0,0,0,0,0,0,0,0,0
7540,2020,0,21.52,9.33,2.11,1.73,0.9787407495402941,3.55,4.91,12.51,19.77,0.22627863401861248,5.019550860569756,1.57127614358465,0.5,0.3333333333333333,37,UNTR,5.058168942842691,0,0.0,0.2152,0.0933,0.1251,0.1977,0,0,0,0,0,0,0,0,0,0,0,0,0
7539,2021,0,24.75,13.35,1.99,1.68,1.0929024483343588,6.11,6.81,8.16,12.79,0.3651479276447381,8.007521429830739,1.1503664954326382,0.3333333333333333,0.14285714285714285,38,UNTR,7.8186082877247856,0,0.0,0.2475,0.1335,0.0816,0.12789999999999999,0,0,0,0,0,0,0,0,0,0,0,0,0
7538,2022,0,28.12,18.6,1.88,1.51,0.9106536364925691,7.34,7.12,2.14,3.35,0.5716288008520458,11.027321069928027,1.0865726458588938,0.375,0.14285714285714285,34,UNTR,29.850746268656714,0,0.0,0.2812,0.18600000000000003,0.021400000000000002,0.0335,0,0,0,0,0,0,0,0,0,0,0,0,0
7537,2023,0,27.83,17.21,1.46,1.05,0.4320944236202272,6.13,5.67,12.25,22.46,0.42466070561516533,4.117695316821537,1.0042689599402101,0.4,0.0,34,UNTR,4.452359750667854,0,0.0,0.2783,0.1721,0.1225,0.22460000000000002,0,0,0,0,0,0,0,0,0,0,0,0,0
7571,2013,0,51.31,17.4,0.67,0.4,0.03359631379745797,11.26,7.22,7.69,22.96,0.8494260366977646,7.3118550430515254,46.626412859281686,0.375,0.2,32,UNVR,4.355400696864112,0,,0.5131,0.174,0.07690000000000001,0.2296,0,0,0,0,0,0,0,0,0,0,0,0,0
7570,2014,0,50.26,17.17,0.71,0.45,0.09692052631234571,11.8,7.78,8.75,26.34,0.8566898842435555,8.085258704848682,51.922105359849354,0.5,0.0,34,UNVR,3.796507213363705,0,0.0,0.5025999999999999,0.17170000000000002,0.0875,0.2634,0,0,0,0,0,0,0,0,0,0,0,0,0
7569,2015,0,51.14,16.04,0.65,0.43,0.062024823002462,10.97,7.71,10.81,35.22,0.7293632656842391,7.228506031278265,58.481240263829505,0.5,0.14285714285714285,36,UNVR,2.8392958546280522,0,0.0,0.5114,0.1604,0.1081,0.3522,0,0,0,0,0,0,0,0,0,0,0,0,0
7568,2016,0,51.14,15.96,0.61,0.39,0.03436591808439619,10.81,8.48,14.29,50.87,0.7250289977848989,5.043671665679586,62.93107223285798,0.5,0.125,37,UNVR,1.9657951641438964,0,0.0,0.5114,0.15960000000000002,0.1429,0.5086999999999999,0,0,0,0,0,0,0,0,0,0,0,0,0
7567,2017,0,51.54,17.0,0.62,0.43,0.031876234681989704,9.51,8.48,23.12,91.67,0.641434028916893,3.3332662316239174,85.18107996916429,0.5,0.0,37,UNVR,1.0908694229300753,0,0.0,0.5154,0.17,0.23120000000000002,0.9167000000000001,0,0,0,0,0,0,0,0,0,0,0,0,0
7566,2018,0,50.63,21.72,0.73,0.5,0.03119323686323946,8.4,8.17,7.36,20.28,0.956491345912315,5.413109666772302,46.934016492117124,0.3333333333333333,0.0,38,UNVR,4.930966469428007,0,0.0,0.5063,0.21719999999999998,0.0736,0.2028,0,0,0,0,0,0,0,0,0,0,0,0,0
7565,2019,0,52.15,17.22,0.65,0.47,0.048115895928362344,8.14,8.07,19.2,75.07,0.681622831650855,3.29426622610276,60.6717858209851,0.3333333333333333,0.2,40,UNVR,1.332090049287332,0,0.0,0.5215,0.1722,0.192,0.7506999999999999,0,0,0,0,0,0,0,0,0,0,0,0,0
7564,2020,0,52.44,16.67,0.66,0.48,0.06319099570459702,7.91,8.36,19.36,80.51,0.6112867615756199,3.2044498260503063,56.7918980315018,0.3,0.0,37,UNVR,1.2420817289777666,0,0.0,0.5244,0.16670000000000001,0.1936,0.8051,0,0,0,0,0,0,0,0,0,0,0,0,0
7563,2021,0,49.97,14.56,0.61,0.42,0.02613041608491403,7.83,8.05,14.35,63.33,0.5299975324234741,2.8770897667401787,36.284827443049714,0.3333333333333333,0.0,38,UNVR,1.5790304752881732,0,0.0,0.4997,0.1456,0.1435,0.6333,0,0,0,0,0,0,0,0,0,0,0,0,0
7562,2022,0,46.91,13.02,0.61,0.4,0.04041737557669558,9.27,8.62,7.01,32.12,0.5131929246138744,3.127744878595363,44.857021917035084,0.3333333333333333,0.375,34,UNVR,3.1133250311332503,0,0.0,0.46909999999999996,0.13019999999999998,0.0701,0.3212,0,0,0,0,0,0,0,0,0,0,0,0,0
7561,2023,0,50.64,12.43,0.55,0.34,0.09093023073479896,11.34,7.55,4.51,22.2,0.4997846094452033,2.6422705548647807,39.82845928029911,0.5,0.0,34,UNVR,4.504504504504505,0,0.0,0.5064,0.1243,0.0451,0.222,0,0,0,0,0,0,0,0,0,0,0,0,0
7595,2013,0,63.24,5.87,3.65,3.47,1.5109640820774661,2.71,5.97,0.43924152726885485,0.7832989578018352,0.19695008523847826,2.771511691927135,5.16262055522625,0.5,0.42857142857142855,32,VIVA,127.66517688294785,0,,0.6324000000000001,0.0587,0.004392415272688548,0.007832989578018352,0,0,0,0,0,0,0,0,0,0,0,0,0
7594,2014,0,71.71,6.32,4.13,4.04,1.3231353103992236,2.33,7.9,0.6082951814657304,1.5529428096951319,0.18180199383689596,1.796003982841267,2.178328853338956,0.3333333333333333,0.4,34,VIVA,64.39387167105764,0,0.0,0.7171,0.0632,0.006082951814657304,0.015529428096951318,0,0,0,0,0,0,0,0,0,0,0,0,0
7593,2015,0,67.16,7.63,2.89,2.7,0.8102588147613596,2.31,5.69,0.5710606539253316,1.3313319450669443,0.21938624341694307,2.0739352812039997,2.977706112826696,0.3333333333333333,0.16666666666666666,36,VIVA,75.11274732836944,0,0.0,0.6716,0.07629999999999999,0.005710606539253316,0.013313319450669443,0,0,0,0,0,0,0,0,0,0,0,0,0
7592,2016,0,65.97,-22.87,1.4,1.16,0.12297688649261078,2.43,2.54,0.6524215564459811,1.877048385897916,0.1290683660740979,1.849271769735284,1.9081314856476417,0.3333333333333333,0.0,37,VIVA,53.275131718122125,0,0.0,0.6597,-0.22870000000000001,0.006524215564459811,0.01877048385897916,0,0,0,0,0,0,0,0,0,0,0,0,0
7591,2017,0,67.78,17.76,2.65,2.16,0.08106303871322681,3.32,2.02,0.6157054270753182,1.6021704974636495,0.17966890206644767,1.8259758149652587,1.8688737762791043,0.5,0.0,37,VIVA,62.41532980310595,0,0.0,0.6778,0.1776,0.0061570542707531815,0.016021704974636494,0,0,0,0,0,0,0,0,0,0,0,0,0
7590,2018,0,66.81,7.56,2.24,1.73,0.0517473758958004,2.61,1.43,0.6404071630723482,1.7809230254527977,0.1426296823678918,1.8227109342260188,1.931055655603555,0.3333333333333333,0.0,38,VIVA,56.15065815355782,0,0.0,0.6681,0.0756,0.006404071630723482,0.017809230254527977,0,0,0,0,0,0,0,0,0,0,0,0,0
7589,2019,0,57.91,-46.32,1.14,0.94,0.009558539961259991,2.79,1.38,0.789094985144463,3.7414709445622556,0.00906055140126102,1.5737080595451183,1.2743987478313112,0.5,0.4,40,VIVA,26.727455987687694,0,0.0,0.5791,-0.4632,0.00789094985144463,0.03741470944562256,0,0,0,0,0,0,0,0,0,0,0,0,0
7588,2020,0,56.68,-25.54,0.62,0.51,0.0031257172691400038,3.58,1.29,0.8660091211439702,6.463194573673017,-0.004302137627427301,4.753130386928961,1.0756391936679697,0.3333333333333333,0.2,37,VIVA,15.47222489747361,0,0.0,0.5668,-0.2554,0.008660091211439703,0.06463194573673017,0,0,0,0,0,0,0,0,0,0,0,0,0
7587,2021,0,59.91,-44.2,0.49,0.43,0.004985125781974195,2.16,1.25,0.9750200137007848,39.03204757688038,-0.004205558515556011,1.4671047200011609,3.8389842117605246,0.3333333333333333,0.3333333333333333,38,VIVA,2.5619972870506644,0,0.0,0.5991,-0.442,0.009750200137007848,0.3903204757688038,0,0,0,0,0,0,0,0,0,0,0,0,0
7586,2022,0,58.45,-48.74,0.44,0.37,0.0018917831330157256,1.67,1.46,1.0720052554743087,-14.887875175400197,0.014412332125964353,-0.8336814815247379,-1.3334886020751184,0.0,0.0,34,VIVA,-6.716875230471693,1,0.0,0.5845,-0.4874,0.010720052554743087,-0.14887875175400198,0,0,0,0,0,0,0,0,0,0,0,0,0
7585,2023,1,57.35,-101.23,0.35,0.28,0.0013480958916310811,2.37,1.14,1.1785599322330893,-6.600360548382242,-0.0010340033575774888,-5.083516447044059,-0.519575988270853,0.3333333333333333,0.3333333333333333,34,VIVA,-15.150687491535617,1,1.0,0.5735,-1.0123,0.011785599322330894,-0.06600360548382242,0,0,0,0,1,0,0,0,0,0,0,0,1
7619,2013,0,10.28,1.56,1.13,0.86,0.0739289983058828,2.71,6.55,18.37,59.76,0.09614123730125464,23.7681499452054,1.0229192309100743,0.5,0.16666666666666666,32,VOKS,1.6733601070950468,0,,0.10279999999999999,0.015600000000000001,0.1837,0.5976,0,0,0,0,0,0,0,0,0,0,0,0,0
7618,2014,0,5.24,-4.32,1.16,0.72,0.0332319851555177,2.48,4.72,28.67,88.67,-0.021520836549518765,10.824822857981765,1.311585836650505,0.3333333333333333,0.125,34,VOKS,1.127777151234916,0,0.0,0.0524,-0.0432,0.2867,0.8867,0,0,0,0,0,0,0,0,0,0,0,0,0
7617,2015,0,15.1,0.02,1.17,0.73,0.07996454957076098,2.57,3.13,36.89,111.2,0.1042799527732495,13.60414161656858,1.5981427047305388,0.3333333333333333,0.3333333333333333,36,VOKS,0.8992805755395683,0,0.0,0.151,0.0002,0.3689,1.112,0,0,0,0,0,0,0,0,0,0,0,0,0
7616,2016,0,23.4,7.91,1.33,0.88,0.07844484182238415,3.04,3.55,24.23,60.42,0.2897232862697911,22.69135671891578,1.8198988046449163,0.3333333333333333,0.4,37,VOKS,1.6550810989738496,0,0.0,0.23399999999999999,0.0791,0.24230000000000002,0.6042000000000001,0,0,0,0,0,0,0,0,0,0,0,0,0
7615,2017,0,20.96,7.36,1.32,0.8,0.1224404253016302,2.98,3.26,22.94,59.46,0.21135136547136538,24.144273394361257,1.5925715331264947,0.5,0.0,37,VOKS,1.6818028927009754,0,0.0,0.2096,0.0736,0.22940000000000002,0.5946,0,0,0,0,0,0,0,0,0,0,0,0,0
7614,2018,0,16.47,3.93,1.28,0.9,0.15224835799363062,3.17,3.69,28.16,75.86,0.14385402414223147,15.118058024482924,1.3512256139615297,0.3333333333333333,0.0,38,VOKS,1.318217769575534,0,0.0,0.16469999999999999,0.0393,0.2816,0.7585999999999999,0,0,0,0,0,0,0,0,0,0,0,0,0
7613,2019,0,21.28,7.8,1.78,1.39,0.4902208477759265,2.85,3.99,36.69,100.11,0.1648603410643811,2.7515477160845623,1.5055198899762903,0.3333333333333333,0.0,40,VOKS,0.9989012086704624,0,0.0,0.21280000000000002,0.078,0.3669,1.0011,0,0,0,0,0,0,0,0,0,0,0,0,0
7612,2020,0,19.57,0.15,1.84,1.35,0.12039274413607082,1.83,2.75,36.16,94.8,0.07268295809103752,2.7855337389540336,0.8818484455855835,0.3333333333333333,0.3333333333333333,37,VOKS,1.0548523206751055,0,0.0,0.1957,0.0015,0.3616,0.948,0,0,0,0,0,0,0,0,0,0,0,0,0
7611,2021,0,5.46,-12.33,1.21,0.84,0.12831039232641364,1.84,2.61,42.08,134.4,-0.05501430228360764,5.084025935210911,0.8258248626008345,0.4,0.0,38,VOKS,0.744047619047619,0,0.0,0.0546,-0.1233,0.4208,1.344,0,0,0,0,0,0,0,0,0,0,0,0,0
7610,2022,0,4.6,-7.27,1.04,0.71,0.11044668891366063,3.06,3.95,32.46,120.35,-0.05020409294081432,7.573714525135092,0.8032706475879281,0.0,0.4,34,VOKS,0.8309098462816784,0,0.0,0.046,-0.0727,0.3246,1.2035,0,0,0,0,0,0,0,0,0,0,0,0,0
7609,2023,0,13.38,0.59,1.33,1.0,0.15997804890594233,3.17,4.85,37.85,134.92,0.07156038823688717,2.752266876825478,1.2423690670687757,0.3333333333333333,0.25,34,VOKS,0.7411799584939224,0,0.0,0.1338,0.0059,0.3785,1.3492,0,0,0,0,0,0,0,0,0,0,0,0,0
7643,2013,0,2.94,0.12,1.18,0.84,0.00892494546121859,7.88,12.33,0.868709711103298,6.616709570856311,-0.0021257120184918635,1.2154740534253252,2.0397471946368873,0.3333333333333333,0.0,32,WAPO,15.113252127682303,0,,0.0294,0.0012,0.00868709711103298,0.0661670957085631,0,0,0,0,0,0,0,0,0,0,0,0,0
7642,2014,0,3.31,0.14,1.38,0.59,0.024355986027677558,9.44,9.64,0.8609115449754089,6.1896693354110415,0.0008367841871290692,1.2163025129198426,2.194290395599312,0.5,0.0,34,WAPO,16.15595189033781,0,0.0,0.0331,0.0014000000000000002,0.008609115449754089,0.06189669335411042,0,0,0,0,0,0,0,0,0,0,0,0,0
7641,2015,0,5.46,0.31,1.59,0.45,0.05043855099563218,10.35,3.75,0.856355032722969,5.96160832472062,0.00517627619075751,1.219745944816793,1.817230979487938,0.3333333333333333,0.0,36,WAPO,16.77399697416155,0,0.0,0.0546,0.0031,0.00856355032722969,0.0596160832472062,0,0,0,0,0,0,0,0,0,0,0,0,0
7640,2016,0,3.81,-8.33,1.57,0.54,0.04274552697143951,14.52,4.14,0.9475606630992075,18.06965379619221,0.005731423690734392,1.0786292209018205,4.963042602415545,0.0,0.0,37,WAPO,5.53414033981508,0,0.0,0.0381,-0.0833,0.009475606630992076,0.1806965379619221,0,0,0,0,0,0,0,0,0,0,0,0,0
7639,2017,0,2.51,0.34,1.45,0.6,0.00477093071737088,15.13,6.39,0.38843285806874556,0.6351434395937655,0.02340508122522956,48.43963727229831,0.542491247568959,0.5,0.0,37,WAPO,157.44474990398936,0,0.0,0.025099999999999997,0.0034000000000000002,0.0038843285806874554,0.0063514343959376555,0,0,0,0,0,0,0,0,0,0,0,0,0
7638,2018,0,3.81,0.55,3.25,1.51,0.25902246488648745,19.73,9.9,0.14297408574832718,0.16682586065459584,0.3864651315586435,54.1967728585039,0.5684179108738348,0.375,0.0,38,WAPO,599.4274485239715,0,0.0,0.0381,0.0055000000000000005,0.0014297408574832718,0.0016682586065459584,0,0,0,0,0,0,0,0,0,0,0,0,0
7637,2019,0,2.24,-1.31,1.96,1.29,0.17540342662117311,11.51,11.27,0.2738288712072847,0.3770858690878205,-0.13569853649534042,262.9110872217214,1.141806630146956,0.5,0.0,40,WAPO,265.19158684440316,0,0.0,0.022400000000000003,-0.0131,0.002738288712072847,0.003770858690878205,0,0,0,0,0,0,0,0,0,0,1,0,1
7636,2020,0,0.76,-0.64,2.91,1.67,0.3760262355419454,9.81,11.61,0.17275771492265452,0.20883569183906264,-0.16050018512787595,131.08771159567107,1.079664817253924,0.3333333333333333,0.25,37,WAPO,478.84535023382927,0,0.0,0.0076,-0.0064,0.001727577149226545,0.0020883569183906265,0,0,0,0,0,0,0,0,0,0,0,0,0
7635,2021,0,1.32,-0.5,2.23,1.55,0.1917655319019786,12.74,17.32,0.2531344897623837,0.3389291462687152,-0.10825979807769605,90.90194258178187,3.0583427943175114,0.3333333333333333,0.125,38,WAPO,295.04691792046833,0,0.0,0.0132,-0.005,0.002531344897623837,0.0033892914626871516,0,0,0,0,0,0,0,0,0,0,0,0,0
7634,2022,0,0.78,-1.23,2.08,1.55,0.11592779835198638,9.64,21.39,0.27167073233006495,0.37300537593516825,-0.2248994371565644,99.73764378623376,4.368482948919494,0.4,0.0,34,WAPO,268.09265080774844,0,0.0,0.0078000000000000005,-0.0123,0.0027167073233006493,0.0037300537593516823,0,0,0,0,0,0,0,0,0,0,0,0,0
7633,2023,0,2.79,0.05,1.43,1.28,0.15136046666696953,8.24,35.69,0.45994779067260094,0.8516728248282455,-0.005912944040884816,93.98406133752405,1.5848535448702215,0.5,0.0,34,WAPO,117.41598074374009,0,0.0,0.0279,0.0005,0.00459947790672601,0.008516728248282455,0,0,0,0,0,0,0,0,0,0,0,0,0
7667,2013,0,10.27,-1.13,1.63,1.3,0.05792555978055048,11.52,18.84,0.49951386258670205,0.9980573391470521,-0.06944152245390392,7.640583200168573,2.004797811166136,0.5,0.3333333333333333,32,WICO,100.19464421298763,0,,0.1027,-0.0113,0.00499513862586702,0.00998057339147052,0,0,0,0,0,0,0,0,0,0,0,0,0
7666,2014,0,10.2,7.8,2.03,1.39,0.190744057107178,10.9,13.65,0.3940298220387851,0.6502462272392635,-0.05341213605649369,10.108520352548508,2.604424381253387,0.75,0.0,34,WICO,153.78789727787867,0,0.0,0.102,0.078,0.003940298220387851,0.006502462272392635,0,0,0,0,0,0,0,0,0,0,0,0,0
7665,2015,0,9.92,0.47,1.86,1.49,0.19126836214461804,10.65,15.18,0.41170053722056343,0.6998145727405037,0.05150190276322358,9.999630887066125,1.299356899304919,0.3333333333333333,0.2,36,WICO,142.89499518193188,0,0.0,0.0992,0.004699999999999999,0.004117005372205634,0.006998145727405037,0,0,0,0,0,0,0,0,0,0,0,0,0
7664,2016,0,8.46,0.38,1.83,1.4,0.21099469066037654,12.2,25.0,0.4368901510363553,0.7758524413563104,0.08490700821510419,7.717005097369152,1.2665225815535006,0.4,0.25,37,WICO,128.89048828045767,0,0.0,0.08460000000000001,0.0038,0.004368901510363553,0.007758524413563104,0,0,0,0,0,0,0,0,0,0,0,0,0
7663,2017,0,10.05,17.02,4.39,3.92,2.481987314887494,11.85,24.29,0.27837753872389814,0.38576617783157857,-0.19567209786509704,10.252133100406116,5.9477583786453065,0.16666666666666666,0.25,37,WICO,259.2243844758701,0,0.0,0.1005,0.1702,0.0027837753872389814,0.0038576617783157856,0,0,0,0,0,0,0,0,0,0,0,0,0
7662,2018,0,10.25,-2.18,4.06,3.48,1.9956767209377468,10.29,20.22,0.2808123163206823,0.3904576269772373,-0.26461746850186374,11.508906739938563,7.059579791049018,0.8,0.3333333333333333,38,WICO,256.10973660358223,0,0.0,0.1025,-0.0218,0.002808123163206823,0.0039045762697723727,0,0,0,0,0,0,0,0,0,0,0,0,0
7661,2019,0,8.72,-1.49,1.53,0.71,0.18203523701259755,12.12,8.66,0.6442715605833553,1.8111331261955392,-0.07496525298383272,10.104285441495636,7.061489511329485,0.3333333333333333,0.0,40,WICO,55.214052768202464,0,0.0,0.0872,-0.0149,0.006442715605833553,0.018111331261955393,0,0,0,0,0,0,0,0,0,0,0,0,0
7660,2020,0,8.21,-1.32,1.33,0.93,0.0506806526813616,10.78,10.81,0.6920534135933795,2.2473163988237044,-0.08775742256014546,10.27648484336059,6.983172252925513,0.42857142857142855,0.1111111111111111,37,WICO,44.49751715083031,0,0.0,0.0821,-0.0132,0.0069205341359337945,0.022473163988237045,0,0,0,0,0,0,0,0,0,0,0,0,0
7659,2021,0,7.93,-4.48,1.05,0.68,0.059807045173452276,7.61,12.88,0.847425591328823,5.554179096673838,-0.21320480003422332,6.285586648610549,14.454173527925532,0.4,0.0,38,WICO,18.004460832004092,0,0.0,0.0793,-0.044800000000000006,0.00847425591328823,0.055541790966738384,0,0,0,0,0,0,0,0,0,0,0,0,0
7658,2022,0,10.29,-8.51,0.88,0.58,0.024503560953856588,6.1,9.35,0.9608749463869861,24.55907040769855,-0.36723930580352165,2.771489216875134,82.64988836600618,0.5,0.5,34,WICO,4.071815355383033,0,0.0,0.10289999999999999,-0.0851,0.00960874946386986,0.2455907040769855,0,0,0,0,0,0,0,0,0,0,0,0,0
7657,2023,0,9.96,-7.8,0.77,0.49,0.0397041718481349,7.9,12.18,0.9821364010793177,54.97976110190233,-0.2914428298466698,1.9304995124802853,59.237541935976914,0.6666666666666666,0.0,34,WICO,1.818851118953661,0,0.0,0.09960000000000001,-0.078,0.009821364010793176,0.5497976110190232,0,0,0,0,0,0,0,0,0,0,0,0,0
7691,2013,0,29.57,8.33,2.43,0.74,0.44153384862321293,31.81,1.82,17.15,26.98,0.40254747425940635,21.21845514033415,1.8005998150188818,0.4,0.0,32,WIIM,3.7064492216456637,0,,0.2957,0.0833,0.17149999999999999,0.2698,0,0,0,0,0,0,0,0,0,0,0,0,0
7690,2014,0,29.12,6.78,2.27,0.56,0.2076411544151102,24.8,1.63,17.63,27.79,0.3334591116968794,18.376654486674248,1.5506096185656795,0.3333333333333333,0.25,34,WIIM,3.5984166966534725,0,0.0,0.2912,0.0678,0.17629999999999998,0.2779,0,0,0,0,0,0,0,0,0,0,0,0,0
7689,2015,0,30.44,7.13,2.89,0.66,0.3162290753663014,26.61,1.69,21.03,29.93,0.5030694407318755,17.473780777469056,0.9568052599534522,0.3333333333333333,0.0,36,WIIM,3.341129301703976,0,0.0,0.3044,0.0713,0.21030000000000001,0.2993,0,0,0,0,0,0,0,0,0,0,0,0,0
7688,2016,0,30.21,6.31,3.39,0.74,0.2632189316865894,26.37,1.53,15.76,21.52,0.370671971612857,15.399362017359893,0.9322476186850104,0.3333333333333333,0.14285714285714285,37,WIIM,4.646840148698884,0,0.0,0.30210000000000004,0.06309999999999999,0.1576,0.2152,0,0,0,0,0,0,0,0,0,0,0,0,0
7687,2017,0,29.31,2.75,5.36,1.2,0.44740224028983794,24.27,1.44,6.34,7.95,0.1783879025221812,12.264435735511313,0.6226037920516032,0.5,0.0,37,WIIM,12.578616352201257,0,0.0,0.29309999999999997,0.0275,0.0634,0.0795,0,0,0,0,0,0,0,0,0,0,0,0,0
7686,2018,0,31.42,3.64,5.92,1.57,0.6954508017288563,23.25,1.46,1.54,1.92,0.20846400969477927,11.038842274879446,0.2945397535919685,0.5,0.0,38,WIIM,52.083333333333336,0,0.0,0.31420000000000003,0.0364,0.0154,0.0192,0,0,0,0,0,0,0,0,0,0,0,0,0
7685,2019,0,30.97,1.96,6.02,2.51,1.7758409689159091,21.5,1.6,4.41,5.55,0.10755820971984652,10.486715623238203,0.34145261137852045,0.3333333333333333,0.0,40,WIIM,18.01801801801802,0,0.0,0.3097,0.0196,0.0441,0.0555,0,0,0,0,0,0,0,0,0,0,0,0,0
7684,2020,0,31.37,8.65,3.66,1.76,1.2210510725646997,23.98,2.24,1.68,2.28,0.4780110164040483,16.440903131744307,0.9562171181149512,0.3333333333333333,0.0,37,WIIM,43.85964912280702,0,0.0,0.31370000000000003,0.08650000000000001,0.0168,0.022799999999999997,0,0,0,0,0,0,0,0,0,0,0,0,0
7683,2021,0,23.83,6.47,2.93,1.36,0.9623570517875137,27.34,2.74,0.53,0.77,0.355840680801258,44.64908354519236,0.6817021288637556,0.0,0.25,38,WIIM,129.87012987012986,0,0.0,0.23829999999999998,0.0647,0.0053,0.0077,0,0,0,0,0,0,0,0,0,0,0,0,0
7682,2022,0,21.29,6.74,2.84,1.45,1.076284604290601,33.04,3.29,0.35,0.5,0.45898806423332333,240.70708338570827,0.8814019752943494,0.5,0.3333333333333333,34,WIIM,200.0,0,0.0,0.21289999999999998,0.0674,0.0034999999999999996,0.005,0,0,0,0,0,0,0,0,0,0,1,0,1
7681,2023,0,26.5,10.15,3.08,0.84,0.415996384131252,36.98,2.83,1.33,1.86,0.8449224562919654,180.97665125716347,2.017664111635579,0.2857142857142857,0.2,34,WIIM,53.76344086021505,0,0.0,0.265,0.1015,0.013300000000000001,0.018600000000000002,0,0,0,0,0,0,0,0,0,0,0,0,0
7715,2013,0,11.13,5.25,1.1,0.93,0.2105386544687222,3.08,8.93,14.39,56.15,0.10193715351092952,2.5592680803632213,3.006281074115021,0.42857142857142855,0.2,32,WIKA,1.7809439002671417,0,,0.11130000000000001,0.0525,0.1439,0.5615,0,0,0,0,0,0,0,0,0,0,0,0,0
7714,2014,0,11.43,5.97,1.12,1.01,0.28445363644862126,2.69,10.57,19.12,62.36,0.0935168368541147,2.9076481494512496,4.640204349226673,0.3333333333333333,0.0,34,WIKA,1.6035920461834507,0,0.0,0.1143,0.059699999999999996,0.1912,0.6236,0,0,0,0,0,0,0,0,0,0,0,0,0
7713,2015,0,12.15,5.16,1.19,1.08,0.2519708165503954,2.19,11.91,17.97,64.79,0.08652050203933664,2.524657043244062,2.985223359719408,0.3333333333333333,0.0,36,WIKA,1.543448062972681,0,0.0,0.1215,0.0516,0.1797,0.6479,0,0,0,0,0,0,0,0,0,0,0,0,0
7712,2016,0,13.99,7.73,1.59,1.37,0.629159433936152,1.91,6.29,21.51,52.95,0.08943930331758633,4.435088114532465,1.6618859346095518,0.42857142857142855,0.2,37,WIKA,1.8885741265344662,0,0.0,0.1399,0.07730000000000001,0.2151,0.5295000000000001,0,0,0,0,0,0,0,0,0,0,0,0,0
7711,2017,0,10.99,5.18,1.34,1.2,0.4374843918459044,2.05,6.64,19.73,61.61,0.07083488267337956,3.8823614143271805,0.950218102959433,0.3333333333333333,0.3333333333333333,37,WIKA,1.6231131309852298,0,0.0,0.1099,0.0518,0.1973,0.6161,0,0,0,0,0,0,0,0,0,0,0,0,0
7710,2018,0,11.57,6.65,1.62,1.41,0.49668822977128313,1.63,5.61,22.96,78.99,0.06633813003596171,2.2508643233703336,0.8623292629715593,0.6666666666666666,0.2,38,WIKA,1.26598303582732,0,0.0,0.1157,0.0665,0.2296,0.7898999999999999,0,0,0,0,0,0,0,0,0,0,0,0,0
7709,2019,0,12.79,9.63,1.39,1.17,0.3409199168456489,1.26,3.7,24.28,78.48,0.07143632065111505,2.531664116671655,0.9289368894934259,0.3333333333333333,0.25,40,WIKA,1.27420998980632,0,0.0,0.12789999999999999,0.09630000000000001,0.24280000000000002,0.7848,0,0,0,0,0,0,0,0,0,0,0,0,0
7708,2020,0,9.22,1.95,1.09,0.86,0.33817926937552484,0.81,1.8,38.58,157.75,0.024525128304987657,3.3009939727008595,1.0689139166183914,0.5,0.0,37,WIKA,0.6339144215530904,0,0.0,0.0922,0.0195,0.3858,1.5775,0,0,0,0,0,0,0,0,0,0,0,0,0
7707,2021,0,9.51,1.2,1.01,0.71,0.188908596267799,1.02,1.55,40.98,163.09,0.020168859255239972,2.1638012780371585,0.5684973952962671,0.3333333333333333,0.42857142857142855,38,WIKA,0.6131583788092464,0,0.0,0.0951,0.012,0.40979999999999994,1.6309,0,0,0,0,0,0,0,0,0,0,0,0,0
7706,2022,0,10.25,0.06,1.1,0.77,0.15690164993606437,1.29,1.68,44.5,190.95,0.017770689604372204,1.8158738787975406,0.4102141723180837,0.3333333333333333,0.0,34,WIKA,0.5236973029588897,0,0.0,0.1025,0.0006,0.445,1.9095,0,0,0,0,0,0,0,0,0,0,0,0,0
7705,2023,0,8.27,-34.73,0.8,0.5,0.08411287774487235,1.5,1.76,55.94,385.63,-0.06905182427179102,1.5325749883792845,0.36670147656602264,0.5,0.3333333333333333,34,WIKA,0.2593159245909291,0,0.0,0.0827,-0.34729999999999994,0.5594,3.8563,0,0,0,0,0,0,0,0,0,0,0,0,0
7739,2013,0,31.86,19.56,1.1868900948799577,0.37089457521624664,0.35205083694066025,2.673824823882982,135.24208518700593,30.21,64.88,0.17361232778077498,2.2463372041298264,0.9190808405288173,0.5,0.0,32,WINS,1.5413070283600494,0,,0.3186,0.1956,0.30210000000000004,0.6487999999999999,0,0,0,0,0,0,0,0,0,0,0,0,0
7738,2014,0,32.79,17.21,1.23297212250236,0.47211423175930856,0.44996259850537496,3.3016140347869,142.18722355223193,30.97,58.94,0.1800510765121469,2.5455835129609303,1.0145953471280007,0.5,0.0,34,WINS,1.6966406515100103,0,0.0,0.32789999999999997,0.1721,0.3097,0.5893999999999999,0,0,0,0,0,0,0,0,0,0,0,0,0
7737,2015,0,12.82,-9.76,0.7509029786247701,0.31881039260419364,0.29841108895566654,4.042789875229265,93.50469968793573,28.45,49.95,0.0011760458905784605,2.862483116972018,0.1928082214692607,0.4,0.6666666666666666,36,WINS,2.0020020020020017,0,0.0,0.1282,-0.09759999999999999,0.2845,0.49950000000000006,0,0,0,0,0,0,0,0,0,0,0,0,0
7736,2016,0,15.27,-25.74,0.8858385606277839,0.3847958636812704,0.34681133873830394,3.507125705939054,48.26137653074483,26.82,46.48,0.022801757475662158,2.9343891467166308,0.28482552790476834,0.3333333333333333,0.0,37,WINS,2.1514629948364887,0,0.0,0.1527,-0.25739999999999996,0.2682,0.4648,0,0,0,0,0,0,0,0,0,0,0,0,0
7735,2017,0,4.0,-64.33,0.6483302253104594,0.19676515675823386,0.1464815354768853,2.7595514999459487,25.38713189348917,26.09,43.86,-0.057217959030487396,3.2845864493842862,0.4346662659797368,0.4,0.0,37,WINS,2.279981760145919,0,0.0,0.04,-0.6433,0.2609,0.4386,0,0,0,0,0,0,0,0,0,0,0,0,0
7734,2018,0,1.53,-57.46,0.6168959390219833,0.2004375455507307,0.17385527531395148,2.6908689205083656,45.76700885838892,22.95,36.88,-0.09353730287498295,4.534557655814751,0.37424653784077566,0.6666666666666666,0.0,38,WINS,2.7114967462039044,0,0.0,0.015300000000000001,-0.5746,0.22949999999999998,0.3688,0,0,0,0,0,0,0,0,0,0,0,0,0
7733,2019,0,-2.27,-30.03,0.5887343197489172,0.16788100202543818,0.1522331003118658,2.2478646292497317,64.3399043824344,22.02,35.13,-0.10959471945136562,5.831140644681429,0.23562224667121104,0.3333333333333333,0.125,40,WINS,2.846569883290635,0,0.0,-0.0227,-0.3003,0.2202,0.3513,0,0,0,0,0,0,0,0,0,0,0,0,0
7732,2020,0,2.6,-34.43,1.2592040312628547,0.6293062221626774,0.33652867141843745,1.9962800370620435,55.82310227018657,20.93,32.83,-0.07309680335657047,4.173145020859261,0.2302922773086729,0.5,0.0,37,WINS,3.045994517209869,0,0.0,0.026000000000000002,-0.3443,0.20929999999999999,0.3283,0,0,0,0,0,0,0,0,0,0,0,0,0
7731,2021,0,14.17,0.31,2.2089201454978338,1.0216877284794292,0.9572837504948457,1.8479188514465483,34.064808310162455,13.2,16.81,0.0004489435556129772,7.752347107089341,0.3799304623916489,0.3333333333333333,0.2,38,WINS,5.94883997620464,0,0.0,0.1417,0.0031,0.132,0.1681,0,0,0,0,0,0,0,0,0,0,0,0,0
7730,2022,0,18.42,1.41,2.560017992979291,0.8411821604203314,0.6935209402412061,2.149320222147395,25.018949511377013,9.09,11.06,0.145858133184545,9.602383383465787,0.5866830026023809,0.3333333333333333,0.0,34,WINS,9.041591320072332,0,0.0,0.18420000000000003,0.0141,0.0909,0.1106,0,0,0,0,0,0,0,0,0,0,0,0,0
7729,2023,0,20.7,9.14,2.141161800005225,0.860876544582016,0.68237719124911,2.77374394163779,19.894657341059343,7.07,8.5,0.24462376196464047,13.782415882074192,0.7003246652327454,0.3333333333333333,0.3333333333333333,34,WINS,11.76470588235294,0,0.0,0.207,0.09140000000000001,0.0707,0.085,0,0,0,0,0,0,0,0,0,0,0,0,0
7763,2013,0,9.4,3.8,1.43,1.38,0.21078694654543567,1.87,24.9,18.47,68.09,0.08701658790327618,3.4377332631341666,1.8416514421017247,0.625,0.375,32,WSKT,1.46864444118079,0,,0.094,0.038,0.18469999999999998,0.6809000000000001,0,0,0,0,0,0,0,0,0,0,0,0,0
7762,2014,0,10.78,4.87,1.36,1.28,0.24256239116182327,1.59,20.47,25.22,111.02,0.07245089401450353,2.449743472490382,5.647825034931183,0.25,0.0,34,WSKT,0.9007386056566385,0,0.0,0.10779999999999999,0.0487,0.2522,1.1101999999999999,0,0,0,0,0,0,0,0,0,0,0,0,0
7761,2015,0,13.58,7.4,1.16,1.1,0.4114108685337617,1.88,17.1,27.38,85.5,0.07518246146589537,2.3982820239460074,2.628119141098834,0.4,0.0,36,WSKT,1.1695906432748537,0,0.0,0.1358,0.07400000000000001,0.2738,0.855,0,0,0,0,0,0,0,0,0,0,0,0,0
7760,2016,0,16.68,7.62,1.27,1.19,0.34106080644639025,1.56,11.72,41.09,150.48,0.07351881522003767,2.253965552556634,2.3219416995489217,0.5,0.3333333333333333,37,WSKT,0.6645401382243488,0,0.0,0.1668,0.0762,0.41090000000000004,1.5048,0,0,0,0,0,0,0,0,0,0,0,0,0
7759,2017,0,20.93,9.29,1.0,0.94,0.11674020125791461,1.46,12.34,44.84,192.93,0.1015031186637496,1.9966312962682158,1.4833802549390707,0.6666666666666666,0.0,37,WSKT,0.5183227077178251,0,0.0,0.20929999999999999,0.0929,0.4484,1.9293,0,0,0,0,0,0,0,0,0,0,0,0,0
7758,2018,0,18.17,9.47,1.18,1.09,0.1913258512660702,1.13,9.59,51.97,223.78,0.0921057120873881,1.7463458070681055,0.8882604386364152,0.5,0.0,38,WSKT,0.4468674591116275,0,0.0,0.18170000000000003,0.0947,0.5196999999999999,2.2378,0,0,0,0,0,0,0,0,0,0,0,0,0
7757,2019,0,17.86,3.28,1.09,0.99,0.20611210966032004,0.8,5.39,57.83,243.45,0.05349859677677092,1.6010339519633299,0.7789205808074596,0.3333333333333333,0.5,40,WSKT,0.4107619634421853,0,0.0,0.17859999999999998,0.032799999999999996,0.5783,2.4345,0,0,0,0,0,0,0,0,0,0,0,0,0
7756,2020,0,6.51,-57.37,0.59,0.51,0.029990721183337083,0.62,3.65,64.54,569.02,-0.043533410136795625,1.280306744378688,1.9243562636715583,0.3333333333333333,0.0,37,WSKT,0.1757407472496573,0,0.0,0.06509999999999999,-0.5737,0.6454000000000001,5.6902,0,0,0,0,0,0,0,0,0,0,0,0,0
7755,2021,0,15.53,-15.04,1.57,1.41,0.48597373551249534,0.59,2.52,65.51,438.97,0.007643496409570533,1.2537214364582603,1.1830935830259905,0.5,0.25,38,WSKT,0.22780600041005078,0,0.0,0.1553,-0.15039999999999998,0.6551,4.3897,0,0,0,0,0,0,0,0,0,0,0,0,0
7754,2022,0,9.47,-10.93,1.58,1.38,0.10630395226729772,0.78,3.21,65.83,453.99,0.00994956685701749,1.2266241819668136,0.7280224700066456,0.3333333333333333,0.3333333333333333,34,WSKT,0.22026916892442563,0,0.0,0.0947,-0.1093,0.6583,4.5399,0,0,0,0,0,0,0,0,0,0,0,0,0
7753,2023,0,6.98,-36.68,0.99,0.81,0.06000616583995033,0.79,2.4,68.01,560.39,0.001652432117713083,1.1897037441505192,0.5015704196448589,0.5,0.6666666666666666,34,WSKT,0.1784471528756759,0,0.0,0.0698,-0.3668,0.6801,5.603899999999999,0,0,0,0,0,0,0,0,0,0,0,0,0
7787,2013,0,11.37,1.42,1.18,0.87,0.011561550623944636,6.78,4.11,29.98,107.75,0.061288015146053074,2.8751177907804344,2.58109286675002,0.4,0.2,32,YPAS,0.9280742459396752,0,,0.1137,0.014199999999999999,0.2998,1.0775,0,0,0,0,0,0,0,0,0,0,0,0,0
7786,2014,0,6.07,-2.11,1.38,0.68,0.013269531551062542,7.17,4.54,40.84,81.54,0.025721584923745648,3.442872190015815,2.078203563979597,0.3333333333333333,0.5,34,YPAS,1.226391954868776,0,0.0,0.060700000000000004,-0.021099999999999997,0.40840000000000004,0.8154,0,0,0,0,0,0,0,0,0,0,0,0,0
7785,2015,0,7.83,-3.56,1.22,0.65,0.055047146401327275,5.22,4.42,36.49,67.73,0.004388482896735999,4.4422210970639755,3.5532032855301776,0.8,0.0,36,YPAS,1.4764506127270043,0,0.0,0.0783,-0.0356,0.3649,0.6773,0,0,0,0,0,0,0,0,0,0,0,0,0
7784,2016,0,7.22,-3.93,0.97,0.46,0.0056038024020533764,5.99,4.66,41.07,81.06,-0.0031267949648304,9.377569173464172,3.9515097670234245,0.3333333333333333,0.0,37,YPAS,1.233654083395016,0,0.0,0.0722,-0.0393,0.4107,0.8106,0,0,0,0,0,0,0,0,0,0,0,0,0
7783,2017,0,5.85,-4.79,0.89,0.55,0.0075880309389702826,4.69,4.75,48.37,115.53,-0.0154001966700858,13.610752911002693,5.0720329177092465,0.3333333333333333,0.0,37,YPAS,0.8655760408551891,0,0.0,0.058499999999999996,-0.0479,0.48369999999999996,1.1553,0,0,0,0,0,0,0,0,0,0,0,0,0
7782,2018,0,7.28,-2.19,1.03,0.63,0.007286326642513556,4.37,5.82,47.64,133.43,0.019059812496648752,5.125607063787648,4.409961896012174,0.3333333333333333,0.0,38,YPAS,0.7494566439331485,0,0.0,0.0728,-0.0219,0.4764,1.3343,0,0,0,0,0,0,0,0,0,0,0,0,0
7781,2019,0,10.12,0.9,1.56,1.02,0.05007716209213407,3.97,5.61,26.08,59.79,0.09345378269407216,2.9380737822561813,3.0276282601968023,0.3333333333333333,0.0,40,YPAS,1.6725204883759826,0,0.0,0.1012,0.009000000000000001,0.2608,0.5979,0,0,0,0,0,0,0,0,0,0,0,0,0
7780,2020,0,12.42,2.75,1.75,1.09,0.013924926951770718,3.5,4.79,27.31,57.35,0.12024851381970167,3.475989149173299,2.1877217109215166,0.5,0.25,37,YPAS,1.7436791630340016,0,0.0,0.1242,0.0275,0.2731,0.5735,0,0,0,0,0,0,0,0,0,0,0,0,0
7779,2021,0,5.74,-2.8,1.76,1.02,0.009063811660945277,4.12,5.25,23.2,49.1,-0.029580028272691468,3.326798805182153,4.379857883400062,0.5,0.0,38,YPAS,2.0366598778004072,0,0.0,0.0574,-0.027999999999999997,0.23199999999999998,0.491,0,0,0,0,0,0,0,0,0,0,0,0,0
7778,2022,0,7.3,-0.37,1.44,0.88,0.0039423938007647754,4.24,5.49,32.17,77.46,-0.0018899059697692062,3.2911831708115944,3.4883239098168937,0.3333333333333333,0.0,34,YPAS,1.2909888974954815,0,0.0,0.073,-0.0037,0.32170000000000004,0.7746,0,0,0,0,0,0,0,0,0,0,0,0,0
7777,2023,0,11.07,2.37,1.72,1.03,0.021253681063862436,3.66,4.73,25.48,54.68,0.08530163981969849,3.3868565596360365,2.226469411322586,0.375,0.0,34,YPAS,1.82882223847842,0,0.0,0.1107,0.023700000000000002,0.2548,0.5468,0,0,0,0,0,0,0,0,0,0,0,0,0
